<?xml version="1.0" encoding="UTF-8"?><rss version="2.0"
	xmlns:content="http://purl.org/rss/1.0/modules/content/"
	xmlns:wfw="http://wellformedweb.org/CommentAPI/"
	xmlns:dc="http://purl.org/dc/elements/1.1/"
	xmlns:atom="http://www.w3.org/2005/Atom"
	xmlns:sy="http://purl.org/rss/1.0/modules/syndication/"
	xmlns:slash="http://purl.org/rss/1.0/modules/slash/"
	>

<channel>
	<title>Reality king &#8211; Yamyhub</title>
	<atom:link href="https://www.yamyhub.com/categories/reality-king/feed/" rel="self" type="application/rss+xml" />
	<link>https://www.yamyhub.com</link>
	<description>Watch latest free HD Full length Porn video. Big ass, Big cock, MILF, Lesbian, Step sister and Step mother Porn videos. Yamyhub porn videos.</description>
	<lastBuildDate>Thu, 24 Jun 2021 05:03:29 +0000</lastBuildDate>
	<language>en-US</language>
	<sy:updatePeriod>
	hourly	</sy:updatePeriod>
	<sy:updateFrequency>
	1	</sy:updateFrequency>
	<generator>https://wordpress.org/?v=5.7.2</generator>

<image>
	<url>https://www.yamyhub.com/wp-content/uploads/2021/06/favicon.png</url>
	<title>Reality king &#8211; Yamyhub</title>
	<link>https://www.yamyhub.com</link>
	<width>32</width>
	<height>32</height>
</image> 
	<item>
		<title>Big ass Nicolette shea Fucked hardcore by big dick realityking</title>
		<link>https://www.yamyhub.com/video/big-ass-nicolette-shea-fucked-hardcore-by-big-dick-realityking/</link>
		
		<dc:creator><![CDATA[yamyhub]]></dc:creator>
		<pubDate>Thu, 24 Jun 2021 02:59:29 +0000</pubDate>
				<guid isPermaLink="false">https://www.yamyhub.com/?post_type=video&#038;p=3464</guid>

					<description><![CDATA[<p>Big ass Nicolette shea Fucked hardcore by big dick realityking big ass porn big butt big dick big cock big boobs big tits porn video nicolette shea porn video nicolette shea fucked hardcore outdoor porn outdoor fucked hardcore.</p>
<p>The post <a rel="nofollow" href="https://www.yamyhub.com/video/big-ass-nicolette-shea-fucked-hardcore-by-big-dick-realityking/">Big ass Nicolette shea Fucked hardcore by big dick realityking</a> appeared first on <a rel="nofollow" href="https://www.yamyhub.com">Yamyhub</a>.</p>
]]></description>
										<content:encoded><![CDATA[<h2>Big ass Nicolette shea Fucked hardcore by big dick realityking</h2>
<p>big ass porn big butt big dick big cock big boobs big tits porn video nicolette shea porn video nicolette shea fucked hardcore outdoor porn outdoor fucked hardcore.</p>
<p>The post <a rel="nofollow" href="https://www.yamyhub.com/video/big-ass-nicolette-shea-fucked-hardcore-by-big-dick-realityking/">Big ass Nicolette shea Fucked hardcore by big dick realityking</a> appeared first on <a rel="nofollow" href="https://www.yamyhub.com">Yamyhub</a>.</p>
]]></content:encoded>
					
		
		
			</item>
		<item>
		<title>Blonde babe Abella danger &#038; Brunette Karlee Gray Finger each other</title>
		<link>https://www.yamyhub.com/video/blonde-babe-abella-danger-brunette-karlee-gray-finger-each-other/</link>
		
		<dc:creator><![CDATA[yamyhub]]></dc:creator>
		<pubDate>Mon, 14 Jun 2021 17:54:59 +0000</pubDate>
				<guid isPermaLink="false">https://www.yamyhub.com/?post_type=video&#038;p=3348</guid>

					<description><![CDATA[<p>Blonde babe Abella danger &#38; Brunette Karlee Gray Finger each other Blonde hair big ass baby Abella danger and brunette hair karlee gray finfer each other lesbian porn videos/ porn videos hd. lesbian porn video. blonde porn. Abella danger porn videos. karlee gray porn.</p>
<p>The post <a rel="nofollow" href="https://www.yamyhub.com/video/blonde-babe-abella-danger-brunette-karlee-gray-finger-each-other/">Blonde babe Abella danger &#038; Brunette Karlee Gray Finger each other</a> appeared first on <a rel="nofollow" href="https://www.yamyhub.com">Yamyhub</a>.</p>
]]></description>
										<content:encoded><![CDATA[<h1>Blonde babe Abella danger &amp; Brunette Karlee Gray Finger each other</h1>
<p>Blonde hair big ass baby Abella danger and brunette hair karlee gray finfer each other lesbian porn videos/ porn videos hd. lesbian porn video. blonde porn.</p>
<p>Abella danger porn videos. karlee gray porn.</p>
<p>The post <a rel="nofollow" href="https://www.yamyhub.com/video/blonde-babe-abella-danger-brunette-karlee-gray-finger-each-other/">Blonde babe Abella danger &#038; Brunette Karlee Gray Finger each other</a> appeared first on <a rel="nofollow" href="https://www.yamyhub.com">Yamyhub</a>.</p>
]]></content:encoded>
					
		
		
			</item>
	</channel>
</rss>
