4689
<?xml version="1.0" encoding="UTF-8"?><rss version="2.0"
	xmlns:content="http://purl.org/rss/1.0/modules/content/"
	xmlns:wfw="http://wellformedweb.org/CommentAPI/"
	xmlns:dc="http://purl.org/dc/elements/1.1/"
	xmlns:atom="http://www.w3.org/2005/Atom"
	xmlns:sy="http://purl.org/rss/1.0/modules/syndication/"
	xmlns:slash="http://purl.org/rss/1.0/modules/slash/"
	>

<channel>
	<title>Eporner &#8211; Yamyhub</title>
	<atom:link href="https://www.yamyhub.com/categories/eporner/feed/" rel="self" type="application/rss+xml" />
	<link>https://www.yamyhub.com</link>
	<description>Watch latest free HD Full length Porn video. Big ass, Big cock, MILF, Lesbian, Step sister and Step mother Porn videos. Yamyhub porn videos.</description>
	<lastBuildDate>Fri, 16 Jul 2021 12:55:58 +0000</lastBuildDate>
	<language>en-US</language>
	<sy:updatePeriod>
	hourly	</sy:updatePeriod>
	<sy:updateFrequency>
	1	</sy:updateFrequency>
	<generator>https://wordpress.org/?v=5.7.2</generator>

<image>
	<url>https://www.yamyhub.com/wp-content/uploads/2021/06/favicon.png</url>
	<title>Eporner &#8211; Yamyhub</title>
	<link>https://www.yamyhub.com</link>
	<width>32</width>
	<height>32</height>
</image> 
	<item>
		<title>big tits big butt Angela white Fuck Manuel Ferrara Dick</title>
		<link>https://www.yamyhub.com/video/big-tits-big-butt-angela-white-fuck-manuel-ferrara-dick/</link>
		
		<dc:creator><![CDATA[yamyhub]]></dc:creator>
		<pubDate>Fri, 16 Jul 2021 12:55:58 +0000</pubDate>
				<guid isPermaLink="false">https://www.yamyhub.com/?post_type=video&#038;p=3710</guid>

					<description><![CDATA[<p>big tits big butt Angela white Fuck Manuel Ferrara Dick Angela white &#38; Manuel Ferrara porn video Big tits big butt mature Girl Angela white Fuck Manuel Ferrara Big dick fuck pussy porn yamyhub big tits mature women porn video Angela white porn video latest Angela white porn video Manuel Ferrara fuck Angela white Manuel [&#8230;]</p>
<p>The post <a rel="nofollow" href="https://www.yamyhub.com/video/big-tits-big-butt-angela-white-fuck-manuel-ferrara-dick/">big tits big butt Angela white Fuck Manuel Ferrara Dick</a> appeared first on <a rel="nofollow" href="https://www.yamyhub.com">Yamyhub</a>.</p>
]]></description>
										<content:encoded><![CDATA[<h2>big tits big butt Angela white Fuck Manuel Ferrara Dick</h2>
<p>Angela white &amp; Manuel Ferrara porn video Big tits big butt mature Girl Angela white Fuck Manuel Ferrara Big dick fuck pussy porn yamyhub big tits mature women porn video Angela white porn video latest Angela white porn video Manuel Ferrara fuck Angela white Manuel Ferrara porn video big butt porn video big tits porn video Eporner video xhamster video.</p>
<p>The post <a rel="nofollow" href="https://www.yamyhub.com/video/big-tits-big-butt-angela-white-fuck-manuel-ferrara-dick/">big tits big butt Angela white Fuck Manuel Ferrara Dick</a> appeared first on <a rel="nofollow" href="https://www.yamyhub.com">Yamyhub</a>.</p>
]]></content:encoded>
					
		
		
			</item>
		<item>
		<title>Blonde lesbian sex with finger Riley Steele &#038; Kayden Cross</title>
		<link>https://www.yamyhub.com/video/blonde-lesbian-sex-with-finger-kayden-cross-riley-steele/</link>
		
		<dc:creator><![CDATA[yamyhub]]></dc:creator>
		<pubDate>Wed, 07 Jul 2021 03:45:48 +0000</pubDate>
				<guid isPermaLink="false">https://www.yamyhub.com/?post_type=video&#038;p=3552</guid>

					<description><![CDATA[<p>Blonde lesbian sex with finger Riley Steele &#38; Kayden Cross Deeper blonde lesbian porn video Blonde teen lesbian Riley Steele and Kayden Cross sex with finger each other lesbian porn videos yamyhub Kayden Cross lesbian porn video Riley Steele lesbian porn video blonde lesbian deeper porn video Fingering each pusssy</p>
<p>The post <a rel="nofollow" href="https://www.yamyhub.com/video/blonde-lesbian-sex-with-finger-kayden-cross-riley-steele/">Blonde lesbian sex with finger Riley Steele &#038; Kayden Cross</a> appeared first on <a rel="nofollow" href="https://www.yamyhub.com">Yamyhub</a>.</p>
]]></description>
										<content:encoded><![CDATA[<h2>Blonde lesbian sex with finger Riley Steele &amp; Kayden Cross</h2>
<p>Deeper blonde lesbian porn video Blonde teen lesbian Riley Steele and Kayden Cross sex with finger each other lesbian porn videos yamyhub Kayden Cross lesbian porn video Riley Steele lesbian porn video blonde lesbian deeper porn video Fingering each pusssy</p>
<p>The post <a rel="nofollow" href="https://www.yamyhub.com/video/blonde-lesbian-sex-with-finger-kayden-cross-riley-steele/">Blonde lesbian sex with finger Riley Steele &#038; Kayden Cross</a> appeared first on <a rel="nofollow" href="https://www.yamyhub.com">Yamyhub</a>.</p>
]]></content:encoded>
					
		
		
			</item>
		<item>
		<title>Yoga instructor Natasha nice Fuck from client Brazzers</title>
		<link>https://www.yamyhub.com/video/yoga-instructor-natasha-nice-fuck-from-client-brazzers/</link>
		
		<dc:creator><![CDATA[yamyhub]]></dc:creator>
		<pubDate>Mon, 05 Jul 2021 01:29:57 +0000</pubDate>
				<guid isPermaLink="false">https://www.yamyhub.com/?post_type=video&#038;p=3531</guid>

					<description><![CDATA[<p>Yoga instructor Natasha nice Fuck from client Brazzers Brazzers Porn video Big tits big butt Yoga instructor Natasha nice Fuck hardcore from client Brazzers yoga pant yamyhub yoga pant porn video yoga latest video natasha nice porn natasha fuck hardcore from client natasha nice fuck</p>
<p>The post <a rel="nofollow" href="https://www.yamyhub.com/video/yoga-instructor-natasha-nice-fuck-from-client-brazzers/">Yoga instructor Natasha nice Fuck from client Brazzers</a> appeared first on <a rel="nofollow" href="https://www.yamyhub.com">Yamyhub</a>.</p>
]]></description>
										<content:encoded><![CDATA[<h2>Yoga instructor Natasha nice Fuck from client Brazzers</h2>
<p>Brazzers Porn video Big tits big butt Yoga instructor Natasha nice Fuck hardcore from client Brazzers yoga pant yamyhub yoga pant porn video yoga latest video natasha nice porn natasha fuck hardcore from client natasha nice fuck</p>
<p>The post <a rel="nofollow" href="https://www.yamyhub.com/video/yoga-instructor-natasha-nice-fuck-from-client-brazzers/">Yoga instructor Natasha nice Fuck from client Brazzers</a> appeared first on <a rel="nofollow" href="https://www.yamyhub.com">Yamyhub</a>.</p>
]]></content:encoded>
					
		
		
			</item>
		<item>
		<title>Two Black cock Pound Natasha nice In ass and pussy DP</title>
		<link>https://www.yamyhub.com/video/two-black-cock-pound-natasha-nice-in-ass-and-pussy-dp/</link>
		
		<dc:creator><![CDATA[yamyhub]]></dc:creator>
		<pubDate>Sun, 04 Jul 2021 12:38:49 +0000</pubDate>
				<guid isPermaLink="false">https://www.yamyhub.com/?post_type=video&#038;p=3529</guid>

					<description><![CDATA[<p>Two Black cock Pound Natasha nice In ass and pussy DP Double penetration porn video Busty blonde big ass big tits teen Natasha nice two black cock Interracial in ass and pussy yamyhub interracial porn videos interracial double penetration porn video double penetration anal porn video anal double penetration slut blonde big ass big tits [&#8230;]</p>
<p>The post <a rel="nofollow" href="https://www.yamyhub.com/video/two-black-cock-pound-natasha-nice-in-ass-and-pussy-dp/">Two Black cock Pound Natasha nice In ass and pussy DP</a> appeared first on <a rel="nofollow" href="https://www.yamyhub.com">Yamyhub</a>.</p>
]]></description>
										<content:encoded><![CDATA[<h2>Two Black cock Pound Natasha nice In ass and pussy DP</h2>
<p>Double penetration porn video Busty blonde big ass big tits teen Natasha nice two black cock Interracial in ass and pussy yamyhub interracial porn videos interracial double penetration porn video double penetration anal porn video anal double penetration slut blonde big ass big tits black cock interracial anal</p>
<p>The post <a rel="nofollow" href="https://www.yamyhub.com/video/two-black-cock-pound-natasha-nice-in-ass-and-pussy-dp/">Two Black cock Pound Natasha nice In ass and pussy DP</a> appeared first on <a rel="nofollow" href="https://www.yamyhub.com">Yamyhub</a>.</p>
]]></content:encoded>
					
		
		
			</item>
		<item>
		<title>Big boobs &#038; big ass teacher Natasha nice fuck naughtyamerica</title>
		<link>https://www.yamyhub.com/video/big-boobs-big-ass-teacher-natasha-nice-fuck-naughtyamerica/</link>
		
		<dc:creator><![CDATA[yamyhub]]></dc:creator>
		<pubDate>Sun, 04 Jul 2021 02:49:49 +0000</pubDate>
				<guid isPermaLink="false">https://www.yamyhub.com/?post_type=video&#038;p=3520</guid>

					<description><![CDATA[<p>Big boobs &#38; big ass teacher Natasha nice fuck naughty America Naughty America school teacher porn video Big ass big boobs school teacher Natasha nice fuck from student during class yamyhub porn school teacher porn video Natasha nice porn video Natasha nice fuck from student Natasha nice fuck in school</p>
<p>The post <a rel="nofollow" href="https://www.yamyhub.com/video/big-boobs-big-ass-teacher-natasha-nice-fuck-naughtyamerica/">Big boobs &#038; big ass teacher Natasha nice fuck naughtyamerica</a> appeared first on <a rel="nofollow" href="https://www.yamyhub.com">Yamyhub</a>.</p>
]]></description>
										<content:encoded><![CDATA[<h2>Big boobs &amp; big ass teacher Natasha nice fuck naughty America</h2>
<p>Naughty America school teacher porn video Big ass big boobs school teacher Natasha nice fuck from student during class yamyhub porn school teacher porn video Natasha nice porn video Natasha nice fuck from student Natasha nice fuck in school</p>
<p>The post <a rel="nofollow" href="https://www.yamyhub.com/video/big-boobs-big-ass-teacher-natasha-nice-fuck-naughtyamerica/">Big boobs &#038; big ass teacher Natasha nice fuck naughtyamerica</a> appeared first on <a rel="nofollow" href="https://www.yamyhub.com">Yamyhub</a>.</p>
]]></content:encoded>
					
		
		
			</item>
		<item>
		<title>Plumber Fuck natural boobs blonde Natasha nice Naughtyamerica</title>
		<link>https://www.yamyhub.com/video/plumber-fuck-natural-boobs-blonde-natasha-nice-naughtyamerica/</link>
		
		<dc:creator><![CDATA[yamyhub]]></dc:creator>
		<pubDate>Sat, 03 Jul 2021 13:51:29 +0000</pubDate>
				<guid isPermaLink="false">https://www.yamyhub.com/?post_type=video&#038;p=3511</guid>

					<description><![CDATA[<p>Plumber Fuck natural boobs blonde Natasha nice Naughtyamerica Natural boobs Blonde Girl Porn video Plumber boy fuck natural big boobs girl Natasha Nice Naughtyamerica porn videos yamyhub porn naughtyamerica porn video blonde girl porn video big boobs porn video Natasha nice porn video Natasha nice big boobs</p>
<p>The post <a rel="nofollow" href="https://www.yamyhub.com/video/plumber-fuck-natural-boobs-blonde-natasha-nice-naughtyamerica/">Plumber Fuck natural boobs blonde Natasha nice Naughtyamerica</a> appeared first on <a rel="nofollow" href="https://www.yamyhub.com">Yamyhub</a>.</p>
]]></description>
										<content:encoded><![CDATA[<h2>Plumber Fuck natural boobs blonde Natasha nice Naughtyamerica</h2>
<p>Natural boobs Blonde Girl Porn video Plumber boy fuck natural big boobs girl Natasha Nice Naughtyamerica porn videos yamyhub porn naughtyamerica porn video blonde girl porn video big boobs porn video Natasha nice porn video Natasha nice big boobs</p>
<p>The post <a rel="nofollow" href="https://www.yamyhub.com/video/plumber-fuck-natural-boobs-blonde-natasha-nice-naughtyamerica/">Plumber Fuck natural boobs blonde Natasha nice Naughtyamerica</a> appeared first on <a rel="nofollow" href="https://www.yamyhub.com">Yamyhub</a>.</p>
]]></content:encoded>
					
		
		
			</item>
		<item>
		<title>MILF Natasha nice Fuck Interracial black cock Bangbros</title>
		<link>https://www.yamyhub.com/video/milf-natasha-nice-fuck-interracial-black-cock-bangbros/</link>
		
		<dc:creator><![CDATA[yamyhub]]></dc:creator>
		<pubDate>Sat, 03 Jul 2021 05:35:48 +0000</pubDate>
				<guid isPermaLink="false">https://www.yamyhub.com/?post_type=video&#038;p=3509</guid>

					<description><![CDATA[<p>MILF Natasha nice Fuck Interracial black cock Bangbros bangbros Big Black cock porn video MILF Natasha nice Fuck Interracial by Big black cock bangbros porn videos yamyhub porn video BBC porn video big black cock porn big ass natasha nice porn video natasha nice fuck by black cock black cock porn videos.</p>
<p>The post <a rel="nofollow" href="https://www.yamyhub.com/video/milf-natasha-nice-fuck-interracial-black-cock-bangbros/">MILF Natasha nice Fuck Interracial black cock Bangbros</a> appeared first on <a rel="nofollow" href="https://www.yamyhub.com">Yamyhub</a>.</p>
]]></description>
										<content:encoded><![CDATA[<h2>MILF Natasha nice Fuck Interracial black cock Bangbros</h2>
<p>bangbros Big Black cock porn video MILF Natasha nice Fuck Interracial by Big black cock bangbros porn videos yamyhub porn video BBC porn video big black cock porn big ass natasha nice porn video natasha nice fuck by black cock black cock porn videos.</p>
<p>The post <a rel="nofollow" href="https://www.yamyhub.com/video/milf-natasha-nice-fuck-interracial-black-cock-bangbros/">MILF Natasha nice Fuck Interracial black cock Bangbros</a> appeared first on <a rel="nofollow" href="https://www.yamyhub.com">Yamyhub</a>.</p>
]]></content:encoded>
					
		
		
			</item>
		<item>
		<title>Natasha nice love group sex gangbang black in all hole</title>
		<link>https://www.yamyhub.com/video/natasha-nice-love-group-sex-gangbang-black-in-all-hole/</link>
		
		<dc:creator><![CDATA[yamyhub]]></dc:creator>
		<pubDate>Sat, 03 Jul 2021 05:14:01 +0000</pubDate>
				<guid isPermaLink="false">https://www.yamyhub.com/?post_type=video&#038;p=3507</guid>

					<description><![CDATA[<p>Gangbang porn video Natasha nice love group sex gangbang by black cocks in all hole anal porn ass fuck double penetration yamyhub Natasha nice gangbang double penetration p[orn video black cocks blond girl love group sex anal porn videos black cock porn video.</p>
<p>The post <a rel="nofollow" href="https://www.yamyhub.com/video/natasha-nice-love-group-sex-gangbang-black-in-all-hole/">Natasha nice love group sex gangbang black in all hole</a> appeared first on <a rel="nofollow" href="https://www.yamyhub.com">Yamyhub</a>.</p>
]]></description>
										<content:encoded><![CDATA[<p>Gangbang porn video Natasha nice love group sex gangbang by black cocks in all hole anal porn ass fuck double penetration yamyhub Natasha nice gangbang double penetration p[orn video black cocks blond girl love group sex anal porn videos black cock porn video.</p>
<p>The post <a rel="nofollow" href="https://www.yamyhub.com/video/natasha-nice-love-group-sex-gangbang-black-in-all-hole/">Natasha nice love group sex gangbang black in all hole</a> appeared first on <a rel="nofollow" href="https://www.yamyhub.com">Yamyhub</a>.</p>
]]></content:encoded>
					
		
		
			</item>
		<item>
		<title>Teen stepsister takes brother big cock family strokes</title>
		<link>https://www.yamyhub.com/video/teen-stepsister-takes-brother-big-cock-family-strokes/</link>
		
		<dc:creator><![CDATA[yamyhub]]></dc:creator>
		<pubDate>Tue, 29 Jun 2021 04:21:10 +0000</pubDate>
				<guid isPermaLink="false">https://www.yamyhub.com/?post_type=video&#038;p=3488</guid>

					<description><![CDATA[<p>Teen stepsister takes brother big cock family strokes stepsister porn video family strokes porn video big cock porn video family strokes porn video stepsister porn video big cock porn video teen family strokes porn videos.</p>
<p>The post <a rel="nofollow" href="https://www.yamyhub.com/video/teen-stepsister-takes-brother-big-cock-family-strokes/">Teen stepsister takes brother big cock family strokes</a> appeared first on <a rel="nofollow" href="https://www.yamyhub.com">Yamyhub</a>.</p>
]]></description>
										<content:encoded><![CDATA[<h2>Teen stepsister takes brother big cock family strokes</h2>
<p>stepsister porn video family strokes porn video big cock porn video family strokes porn video stepsister porn video big cock porn video teen family strokes porn videos.</p>
<p>The post <a rel="nofollow" href="https://www.yamyhub.com/video/teen-stepsister-takes-brother-big-cock-family-strokes/">Teen stepsister takes brother big cock family strokes</a> appeared first on <a rel="nofollow" href="https://www.yamyhub.com">Yamyhub</a>.</p>
]]></content:encoded>
					
		
		
			</item>
		<item>
		<title>Beautiful stepmom Brooke Banner Take son cock family strokes</title>
		<link>https://www.yamyhub.com/video/beautiful-stepmom-brooke-banner-take-son-cock-family-strokes/</link>
		
		<dc:creator><![CDATA[yamyhub]]></dc:creator>
		<pubDate>Mon, 28 Jun 2021 11:04:57 +0000</pubDate>
				<guid isPermaLink="false">https://www.yamyhub.com/?post_type=video&#038;p=3484</guid>

					<description><![CDATA[<p>Beautiful stepmom Brooke Banner Take son cock family strokes stepmom porn video latest family strokes porn video big ass big tits huge tits porn video family strokes porn video latest family strokes stepmom porn video step mom porn videos Brooke Banner porn video Brooke Banner latest porn videos.</p>
<p>The post <a rel="nofollow" href="https://www.yamyhub.com/video/beautiful-stepmom-brooke-banner-take-son-cock-family-strokes/">Beautiful stepmom Brooke Banner Take son cock family strokes</a> appeared first on <a rel="nofollow" href="https://www.yamyhub.com">Yamyhub</a>.</p>
]]></description>
										<content:encoded><![CDATA[<h2>Beautiful stepmom Brooke Banner Take son cock family strokes</h2>
<p>stepmom porn video latest family strokes porn video big ass big tits huge tits porn video family strokes porn video latest family strokes stepmom porn video step mom porn videos Brooke Banner porn video Brooke Banner latest porn videos.</p>
<p>The post <a rel="nofollow" href="https://www.yamyhub.com/video/beautiful-stepmom-brooke-banner-take-son-cock-family-strokes/">Beautiful stepmom Brooke Banner Take son cock family strokes</a> appeared first on <a rel="nofollow" href="https://www.yamyhub.com">Yamyhub</a>.</p>
]]></content:encoded>
					
		
		
			</item>
	</channel>
</rss>

0

