<?xml version="1.0" encoding="UTF-8"?><rss version="2.0"
	xmlns:content="http://purl.org/rss/1.0/modules/content/"
	xmlns:wfw="http://wellformedweb.org/CommentAPI/"
	xmlns:dc="http://purl.org/dc/elements/1.1/"
	xmlns:atom="http://www.w3.org/2005/Atom"
	xmlns:sy="http://purl.org/rss/1.0/modules/syndication/"
	xmlns:slash="http://purl.org/rss/1.0/modules/slash/"
	>

<channel>
	<title>Julia De Lucia &#8211; Yamyhub</title>
	<atom:link href="https://www.yamyhub.com/categories/julia-de-lucia/feed/" rel="self" type="application/rss+xml" />
	<link>https://www.yamyhub.com</link>
	<description>Watch latest free HD Full length Porn video. Big ass, Big cock, MILF, Lesbian, Step sister and Step mother Porn videos. Yamyhub porn videos.</description>
	<lastBuildDate>Tue, 17 Aug 2021 05:39:29 +0000</lastBuildDate>
	<language>en-US</language>
	<sy:updatePeriod>
	hourly	</sy:updatePeriod>
	<sy:updateFrequency>
	1	</sy:updateFrequency>
	<generator>https://wordpress.org/?v=5.8</generator>

<image>
	<url>https://www.yamyhub.com/wp-content/uploads/2021/07/cropped-favicon-32x32.png</url>
	<title>Julia De Lucia &#8211; Yamyhub</title>
	<link>https://www.yamyhub.com</link>
	<width>32</width>
	<height>32</height>
</image> 
	<item>
		<title>21sextury Julia de lucia get cock in her ass anal eporner</title>
		<link>https://www.yamyhub.com/video/21sextury-julia-de-lucia-get-cock-in-her-ass-anal-eporner/</link>
		
		<dc:creator><![CDATA[yamyhub]]></dc:creator>
		<pubDate>Tue, 17 Aug 2021 05:15:27 +0000</pubDate>
				<guid isPermaLink="false">https://www.yamyhub.com/?post_type=video&#038;p=4580</guid>

					<description><![CDATA[<p>21sextury Julia de lucia get cock in her ass anal eporner 21sextury pornstar Julia de lucia Eporner sex video. Big boobs MILF take cock in ass. Horny porn video with girl get anal &#38; sex toy yamyhub. Pornstar Julia de lucia enjoy to get big cock in her ass at her birthday porn video. Eporner [&#8230;]</p>
<p>The post <a rel="nofollow" href="https://www.yamyhub.com/video/21sextury-julia-de-lucia-get-cock-in-her-ass-anal-eporner/">21sextury Julia de lucia get cock in her ass anal eporner</a> appeared first on <a rel="nofollow" href="https://www.yamyhub.com">Yamyhub</a>.</p>
]]></description>
										<content:encoded><![CDATA[<h2>21sextury Julia de lucia get cock in her ass anal eporner</h2>
<p>21sextury pornstar Julia de lucia Eporner sex video. Big boobs MILF take cock in ass. Horny porn video with girl get anal &amp; sex toy yamyhub. Pornstar Julia de lucia enjoy to get big cock in her ass at her birthday porn video. Eporner MILF Julia de lucia want to love anal sex in her ass hole at home.</p>
<p>The post <a rel="nofollow" href="https://www.yamyhub.com/video/21sextury-julia-de-lucia-get-cock-in-her-ass-anal-eporner/">21sextury Julia de lucia get cock in her ass anal eporner</a> appeared first on <a rel="nofollow" href="https://www.yamyhub.com">Yamyhub</a>.</p>
]]></content:encoded>
					
		
		
			</item>
		<item>
		<title>Jordi fuck two busty teens Julia &#038;  Veronica Leal Fakehub</title>
		<link>https://www.yamyhub.com/video/jordi-fuck-two-busty-teens-julia-veronica-leal-fakehub/</link>
		
		<dc:creator><![CDATA[yamyhub]]></dc:creator>
		<pubDate>Wed, 23 Jun 2021 11:28:05 +0000</pubDate>
				<guid isPermaLink="false">https://www.yamyhub.com/?post_type=video&#038;p=3456</guid>

					<description><![CDATA[<p>Jordi fuck two busty teens Julia &#38; Veronica Leal Fakehub Jordi El Nino Polla Fuck two small tits busty teen Julia De Lucia and Veronica Leal . threesome porn video Julia De Lucia porn video Jordi El Nino Polla threesome porn videos Jordi El Nino Polla porn video Julia De Lucia porn threesome fakehub porn [&#8230;]</p>
<p>The post <a rel="nofollow" href="https://www.yamyhub.com/video/jordi-fuck-two-busty-teens-julia-veronica-leal-fakehub/">Jordi fuck two busty teens Julia &#038;  Veronica Leal Fakehub</a> appeared first on <a rel="nofollow" href="https://www.yamyhub.com">Yamyhub</a>.</p>
]]></description>
										<content:encoded><![CDATA[<h2>Jordi fuck two busty teens Julia &amp; Veronica Leal Fakehub</h2>
<p>Jordi El Nino Polla Fuck two small tits busty teen Julia De Lucia and Veronica Leal . threesome porn video Julia De Lucia porn video Jordi El Nino Polla threesome porn videos Jordi El Nino Polla porn video Julia De Lucia porn threesome fakehub porn videos fakehub threesome</p>
<p>The post <a rel="nofollow" href="https://www.yamyhub.com/video/jordi-fuck-two-busty-teens-julia-veronica-leal-fakehub/">Jordi fuck two busty teens Julia &#038;  Veronica Leal Fakehub</a> appeared first on <a rel="nofollow" href="https://www.yamyhub.com">Yamyhub</a>.</p>
]]></content:encoded>
					
		
		
			</item>
	</channel>
</rss>
