<?xml version="1.0" encoding="UTF-8"?><rss version="2.0"
	xmlns:content="http://purl.org/rss/1.0/modules/content/"
	xmlns:wfw="http://wellformedweb.org/CommentAPI/"
	xmlns:dc="http://purl.org/dc/elements/1.1/"
	xmlns:atom="http://www.w3.org/2005/Atom"
	xmlns:sy="http://purl.org/rss/1.0/modules/syndication/"
	xmlns:slash="http://purl.org/rss/1.0/modules/slash/"
	>

<channel>
	<title>Robbin banks &#8211; Yamyhub</title>
	<atom:link href="https://www.yamyhub.com/categories/robbin-banks/feed/" rel="self" type="application/rss+xml" />
	<link>https://www.yamyhub.com</link>
	<description>Watch latest free HD Full length Porn video. Big ass, Big cock, MILF, Lesbian, Step sister and Step mother Porn videos. Yamyhub porn videos.</description>
	<lastBuildDate>Fri, 16 Jul 2021 03:45:37 +0000</lastBuildDate>
	<language>en-US</language>
	<sy:updatePeriod>
	hourly	</sy:updatePeriod>
	<sy:updateFrequency>
	1	</sy:updateFrequency>
	<generator>https://wordpress.org/?v=5.7.2</generator>

<image>
	<url>https://www.yamyhub.com/wp-content/uploads/2021/06/favicon.png</url>
	<title>Robbin banks &#8211; Yamyhub</title>
	<link>https://www.yamyhub.com</link>
	<width>32</width>
	<height>32</height>
</image> 
	<item>
		<title>Big ass lesbian Leela star &#038; Robbin Banks lick each other</title>
		<link>https://www.yamyhub.com/video/big-ass-lesbian-leela-star-robbin-banks-lick-each-other/</link>
		
		<dc:creator><![CDATA[yamyhub]]></dc:creator>
		<pubDate>Wed, 07 Jul 2021 02:25:35 +0000</pubDate>
				<guid isPermaLink="false">https://www.yamyhub.com/?post_type=video&#038;p=3546</guid>

					<description><![CDATA[<p>Big ass lesbian Leela star &#38; Robbin Banks lick each other Brazzers lesbian porn video Big ass lesbian girls leela star &#38; Robbing banks lick and fuck each other pussy Big tits porn video yamyhub oiled girls porn video oiled lesbian leela star porn video Robbin Banks porn videos Robbin Banks lesbian porn with leela [&#8230;]</p>
<p>The post <a rel="nofollow" href="https://www.yamyhub.com/video/big-ass-lesbian-leela-star-robbin-banks-lick-each-other/">Big ass lesbian Leela star &#038; Robbin Banks lick each other</a> appeared first on <a rel="nofollow" href="https://www.yamyhub.com">Yamyhub</a>.</p>
]]></description>
										<content:encoded><![CDATA[<h2>Big ass lesbian Leela star &amp; Robbin Banks lick each other</h2>
<p>Brazzers lesbian porn video Big ass lesbian girls leela star &amp; Robbing banks lick and fuck each other pussy Big tits porn video yamyhub oiled girls porn video oiled lesbian leela star porn video Robbin Banks porn videos Robbin Banks lesbian porn with leela star leela star and Robbin Banks at brazzers lesbian.</p>
<p>The post <a rel="nofollow" href="https://www.yamyhub.com/video/big-ass-lesbian-leela-star-robbin-banks-lick-each-other/">Big ass lesbian Leela star &#038; Robbin Banks lick each other</a> appeared first on <a rel="nofollow" href="https://www.yamyhub.com">Yamyhub</a>.</p>
]]></content:encoded>
					
		
		
			</item>
	</channel>
</rss>
