480d
<?xml version="1.0" encoding="UTF-8"?><rss version="2.0"
	xmlns:content="http://purl.org/rss/1.0/modules/content/"
	xmlns:wfw="http://wellformedweb.org/CommentAPI/"
	xmlns:dc="http://purl.org/dc/elements/1.1/"
	xmlns:atom="http://www.w3.org/2005/Atom"
	xmlns:sy="http://purl.org/rss/1.0/modules/syndication/"
	xmlns:slash="http://purl.org/rss/1.0/modules/slash/"
	>

<channel>
	<title>BRAZZERS &#8211; Yamyhub</title>
	<atom:link href="https://www.yamyhub.com/categories/brazzers/feed/" rel="self" type="application/rss+xml" />
	<link>https://www.yamyhub.com</link>
	<description>Watch latest free HD Full length Porn video. Big ass, Big cock, MILF, Lesbian, Step sister and Step mother Porn videos. Yamyhub porn videos.</description>
	<lastBuildDate>Fri, 16 Jul 2021 12:40:01 +0000</lastBuildDate>
	<language>en-US</language>
	<sy:updatePeriod>
	hourly	</sy:updatePeriod>
	<sy:updateFrequency>
	1	</sy:updateFrequency>
	<generator>https://wordpress.org/?v=5.7.2</generator>

<image>
	<url>https://www.yamyhub.com/wp-content/uploads/2021/06/favicon.png</url>
	<title>BRAZZERS &#8211; Yamyhub</title>
	<link>https://www.yamyhub.com</link>
	<width>32</width>
	<height>32</height>
</image> 
	<item>
		<title>Lustful wife Anissa Kate cheat her husband fuck in public</title>
		<link>https://www.yamyhub.com/video/lustful-wife-anissa-kate-cheat-her-husband-fuck-in-public/</link>
		
		<dc:creator><![CDATA[yamyhub]]></dc:creator>
		<pubDate>Tue, 13 Jul 2021 12:36:52 +0000</pubDate>
				<guid isPermaLink="false">https://www.yamyhub.com/?post_type=video&#038;p=3633</guid>

					<description><![CDATA[<p>Lustful wife Anissa Kate cheat her husband fuck in public Brazzers Public porn video Lustful wife Anissa kate cheat her husband and fuck from client in public brazzers public porn videos yamyhub Anissa kate porn video latest Anissa kate porn video lustful wife cheat husband fuck from client in public brazzers porn video latest public [&#8230;]</p>
<p>The post <a rel="nofollow" href="https://www.yamyhub.com/video/lustful-wife-anissa-kate-cheat-her-husband-fuck-in-public/">Lustful wife Anissa Kate cheat her husband fuck in public</a> appeared first on <a rel="nofollow" href="https://www.yamyhub.com">Yamyhub</a>.</p>
]]></description>
										<content:encoded><![CDATA[<h2>Lustful wife Anissa Kate cheat her husband fuck in public</h2>
<p>Brazzers Public porn video Lustful wife Anissa kate cheat her husband and fuck from client in public brazzers public porn videos yamyhub Anissa kate porn video latest Anissa kate porn video lustful wife cheat husband fuck from client in public brazzers porn video latest public brazzers porn video</p>
<p>The post <a rel="nofollow" href="https://www.yamyhub.com/video/lustful-wife-anissa-kate-cheat-her-husband-fuck-in-public/">Lustful wife Anissa Kate cheat her husband fuck in public</a> appeared first on <a rel="nofollow" href="https://www.yamyhub.com">Yamyhub</a>.</p>
]]></content:encoded>
					
		
		
			</item>
		<item>
		<title>Mature stepmom Aubrey Black Fuck from black cock brazzers</title>
		<link>https://www.yamyhub.com/video/mature-stepmom-aubrey-black-fuck-from-black-cock-brazzers/</link>
		
		<dc:creator><![CDATA[yamyhub]]></dc:creator>
		<pubDate>Wed, 07 Jul 2021 04:03:54 +0000</pubDate>
				<guid isPermaLink="false">https://www.yamyhub.com/?post_type=video&#038;p=3554</guid>

					<description><![CDATA[<p>Mature stepmom Aubrey Black Fuck from black cock brazzers brazzers Stepmom porn video Mature big boobs stepmom Aubery black fuck from black cock brazzers porn video yamyhub stepmom porn video stepmom porn video latest stepmom video stepmom fuck from black cock black cock porn videos.</p>
<p>The post <a rel="nofollow" href="https://www.yamyhub.com/video/mature-stepmom-aubrey-black-fuck-from-black-cock-brazzers/">Mature stepmom Aubrey Black Fuck from black cock brazzers</a> appeared first on <a rel="nofollow" href="https://www.yamyhub.com">Yamyhub</a>.</p>
]]></description>
										<content:encoded><![CDATA[<h2>Mature stepmom Aubrey Black Fuck from black cock brazzers</h2>
<p>brazzers Stepmom porn video Mature big boobs stepmom Aubery black fuck from black cock brazzers porn video yamyhub stepmom porn video stepmom porn video latest stepmom video stepmom fuck from black cock black cock porn videos.</p>
<p>The post <a rel="nofollow" href="https://www.yamyhub.com/video/mature-stepmom-aubrey-black-fuck-from-black-cock-brazzers/">Mature stepmom Aubrey Black Fuck from black cock brazzers</a> appeared first on <a rel="nofollow" href="https://www.yamyhub.com">Yamyhub</a>.</p>
]]></content:encoded>
					
		
		
			</item>
		<item>
		<title>strapon yoga from two lesbian Sabina Rouge &#038; Nadya Nabakova</title>
		<link>https://www.yamyhub.com/video/strapon-yoga-from-two-lesbian-sabina-rouge-nadya-nabakova/</link>
		
		<dc:creator><![CDATA[yamyhub]]></dc:creator>
		<pubDate>Wed, 07 Jul 2021 02:54:17 +0000</pubDate>
				<guid isPermaLink="false">https://www.yamyhub.com/?post_type=video&#038;p=3549</guid>

					<description><![CDATA[<p>strapon yoga from two lesbian Sabina Rouge &#38; Nadya Nabakova Brazzers strapon lesbian porn video Strapon Fuck during yoga from two lesbian sabina rouge and nadya nabakova strapon porn yamyhub strapon porn video yoga pant fuck brazzers strapon porn video lesbian porn during strapon yoga pant porn video sabina rouge lesbian porn video nadya nabakova [&#8230;]</p>
<p>The post <a rel="nofollow" href="https://www.yamyhub.com/video/strapon-yoga-from-two-lesbian-sabina-rouge-nadya-nabakova/">strapon yoga from two lesbian Sabina Rouge &#038; Nadya Nabakova</a> appeared first on <a rel="nofollow" href="https://www.yamyhub.com">Yamyhub</a>.</p>
]]></description>
										<content:encoded><![CDATA[<h2>strapon yoga from two lesbian Sabina Rouge &amp; Nadya Nabakova</h2>
<p>Brazzers strapon lesbian porn video Strapon Fuck during yoga from two lesbian sabina rouge and nadya nabakova strapon porn yamyhub</p>
<p>strapon porn video yoga pant fuck brazzers strapon porn video lesbian porn during strapon yoga pant porn video sabina rouge lesbian porn video nadya nabakova lesbian porn video.</p>
<p>The post <a rel="nofollow" href="https://www.yamyhub.com/video/strapon-yoga-from-two-lesbian-sabina-rouge-nadya-nabakova/">strapon yoga from two lesbian Sabina Rouge &#038; Nadya Nabakova</a> appeared first on <a rel="nofollow" href="https://www.yamyhub.com">Yamyhub</a>.</p>
]]></content:encoded>
					
		
		
			</item>
		<item>
		<title>Big ass lesbian Leela star &#038; Robbin Banks lick each other</title>
		<link>https://www.yamyhub.com/video/big-ass-lesbian-leela-star-robbin-banks-lick-each-other/</link>
		
		<dc:creator><![CDATA[yamyhub]]></dc:creator>
		<pubDate>Wed, 07 Jul 2021 02:25:35 +0000</pubDate>
				<guid isPermaLink="false">https://www.yamyhub.com/?post_type=video&#038;p=3546</guid>

					<description><![CDATA[<p>Big ass lesbian Leela star &#38; Robbin Banks lick each other Brazzers lesbian porn video Big ass lesbian girls leela star &#38; Robbing banks lick and fuck each other pussy Big tits porn video yamyhub oiled girls porn video oiled lesbian leela star porn video Robbin Banks porn videos Robbin Banks lesbian porn with leela [&#8230;]</p>
<p>The post <a rel="nofollow" href="https://www.yamyhub.com/video/big-ass-lesbian-leela-star-robbin-banks-lick-each-other/">Big ass lesbian Leela star &#038; Robbin Banks lick each other</a> appeared first on <a rel="nofollow" href="https://www.yamyhub.com">Yamyhub</a>.</p>
]]></description>
										<content:encoded><![CDATA[<h2>Big ass lesbian Leela star &amp; Robbin Banks lick each other</h2>
<p>Brazzers lesbian porn video Big ass lesbian girls leela star &amp; Robbing banks lick and fuck each other pussy Big tits porn video yamyhub oiled girls porn video oiled lesbian leela star porn video Robbin Banks porn videos Robbin Banks lesbian porn with leela star leela star and Robbin Banks at brazzers lesbian.</p>
<p>The post <a rel="nofollow" href="https://www.yamyhub.com/video/big-ass-lesbian-leela-star-robbin-banks-lick-each-other/">Big ass lesbian Leela star &#038; Robbin Banks lick each other</a> appeared first on <a rel="nofollow" href="https://www.yamyhub.com">Yamyhub</a>.</p>
]]></content:encoded>
					
		
		
			</item>
		<item>
		<title>Big tits MILF Honey Blossom Take her son cock brazzers</title>
		<link>https://www.yamyhub.com/video/big-tits-milf-honey-blossom-take-her-son-cock-brazzers/</link>
		
		<dc:creator><![CDATA[yamyhub]]></dc:creator>
		<pubDate>Tue, 06 Jul 2021 11:09:24 +0000</pubDate>
				<guid isPermaLink="false">https://www.yamyhub.com/?post_type=video&#038;p=3542</guid>

					<description><![CDATA[<p>Big tits MILF Honey Blossom Take her son cock brazzers Brazzers stepmom porn video Big boobs milf stepmom Honey blossom Take her son cock inside ass and pussy yamyhub MILF brazzers porn video big tits porn video MILF porn video stepmom fuck from son brazzers stepmom porn video brazzers MILF porn</p>
<p>The post <a rel="nofollow" href="https://www.yamyhub.com/video/big-tits-milf-honey-blossom-take-her-son-cock-brazzers/">Big tits MILF Honey Blossom Take her son cock brazzers</a> appeared first on <a rel="nofollow" href="https://www.yamyhub.com">Yamyhub</a>.</p>
]]></description>
										<content:encoded><![CDATA[<h2>Big tits MILF Honey Blossom Take her son cock brazzers</h2>
<p>Brazzers stepmom porn video Big boobs milf stepmom Honey blossom Take her son cock inside ass and pussy yamyhub MILF brazzers porn video big tits porn video MILF porn video stepmom fuck from son brazzers stepmom porn video brazzers MILF porn</p>
<p>The post <a rel="nofollow" href="https://www.yamyhub.com/video/big-tits-milf-honey-blossom-take-her-son-cock-brazzers/">Big tits MILF Honey Blossom Take her son cock brazzers</a> appeared first on <a rel="nofollow" href="https://www.yamyhub.com">Yamyhub</a>.</p>
]]></content:encoded>
					
		
		
			</item>
		<item>
		<title>Tired of husband there is way out lesbian Katrina Jade Gia Dimarco</title>
		<link>https://www.yamyhub.com/video/tired-of-husband-there-is-way-out-lesbian-katrina-jade-gia-dimarco/</link>
		
		<dc:creator><![CDATA[yamyhub]]></dc:creator>
		<pubDate>Tue, 06 Jul 2021 05:05:22 +0000</pubDate>
				<guid isPermaLink="false">https://www.yamyhub.com/?post_type=video&#038;p=3540</guid>

					<description><![CDATA[<p>Tired of husband there is way out lesbian Katrina Jade Gia Dimarco Brazzers Lesbian porn video Tired of husband there is way out lesbian porn Katrina Jade Gia Dimarco fuck and lick each pussy yamyhub lesbian brazzers porn video katrina jade porn video gia dimarco porn video katrina jade and gia dimarco fuck and lick [&#8230;]</p>
<p>The post <a rel="nofollow" href="https://www.yamyhub.com/video/tired-of-husband-there-is-way-out-lesbian-katrina-jade-gia-dimarco/">Tired of husband there is way out lesbian Katrina Jade Gia Dimarco</a> appeared first on <a rel="nofollow" href="https://www.yamyhub.com">Yamyhub</a>.</p>
]]></description>
										<content:encoded><![CDATA[<h2>Tired of husband there is way out lesbian Katrina Jade Gia Dimarco</h2>
<p>Brazzers Lesbian porn video Tired of husband there is way out lesbian porn Katrina Jade Gia Dimarco fuck and lick each pussy yamyhub lesbian brazzers porn video katrina jade porn video gia dimarco porn video katrina jade and gia dimarco fuck and lick each other pussy Katrina Jade and Gia Dimarco lesbian porn.</p>
<p>The post <a rel="nofollow" href="https://www.yamyhub.com/video/tired-of-husband-there-is-way-out-lesbian-katrina-jade-gia-dimarco/">Tired of husband there is way out lesbian Katrina Jade Gia Dimarco</a> appeared first on <a rel="nofollow" href="https://www.yamyhub.com">Yamyhub</a>.</p>
]]></content:encoded>
					
		
		
			</item>
		<item>
		<title>black women Stepmom Layton benton take cocks brazzers</title>
		<link>https://www.yamyhub.com/video/black-women-stepmom-layton-benton-take-cocks-brazzers/</link>
		
		<dc:creator><![CDATA[yamyhub]]></dc:creator>
		<pubDate>Wed, 23 Jun 2021 13:33:51 +0000</pubDate>
				<guid isPermaLink="false">https://www.yamyhub.com/?post_type=video&#038;p=3459</guid>

					<description><![CDATA[<p>big ass black women Stepmom Layton benton take son cocks brazzers jordi El Nino Polla yamyhub threesome threesome porn video jordi El Nino Polla threesome porn two male one female porn jordi El Nino Polla porn video Layton benton porn video Layton benton threesome cock Layton benton porn video</p>
<p>The post <a rel="nofollow" href="https://www.yamyhub.com/video/black-women-stepmom-layton-benton-take-cocks-brazzers/">black women Stepmom Layton benton take cocks brazzers</a> appeared first on <a rel="nofollow" href="https://www.yamyhub.com">Yamyhub</a>.</p>
]]></description>
										<content:encoded><![CDATA[<h2>big ass black women Stepmom Layton benton take son cocks brazzers jordi El Nino Polla yamyhub threesome</h2>
<p>threesome porn video jordi El Nino Polla threesome porn two male one female porn jordi El Nino Polla porn video Layton benton porn video Layton benton threesome cock Layton benton porn video</p>
<p>The post <a rel="nofollow" href="https://www.yamyhub.com/video/black-women-stepmom-layton-benton-take-cocks-brazzers/">black women Stepmom Layton benton take cocks brazzers</a> appeared first on <a rel="nofollow" href="https://www.yamyhub.com">Yamyhub</a>.</p>
]]></content:encoded>
					
		
		
			</item>
		<item>
		<title>Stepmom Diamond foxxx take cock jordi during Yoga brazzers</title>
		<link>https://www.yamyhub.com/video/stepmom-diamond-foxxx-take-cock-jordi-during-yoga-brazzers/</link>
		
		<dc:creator><![CDATA[yamyhub]]></dc:creator>
		<pubDate>Wed, 23 Jun 2021 06:24:24 +0000</pubDate>
				<guid isPermaLink="false">https://www.yamyhub.com/?post_type=video&#038;p=3454</guid>

					<description><![CDATA[<p>Stepmom Diamond foxxx take cock jordi during Yoga brazzers Brazzers stepmom porn video stepmom fuck during exercise diamond foxxx porn videos stepmom porn video yoga paint porn videos Jordi El Nino Polla porn video Jordi El Nino Polla fuck stepmom.</p>
<p>The post <a rel="nofollow" href="https://www.yamyhub.com/video/stepmom-diamond-foxxx-take-cock-jordi-during-yoga-brazzers/">Stepmom Diamond foxxx take cock jordi during Yoga brazzers</a> appeared first on <a rel="nofollow" href="https://www.yamyhub.com">Yamyhub</a>.</p>
]]></description>
										<content:encoded><![CDATA[<h2>Stepmom Diamond foxxx take cock jordi during Yoga brazzers</h2>
<p>Brazzers stepmom porn video stepmom fuck during exercise diamond foxxx porn videos stepmom porn video yoga paint porn videos Jordi El Nino Polla porn video Jordi El Nino Polla fuck stepmom.</p>
<p>The post <a rel="nofollow" href="https://www.yamyhub.com/video/stepmom-diamond-foxxx-take-cock-jordi-during-yoga-brazzers/">Stepmom Diamond foxxx take cock jordi during Yoga brazzers</a> appeared first on <a rel="nofollow" href="https://www.yamyhub.com">Yamyhub</a>.</p>
]]></content:encoded>
					
		
		
			</item>
		<item>
		<title>Nicolette shea &#038; Savannah Bond fucked by jordi threesome</title>
		<link>https://www.yamyhub.com/video/nicolette-shea-savannah-bond-fucked-by-jordi-threesome/</link>
		
		<dc:creator><![CDATA[yamyhub]]></dc:creator>
		<pubDate>Wed, 23 Jun 2021 06:08:06 +0000</pubDate>
				<guid isPermaLink="false">https://www.yamyhub.com/?post_type=video&#038;p=3452</guid>

					<description><![CDATA[<p>Nicolette shea &#38; Savannah Bond fucked by jordi threesome Savannah Bond and nicolette shea fuck hardcore by  Jordi El Nino Polla.  Jordi El Nino Polla porn videos  Jordi El Nino Polla threesome fuck pussy Savannah Bond porn videos Savannah Bond threesome Savannah Bond anal Nicolette Shea porn videos Nicolette Shea anal Nicolette Shea threesome brazzers [&#8230;]</p>
<p>The post <a rel="nofollow" href="https://www.yamyhub.com/video/nicolette-shea-savannah-bond-fucked-by-jordi-threesome/">Nicolette shea &#038; Savannah Bond fucked by jordi threesome</a> appeared first on <a rel="nofollow" href="https://www.yamyhub.com">Yamyhub</a>.</p>
]]></description>
										<content:encoded><![CDATA[<h2>Nicolette shea &amp; Savannah Bond fucked by jordi threesome</h2>
<p>Savannah Bond and nicolette shea fuck hardcore by  Jordi El Nino Polla.  Jordi El Nino Polla porn videos  Jordi El Nino Polla threesome fuck pussy Savannah Bond porn videos Savannah Bond threesome Savannah Bond anal Nicolette Shea porn videos Nicolette Shea anal Nicolette Shea threesome brazzers porn videos Brazzers big ass busty moms</p>
<p>The post <a rel="nofollow" href="https://www.yamyhub.com/video/nicolette-shea-savannah-bond-fucked-by-jordi-threesome/">Nicolette shea &#038; Savannah Bond fucked by jordi threesome</a> appeared first on <a rel="nofollow" href="https://www.yamyhub.com">Yamyhub</a>.</p>
]]></content:encoded>
					
		
		
			</item>
		<item>
		<title>Big ass Nicolette shea ass fuck &#038; squirt jordi</title>
		<link>https://www.yamyhub.com/video/big-ass-nicolette-shea-ass-fuck-squirt-jordi/</link>
		
		<dc:creator><![CDATA[yamyhub]]></dc:creator>
		<pubDate>Wed, 23 Jun 2021 05:41:58 +0000</pubDate>
				<guid isPermaLink="false">https://www.yamyhub.com/?post_type=video&#038;p=3449</guid>

					<description><![CDATA[<p>Big ass Nicolette shea ass fuck &#38; squirt jordi brazzers latest new full hd porn videos brazzers porn videos nicolette shea porn videos female domination nicolette shea ass fuck anal porn Jordi El Nino Polla porn video Jordi El Nino Polla fuck nicolette shea anal porn.</p>
<p>The post <a rel="nofollow" href="https://www.yamyhub.com/video/big-ass-nicolette-shea-ass-fuck-squirt-jordi/">Big ass Nicolette shea ass fuck &#038; squirt jordi</a> appeared first on <a rel="nofollow" href="https://www.yamyhub.com">Yamyhub</a>.</p>
]]></description>
										<content:encoded><![CDATA[<h2>Big ass Nicolette shea ass fuck &amp; squirt jordi</h2>
<p>brazzers latest new full hd porn videos brazzers porn videos nicolette shea porn videos female domination nicolette shea ass fuck anal porn Jordi El Nino Polla porn video Jordi El Nino Polla fuck nicolette shea anal porn.</p>
<p>The post <a rel="nofollow" href="https://www.yamyhub.com/video/big-ass-nicolette-shea-ass-fuck-squirt-jordi/">Big ass Nicolette shea ass fuck &#038; squirt jordi</a> appeared first on <a rel="nofollow" href="https://www.yamyhub.com">Yamyhub</a>.</p>
]]></content:encoded>
					
		
		
			</item>
	</channel>
</rss>

0

