<?xml version="1.0" encoding="UTF-8"?><rss version="2.0"
	xmlns:content="http://purl.org/rss/1.0/modules/content/"
	xmlns:wfw="http://wellformedweb.org/CommentAPI/"
	xmlns:dc="http://purl.org/dc/elements/1.1/"
	xmlns:atom="http://www.w3.org/2005/Atom"
	xmlns:sy="http://purl.org/rss/1.0/modules/syndication/"
	xmlns:slash="http://purl.org/rss/1.0/modules/slash/"
	>

<channel>
	<title>Alura jenson &#8211; Yamyhub</title>
	<atom:link href="https://www.yamyhub.com/categories/alura-jenson/feed/" rel="self" type="application/rss+xml" />
	<link>https://www.yamyhub.com</link>
	<description>Watch latest free HD Full length Porn video. Big ass, Big cock, MILF, Lesbian, Step sister and Step mother Porn videos. Yamyhub porn videos.</description>
	<lastBuildDate>Wed, 11 Aug 2021 01:02:20 +0000</lastBuildDate>
	<language>en-US</language>
	<sy:updatePeriod>
	hourly	</sy:updatePeriod>
	<sy:updateFrequency>
	1	</sy:updateFrequency>
	<generator>https://wordpress.org/?v=5.8</generator>

<image>
	<url>https://www.yamyhub.com/wp-content/uploads/2021/07/cropped-favicon-32x32.png</url>
	<title>Alura jenson &#8211; Yamyhub</title>
	<link>https://www.yamyhub.com</link>
	<width>32</width>
	<height>32</height>
</image> 
	<item>
		<title>MILF Alura jenson get Banged by young cock Reality king</title>
		<link>https://www.yamyhub.com/video/milf-alura-jenson-get-banged-by-young-cock-reality-king/</link>
		
		<dc:creator><![CDATA[yamyhub]]></dc:creator>
		<pubDate>Sun, 01 Aug 2021 05:03:16 +0000</pubDate>
				<guid isPermaLink="false">https://www.yamyhub.com/?post_type=video&#038;p=4076</guid>

					<description><![CDATA[<p>MILF Alura jenson get Banged by young cock Reality king Reality king porn star Alura Jenson porn video. MILF porn star love to fuck from young cock. MILF Alura jenson Learn from fuck porn yamyhub. Reality king best porn videos. Alura Jenson take over by young boy and fucked in office. Alura Jenson learn from [&#8230;]</p>
<p>The post <a rel="nofollow" href="https://www.yamyhub.com/video/milf-alura-jenson-get-banged-by-young-cock-reality-king/">MILF Alura jenson get Banged by young cock Reality king</a> appeared first on <a rel="nofollow" href="https://www.yamyhub.com">Yamyhub</a>.</p>
]]></description>
										<content:encoded><![CDATA[<h2>MILF Alura jenson get Banged by young cock Reality king</h2>
<p>Reality king porn star Alura Jenson porn video. MILF porn star love to fuck from young cock. MILF Alura jenson Learn from fuck porn yamyhub. Reality king best porn videos. Alura Jenson take over by young boy and fucked in office. Alura Jenson learn from her young buddy. Xvideos porn.</p>
<p>The post <a rel="nofollow" href="https://www.yamyhub.com/video/milf-alura-jenson-get-banged-by-young-cock-reality-king/">MILF Alura jenson get Banged by young cock Reality king</a> appeared first on <a rel="nofollow" href="https://www.yamyhub.com">Yamyhub</a>.</p>
]]></content:encoded>
					
		
		
			</item>
		<item>
		<title>Big ass big boobs Alura jenson take her son cock</title>
		<link>https://www.yamyhub.com/video/big-ass-big-boobs-alura-jenson-take-her-son-cock/</link>
		
		<dc:creator><![CDATA[yamyhub]]></dc:creator>
		<pubDate>Mon, 26 Jul 2021 16:36:37 +0000</pubDate>
				<guid isPermaLink="false">https://www.yamyhub.com/?post_type=video&#038;p=3914</guid>

					<description><![CDATA[<p>Big ass big boobs Alura jenson take her son cock Bangbros Porn star Alura jenson Porn video. MILF big boobs big ass Porn star Alura jenson fucked from black son&#8217;s cock. MILF porn yamyhub. Black young cock penetrate Inside MILF&#8217;s pussy and big ass. Big ass porn star ALura jenson like black cock, Black cock [&#8230;]</p>
<p>The post <a rel="nofollow" href="https://www.yamyhub.com/video/big-ass-big-boobs-alura-jenson-take-her-son-cock/">Big ass big boobs Alura jenson take her son cock</a> appeared first on <a rel="nofollow" href="https://www.yamyhub.com">Yamyhub</a>.</p>
]]></description>
										<content:encoded><![CDATA[<h2>Big ass big boobs Alura jenson take her son cock</h2>
<p>Bangbros Porn star Alura jenson Porn video. MILF big boobs big ass Porn star Alura jenson fucked from black son&#8217;s cock. MILF porn yamyhub. Black young cock penetrate Inside MILF&#8217;s pussy and big ass. Big ass porn star ALura jenson like black cock, Black cock penetrate inside big boobs sex video. bangbros porn videos. daftsex porn video TXXX porn.</p>
<p>The post <a rel="nofollow" href="https://www.yamyhub.com/video/big-ass-big-boobs-alura-jenson-take-her-son-cock/">Big ass big boobs Alura jenson take her son cock</a> appeared first on <a rel="nofollow" href="https://www.yamyhub.com">Yamyhub</a>.</p>
]]></content:encoded>
					
		
		
			</item>
	</channel>
</rss>
