<?xml version="1.0" encoding="UTF-8"?><rss version="2.0"
	xmlns:content="http://purl.org/rss/1.0/modules/content/"
	xmlns:wfw="http://wellformedweb.org/CommentAPI/"
	xmlns:dc="http://purl.org/dc/elements/1.1/"
	xmlns:atom="http://www.w3.org/2005/Atom"
	xmlns:sy="http://purl.org/rss/1.0/modules/syndication/"
	xmlns:slash="http://purl.org/rss/1.0/modules/slash/"
	>

<channel>
	<title>Passion-hd &#8211; Yamyhub</title>
	<atom:link href="https://adult.yamyhub.com/categories/passion-hd/feed/" rel="self" type="application/rss+xml" />
	<link>https://adult.yamyhub.com</link>
	<description>Watch latest free HD Full length Porn video. Big ass, Big cock, MILF, Lesbian, Step sister and Step mother Porn videos. Yamyhub porn videos.</description>
	<lastBuildDate>Sat, 19 Jun 2021 03:54:59 +0000</lastBuildDate>
	<language>en-US</language>
	<sy:updatePeriod>
	hourly	</sy:updatePeriod>
	<sy:updateFrequency>
	1	</sy:updateFrequency>
	<generator>https://wordpress.org/?v=5.7.2</generator>

<image>
	<url>https://adult.yamyhub.com/wp-content/uploads/2021/06/favicon.png</url>
	<title>Passion-hd &#8211; Yamyhub</title>
	<link>https://adult.yamyhub.com</link>
	<width>32</width>
	<height>32</height>
</image> 
	<item>
		<title>Sluty student Leah gotti Get Cock From Teacher passion-hd</title>
		<link>https://adult.yamyhub.com/video/sluty-student-leah-gotti-get-cock-from-teacher-passion-hd/</link>
		
		<dc:creator><![CDATA[yamyhub]]></dc:creator>
		<pubDate>Mon, 14 Jun 2021 07:16:51 +0000</pubDate>
				<guid isPermaLink="false">https://adult.yamyhub.com/?post_type=video&#038;p=3344</guid>

					<description><![CDATA[<p>Sluty student Leah gotti Get Cock From Teacher passion-hd student slut leah gotti fucked hardcore by teacher big cock. teacher porn .school porn video. watch latest porn videos. leah gotti porn videos passion hd porn videos watch latest HD full length porn videos.</p>
<p>The post <a rel="nofollow" href="https://adult.yamyhub.com/video/sluty-student-leah-gotti-get-cock-from-teacher-passion-hd/">Sluty student Leah gotti Get Cock From Teacher passion-hd</a> appeared first on <a rel="nofollow" href="https://adult.yamyhub.com">Yamyhub</a>.</p>
]]></description>
										<content:encoded><![CDATA[<h2>Sluty student Leah gotti Get Cock From Teacher passion-hd</h2>
<p>student slut leah gotti fucked hardcore by teacher big cock. teacher porn .school porn video. watch latest porn videos. leah gotti porn videos passion hd porn videos watch latest HD full length porn videos.</p>
<p>The post <a rel="nofollow" href="https://adult.yamyhub.com/video/sluty-student-leah-gotti-get-cock-from-teacher-passion-hd/">Sluty student Leah gotti Get Cock From Teacher passion-hd</a> appeared first on <a rel="nofollow" href="https://adult.yamyhub.com">Yamyhub</a>.</p>
]]></content:encoded>
					
		
		
			</item>
		<item>
		<title>Step sister Leah Gotti Fucked brother Black cock Passion-hd</title>
		<link>https://adult.yamyhub.com/video/step-sister-leah-gotti-fucked-brother-black-cock-passion-hd/</link>
		
		<dc:creator><![CDATA[yamyhub]]></dc:creator>
		<pubDate>Mon, 14 Jun 2021 06:52:03 +0000</pubDate>
				<guid isPermaLink="false">https://adult.yamyhub.com/?post_type=video&#038;p=3342</guid>

					<description><![CDATA[<p>Step sister Leah Gotti Fucked brother Black cock Passion-hd Stepsister porn video step sister porn step sister fucked by brother black cock leah gotti fucked black cock leah gotti porn video. leah gotti porn. busty step sister fucked hardcore by step brother black cock.</p>
<p>The post <a rel="nofollow" href="https://adult.yamyhub.com/video/step-sister-leah-gotti-fucked-brother-black-cock-passion-hd/">Step sister Leah Gotti Fucked brother Black cock Passion-hd</a> appeared first on <a rel="nofollow" href="https://adult.yamyhub.com">Yamyhub</a>.</p>
]]></description>
										<content:encoded><![CDATA[<h2>Step sister Leah Gotti Fucked brother Black cock Passion-hd</h2>
<p>Stepsister porn video step sister porn step sister fucked by brother black cock leah gotti fucked black cock leah gotti porn video. leah gotti porn. busty step sister fucked hardcore by step brother black cock.</p>
<p>The post <a rel="nofollow" href="https://adult.yamyhub.com/video/step-sister-leah-gotti-fucked-brother-black-cock-passion-hd/">Step sister Leah Gotti Fucked brother Black cock Passion-hd</a> appeared first on <a rel="nofollow" href="https://adult.yamyhub.com">Yamyhub</a>.</p>
]]></content:encoded>
					
		
		
			</item>
	</channel>
</rss>
