<?xml version="1.0" encoding="UTF-8"?><rss version="2.0"
	xmlns:content="http://purl.org/rss/1.0/modules/content/"
	xmlns:wfw="http://wellformedweb.org/CommentAPI/"
	xmlns:dc="http://purl.org/dc/elements/1.1/"
	xmlns:atom="http://www.w3.org/2005/Atom"
	xmlns:sy="http://purl.org/rss/1.0/modules/syndication/"
	xmlns:slash="http://purl.org/rss/1.0/modules/slash/"
	>

<channel>
	<title>Michael Vegas &#8211; Yamyhub</title>
	<atom:link href="https://www.yamyhub.com/categories/michael-vegas/feed/" rel="self" type="application/rss+xml" />
	<link>https://www.yamyhub.com</link>
	<description>Watch latest free HD Full length Porn video. Big ass, Big cock, MILF, Lesbian, Step sister and Step mother Porn videos. Yamyhub porn videos.</description>
	<lastBuildDate>Fri, 16 Jul 2021 12:37:08 +0000</lastBuildDate>
	<language>en-US</language>
	<sy:updatePeriod>
	hourly	</sy:updatePeriod>
	<sy:updateFrequency>
	1	</sy:updateFrequency>
	<generator>https://wordpress.org/?v=5.7.2</generator>

<image>
	<url>https://www.yamyhub.com/wp-content/uploads/2021/06/favicon.png</url>
	<title>Michael Vegas &#8211; Yamyhub</title>
	<link>https://www.yamyhub.com</link>
	<width>32</width>
	<height>32</height>
</image> 
	<item>
		<title>Dr. Angela white Give body Exam to Michael Vegas adult time</title>
		<link>https://www.yamyhub.com/video/dr-angela-white-give-body-exam-to-michael-vegas-adult-time/</link>
		
		<dc:creator><![CDATA[yamyhub]]></dc:creator>
		<pubDate>Fri, 16 Jul 2021 12:02:57 +0000</pubDate>
				<guid isPermaLink="false">https://www.yamyhub.com/?post_type=video&#038;p=3704</guid>

					<description><![CDATA[<p>Dr. Angela white Give body Exam to Michael Vegas adult time Adult time &#38; Angela white porn videos Dr. Angela white fuck from examiner Michael Vegas while doing full body exam nurse porn video Yamyhub Angela white porn video latest Angela porn video Michael Vegas fuck Angela white nurse porn video adult time porn video [&#8230;]</p>
<p>The post <a rel="nofollow" href="https://www.yamyhub.com/video/dr-angela-white-give-body-exam-to-michael-vegas-adult-time/">Dr. Angela white Give body Exam to Michael Vegas adult time</a> appeared first on <a rel="nofollow" href="https://www.yamyhub.com">Yamyhub</a>.</p>
]]></description>
										<content:encoded><![CDATA[<h2>Dr. Angela white Give body Exam to Michael Vegas adult time</h2>
<p>Adult time &amp; Angela white porn videos Dr. Angela white fuck from examiner Michael Vegas while doing full body exam nurse porn video Yamyhub Angela white porn video latest Angela porn video Michael Vegas fuck Angela white nurse porn video adult time porn video TXXX porn spankbang porn video blowjob big tits free porn videos</p>
<p>The post <a rel="nofollow" href="https://www.yamyhub.com/video/dr-angela-white-give-body-exam-to-michael-vegas-adult-time/">Dr. Angela white Give body Exam to Michael Vegas adult time</a> appeared first on <a rel="nofollow" href="https://www.yamyhub.com">Yamyhub</a>.</p>
]]></content:encoded>
					
		
		
			</item>
	</channel>
</rss>
