<?xml version="1.0" encoding="UTF-8"?><rss version="2.0"
	xmlns:content="http://purl.org/rss/1.0/modules/content/"
	xmlns:wfw="http://wellformedweb.org/CommentAPI/"
	xmlns:dc="http://purl.org/dc/elements/1.1/"
	xmlns:atom="http://www.w3.org/2005/Atom"
	xmlns:sy="http://purl.org/rss/1.0/modules/syndication/"
	xmlns:slash="http://purl.org/rss/1.0/modules/slash/"
	>

<channel>
	<title>Emma Hix &#8211; Yamyhub</title>
	<atom:link href="https://www.yamyhub.com/categories/emma-hix/feed/" rel="self" type="application/rss+xml" />
	<link>https://www.yamyhub.com</link>
	<description>Watch latest free HD Full length Porn video. Big ass, Big cock, MILF, Lesbian, Step sister and Step mother Porn videos. Yamyhub porn videos.</description>
	<lastBuildDate>Tue, 10 Aug 2021 10:22:27 +0000</lastBuildDate>
	<language>en-US</language>
	<sy:updatePeriod>
	hourly	</sy:updatePeriod>
	<sy:updateFrequency>
	1	</sy:updateFrequency>
	<generator>https://wordpress.org/?v=5.8</generator>

<image>
	<url>https://www.yamyhub.com/wp-content/uploads/2021/07/cropped-favicon-32x32.png</url>
	<title>Emma Hix &#8211; Yamyhub</title>
	<link>https://www.yamyhub.com</link>
	<width>32</width>
	<height>32</height>
</image> 
	<item>
		<title>Jules Jordan Emma Hix tight pussy get black cock XNXX</title>
		<link>https://www.yamyhub.com/video/jules-jordan-emma-hix-tight-pussy-get-black-cock-xnxx/</link>
		
		<dc:creator><![CDATA[yamyhub]]></dc:creator>
		<pubDate>Fri, 06 Aug 2021 03:55:17 +0000</pubDate>
				<guid isPermaLink="false">https://www.yamyhub.com/?post_type=video&#038;p=4177</guid>

					<description><![CDATA[<p>Jules Jordan Emma Hix tight pussy get black cock XNXX Jules Jordan Pornstar Emma Hix XNXX porn video. Small blonde pornstar destroyed by black cock. Watch best Jules Jordan XNXX porn Yamyhub. Sexy beautiful small teen Emma Hix love to destroyed from black cock. Black cock XNXX porn penetrate in Emma Hix pussy. Jules Jordan [&#8230;]</p>
<p>The post <a rel="nofollow" href="https://www.yamyhub.com/video/jules-jordan-emma-hix-tight-pussy-get-black-cock-xnxx/">Jules Jordan Emma Hix tight pussy get black cock XNXX</a> appeared first on <a rel="nofollow" href="https://www.yamyhub.com">Yamyhub</a>.</p>
]]></description>
										<content:encoded><![CDATA[<h2>Jules Jordan Emma Hix tight pussy get black cock XNXX</h2>
<p>Jules Jordan Pornstar Emma Hix XNXX porn video. Small blonde pornstar destroyed by black cock. Watch best Jules Jordan XNXX porn Yamyhub. Sexy beautiful small teen Emma Hix love to destroyed from black cock. Black cock XNXX porn penetrate in Emma Hix pussy. Jules Jordan black cock sex movies XXX. Emma Hix xnxx porn video.</p>
<p>The post <a rel="nofollow" href="https://www.yamyhub.com/video/jules-jordan-emma-hix-tight-pussy-get-black-cock-xnxx/">Jules Jordan Emma Hix tight pussy get black cock XNXX</a> appeared first on <a rel="nofollow" href="https://www.yamyhub.com">Yamyhub</a>.</p>
]]></content:encoded>
					
		
		
			</item>
	</channel>
</rss>
