<?xml version="1.0" encoding="UTF-8"?><rss version="2.0"
	xmlns:content="http://purl.org/rss/1.0/modules/content/"
	xmlns:wfw="http://wellformedweb.org/CommentAPI/"
	xmlns:dc="http://purl.org/dc/elements/1.1/"
	xmlns:atom="http://www.w3.org/2005/Atom"
	xmlns:sy="http://purl.org/rss/1.0/modules/syndication/"
	xmlns:slash="http://purl.org/rss/1.0/modules/slash/"
	>

<channel>
	<title>Nublies porn &#8211; Yamyhub</title>
	<atom:link href="https://www.yamyhub.com/categories/nublies-porn/feed/" rel="self" type="application/rss+xml" />
	<link>https://www.yamyhub.com</link>
	<description>Watch latest free HD Full length Porn video. Big ass, Big cock, MILF, Lesbian, Step sister and Step mother Porn videos. Yamyhub porn videos.</description>
	<lastBuildDate>Sat, 03 Jul 2021 14:05:04 +0000</lastBuildDate>
	<language>en-US</language>
	<sy:updatePeriod>
	hourly	</sy:updatePeriod>
	<sy:updateFrequency>
	1	</sy:updateFrequency>
	<generator>https://wordpress.org/?v=5.7.2</generator>

<image>
	<url>https://www.yamyhub.com/wp-content/uploads/2021/06/favicon.png</url>
	<title>Nublies porn &#8211; Yamyhub</title>
	<link>https://www.yamyhub.com</link>
	<width>32</width>
	<height>32</height>
</image> 
	<item>
		<title>big tits mom Natasha nice Fucked by son MILF Nublies porn</title>
		<link>https://www.yamyhub.com/video/big-tits-mom-natasha-nice-fucked-by-son-milf-nublies-porn/</link>
		
		<dc:creator><![CDATA[yamyhub]]></dc:creator>
		<pubDate>Sat, 03 Jul 2021 14:04:02 +0000</pubDate>
				<guid isPermaLink="false">https://www.yamyhub.com/?post_type=video&#038;p=3512</guid>

					<description><![CDATA[<p>big tits mom Natasha nice Fucked by son MILF Nublies porn Nublies porn MILF porn videos Big tits mom Natasha nice Fuck by son MILF Nublies porn video yamyhub MILF porn videos Natasha nice porn video Natasha nice mom porn video Natasha nice MILF porn video MILF big tits mom fuck mom porn videos</p>
<p>The post <a rel="nofollow" href="https://www.yamyhub.com/video/big-tits-mom-natasha-nice-fucked-by-son-milf-nublies-porn/">big tits mom Natasha nice Fucked by son MILF Nublies porn</a> appeared first on <a rel="nofollow" href="https://www.yamyhub.com">Yamyhub</a>.</p>
]]></description>
										<content:encoded><![CDATA[<h2>big tits mom Natasha nice Fucked by son MILF Nublies porn</h2>
<p>Nublies porn MILF porn videos Big tits mom Natasha nice Fuck by son MILF Nublies porn video yamyhub MILF porn videos Natasha nice porn video Natasha nice mom porn video Natasha nice MILF porn video MILF big tits mom fuck mom porn videos</p>
<p>The post <a rel="nofollow" href="https://www.yamyhub.com/video/big-tits-mom-natasha-nice-fucked-by-son-milf-nublies-porn/">big tits mom Natasha nice Fucked by son MILF Nublies porn</a> appeared first on <a rel="nofollow" href="https://www.yamyhub.com">Yamyhub</a>.</p>
]]></content:encoded>
					
		
		
			</item>
	</channel>
</rss>
