<?xml version="1.0" encoding="UTF-8"?><rss version="2.0"
	xmlns:content="http://purl.org/rss/1.0/modules/content/"
	xmlns:wfw="http://wellformedweb.org/CommentAPI/"
	xmlns:dc="http://purl.org/dc/elements/1.1/"
	xmlns:atom="http://www.w3.org/2005/Atom"
	xmlns:sy="http://purl.org/rss/1.0/modules/syndication/"
	xmlns:slash="http://purl.org/rss/1.0/modules/slash/"
	>

<channel>
	<title>Helena Price &#8211; Yamyhub</title>
	<atom:link href="https://www.yamyhub.com/categories/helena-price/feed/" rel="self" type="application/rss+xml" />
	<link>https://www.yamyhub.com</link>
	<description>Watch latest free HD Full length Porn video. Big ass, Big cock, MILF, Lesbian, Step sister and Step mother Porn videos. Yamyhub porn videos.</description>
	<lastBuildDate>Tue, 10 Aug 2021 13:35:35 +0000</lastBuildDate>
	<language>en-US</language>
	<sy:updatePeriod>
	hourly	</sy:updatePeriod>
	<sy:updateFrequency>
	1	</sy:updateFrequency>
	<generator>https://wordpress.org/?v=5.8</generator>

<image>
	<url>https://www.yamyhub.com/wp-content/uploads/2021/07/cropped-favicon-32x32.png</url>
	<title>Helena Price &#8211; Yamyhub</title>
	<link>https://www.yamyhub.com</link>
	<width>32</width>
	<height>32</height>
</image> 
	<item>
		<title>Mature mom strapon always ready for fuck reality king</title>
		<link>https://www.yamyhub.com/video/mature-mom-strapon-always-ready-for-fuck-reality-king/</link>
		
		<dc:creator><![CDATA[yamyhub]]></dc:creator>
		<pubDate>Wed, 28 Jul 2021 02:44:10 +0000</pubDate>
				<guid isPermaLink="false">https://www.yamyhub.com/?post_type=video&#038;p=3928</guid>

					<description><![CDATA[<p>Mature mom strapon always ready for fuck reality king Reality king porn stars Helena Price &#38; Chloe Temple lesbian porn videos. Mature Lesbian mom&#8217;s strapon fucked daughter. Domination yamyhub. Female domination sex videos. watch the latest lesbian fuck each other and pussies. lesbian kiss from tongue. Helena Price latest sex videos. Chloe Temple  lesbian porn [&#8230;]</p>
<p>The post <a rel="nofollow" href="https://www.yamyhub.com/video/mature-mom-strapon-always-ready-for-fuck-reality-king/">Mature mom strapon always ready for fuck reality king</a> appeared first on <a rel="nofollow" href="https://www.yamyhub.com">Yamyhub</a>.</p>
]]></description>
										<content:encoded><![CDATA[<h2>Mature mom strapon always ready for fuck reality king</h2>
<p>Reality king porn stars Helena Price &amp; Chloe Temple lesbian porn videos. Mature Lesbian mom&#8217;s strapon fucked daughter. Domination yamyhub. Female domination sex videos. watch the latest lesbian fuck each other and pussies. lesbian kiss from tongue. Helena Price latest sex videos. Chloe Temple  lesbian porn videos. TXXX porn spankbang porn videos.</p>
<p>The post <a rel="nofollow" href="https://www.yamyhub.com/video/mature-mom-strapon-always-ready-for-fuck-reality-king/">Mature mom strapon always ready for fuck reality king</a> appeared first on <a rel="nofollow" href="https://www.yamyhub.com">Yamyhub</a>.</p>
]]></content:encoded>
					
		
		
			</item>
	</channel>
</rss>
