<?xml version="1.0" encoding="UTF-8"?><rss version="2.0"
	xmlns:content="http://purl.org/rss/1.0/modules/content/"
	xmlns:wfw="http://wellformedweb.org/CommentAPI/"
	xmlns:dc="http://purl.org/dc/elements/1.1/"
	xmlns:atom="http://www.w3.org/2005/Atom"
	xmlns:sy="http://purl.org/rss/1.0/modules/syndication/"
	xmlns:slash="http://purl.org/rss/1.0/modules/slash/"
	>

<channel>
	<title>21sextury &#8211; Yamyhub</title>
	<atom:link href="https://www.yamyhub.com/categories/21sextury/feed/" rel="self" type="application/rss+xml" />
	<link>https://www.yamyhub.com</link>
	<description>Watch latest free HD Full length Porn video. Big ass, Big cock, MILF, Lesbian, Step sister and Step mother Porn videos. Yamyhub porn videos.</description>
	<lastBuildDate>Tue, 17 Aug 2021 13:27:40 +0000</lastBuildDate>
	<language>en-US</language>
	<sy:updatePeriod>
	hourly	</sy:updatePeriod>
	<sy:updateFrequency>
	1	</sy:updateFrequency>
	<generator>https://wordpress.org/?v=5.8</generator>

<image>
	<url>https://www.yamyhub.com/wp-content/uploads/2021/07/cropped-favicon-32x32.png</url>
	<title>21sextury &#8211; Yamyhub</title>
	<link>https://www.yamyhub.com</link>
	<width>32</width>
	<height>32</height>
</image> 
	<item>
		<title>21 sextury Ass hole for young brunette pornstar Kaia Katava</title>
		<link>https://www.yamyhub.com/video/21-sextury-ass-hole-for-young-brunette-pornstar-kaia-katava/</link>
		
		<dc:creator><![CDATA[yamyhub]]></dc:creator>
		<pubDate>Tue, 17 Aug 2021 12:35:14 +0000</pubDate>
				<guid isPermaLink="false">https://www.yamyhub.com/?post_type=video&#038;p=4600</guid>

					<description><![CDATA[<p>21 sextury Ass hole for young brunette pornstar Kaia Katava 21sextury pornstar Kaia Katava anal porn video. Skinny shaved pussy young brunette anal ass hole ride on cock. Dildo fuck ass yamyhub. Skinny shaved pussy want to get cock in the ass hole. Anal fucked for young brunette in her ass hole from cock. Dick [&#8230;]</p>
<p>The post <a rel="nofollow" href="https://www.yamyhub.com/video/21-sextury-ass-hole-for-young-brunette-pornstar-kaia-katava/">21 sextury Ass hole for young brunette pornstar Kaia Katava</a> appeared first on <a rel="nofollow" href="https://www.yamyhub.com">Yamyhub</a>.</p>
]]></description>
										<content:encoded><![CDATA[<h2>21 sextury Ass hole for young brunette pornstar Kaia Katava</h2>
<p>21sextury pornstar Kaia Katava anal porn video. Skinny shaved pussy young brunette anal ass hole ride on cock. Dildo fuck ass yamyhub. Skinny shaved pussy want to get cock in the ass hole. Anal fucked for young brunette in her ass hole from cock. Dick penetrate inside ass fuck. Young teen porn videos.</p>
<p>The post <a rel="nofollow" href="https://www.yamyhub.com/video/21-sextury-ass-hole-for-young-brunette-pornstar-kaia-katava/">21 sextury Ass hole for young brunette pornstar Kaia Katava</a> appeared first on <a rel="nofollow" href="https://www.yamyhub.com">Yamyhub</a>.</p>
]]></content:encoded>
					
		
		
			</item>
		<item>
		<title>21sextury Julia de lucia get cock in her ass anal eporner</title>
		<link>https://www.yamyhub.com/video/21sextury-julia-de-lucia-get-cock-in-her-ass-anal-eporner/</link>
		
		<dc:creator><![CDATA[yamyhub]]></dc:creator>
		<pubDate>Tue, 17 Aug 2021 05:15:27 +0000</pubDate>
				<guid isPermaLink="false">https://www.yamyhub.com/?post_type=video&#038;p=4580</guid>

					<description><![CDATA[<p>21sextury Julia de lucia get cock in her ass anal eporner 21sextury pornstar Julia de lucia Eporner sex video. Big boobs MILF take cock in ass. Horny porn video with girl get anal &#38; sex toy yamyhub. Pornstar Julia de lucia enjoy to get big cock in her ass at her birthday porn video. Eporner [&#8230;]</p>
<p>The post <a rel="nofollow" href="https://www.yamyhub.com/video/21sextury-julia-de-lucia-get-cock-in-her-ass-anal-eporner/">21sextury Julia de lucia get cock in her ass anal eporner</a> appeared first on <a rel="nofollow" href="https://www.yamyhub.com">Yamyhub</a>.</p>
]]></description>
										<content:encoded><![CDATA[<h2>21sextury Julia de lucia get cock in her ass anal eporner</h2>
<p>21sextury pornstar Julia de lucia Eporner sex video. Big boobs MILF take cock in ass. Horny porn video with girl get anal &amp; sex toy yamyhub. Pornstar Julia de lucia enjoy to get big cock in her ass at her birthday porn video. Eporner MILF Julia de lucia want to love anal sex in her ass hole at home.</p>
<p>The post <a rel="nofollow" href="https://www.yamyhub.com/video/21sextury-julia-de-lucia-get-cock-in-her-ass-anal-eporner/">21sextury Julia de lucia get cock in her ass anal eporner</a> appeared first on <a rel="nofollow" href="https://www.yamyhub.com">Yamyhub</a>.</p>
]]></content:encoded>
					
		
		
			</item>
		<item>
		<title>Aletta ocean big ass ride a dildo &#038; get organism 21sextury</title>
		<link>https://www.yamyhub.com/video/aletta-ocean-big-ass-ride-a-dildo-get-organism-21sextury/</link>
		
		<dc:creator><![CDATA[yamyhub]]></dc:creator>
		<pubDate>Sat, 31 Jul 2021 13:01:20 +0000</pubDate>
				<guid isPermaLink="false">https://www.yamyhub.com/?post_type=video&#038;p=4065</guid>

					<description><![CDATA[<p>Aletta ocean big ass ride a dildo &#38; get organism 21sextury 21sextury Porn star Aletta ocean solo porn video. Porn star with big boobs and big ass ride on dildo. Close up pussy fuck solo porn yamyhub. Aletta ocean try new sex toys to fuck her pussy. Pussy fuck with two huge dildo. Huge dildo [&#8230;]</p>
<p>The post <a rel="nofollow" href="https://www.yamyhub.com/video/aletta-ocean-big-ass-ride-a-dildo-get-organism-21sextury/">Aletta ocean big ass ride a dildo &#038; get organism 21sextury</a> appeared first on <a rel="nofollow" href="https://www.yamyhub.com">Yamyhub</a>.</p>
]]></description>
										<content:encoded><![CDATA[<h2>Aletta ocean big ass ride a dildo &amp; get organism 21sextury</h2>
<p>21sextury Porn star Aletta ocean solo porn video. Porn star with big boobs and big ass ride on dildo. Close up pussy fuck solo porn yamyhub. Aletta ocean try new sex toys to fuck her pussy. Pussy fuck with two huge dildo. Huge dildo fuck her pussy with solo porn star. 21sextury latest porn videos TXXX youporn videos.</p>
<p>The post <a rel="nofollow" href="https://www.yamyhub.com/video/aletta-ocean-big-ass-ride-a-dildo-get-organism-21sextury/">Aletta ocean big ass ride a dildo &#038; get organism 21sextury</a> appeared first on <a rel="nofollow" href="https://www.yamyhub.com">Yamyhub</a>.</p>
]]></content:encoded>
					
		
		
			</item>
		<item>
		<title>One dick for two sluts Asses &#038; mouth Kristof Cale Lilu Moon</title>
		<link>https://www.yamyhub.com/video/one-dick-for-two-sluts-asses-mouth-kristof-cale-lilu-moon/</link>
		
		<dc:creator><![CDATA[yamyhub]]></dc:creator>
		<pubDate>Tue, 13 Jul 2021 13:19:49 +0000</pubDate>
				<guid isPermaLink="false">https://www.yamyhub.com/?post_type=video&#038;p=3638</guid>

					<description><![CDATA[<p>One dick for two sluts Asses &#38; mouth Kristof Cale Lilu Moon 21sextury Threesome porn video One big dick for two big ass sluts in asses and mouth FFM threesome porn Kristof Cale and Lilu Moon yamyhub threesome latest porn video Female female male porn two female one male anal porn video threesome FFM porn [&#8230;]</p>
<p>The post <a rel="nofollow" href="https://www.yamyhub.com/video/one-dick-for-two-sluts-asses-mouth-kristof-cale-lilu-moon/">One dick for two sluts Asses &#038; mouth Kristof Cale Lilu Moon</a> appeared first on <a rel="nofollow" href="https://www.yamyhub.com">Yamyhub</a>.</p>
]]></description>
										<content:encoded><![CDATA[<h2>One dick for two sluts Asses &amp; mouth Kristof Cale Lilu Moon</h2>
<p>21sextury Threesome porn video One big dick for two big ass sluts in asses and mouth FFM threesome porn Kristof Cale and Lilu Moon yamyhub threesome latest porn video Female female male porn two female one male anal porn video threesome FFM porn Kristof Cale porn Kristof Cale threesome porn Lilu Moon porn video Lilu Moon threesome porn</p>
<p>The post <a rel="nofollow" href="https://www.yamyhub.com/video/one-dick-for-two-sluts-asses-mouth-kristof-cale-lilu-moon/">One dick for two sluts Asses &#038; mouth Kristof Cale Lilu Moon</a> appeared first on <a rel="nofollow" href="https://www.yamyhub.com">Yamyhub</a>.</p>
]]></content:encoded>
					
		
		
			</item>
	</channel>
</rss>
