<?xml version="1.0" encoding="UTF-8"?><rss version="2.0"
	xmlns:content="http://purl.org/rss/1.0/modules/content/"
	xmlns:wfw="http://wellformedweb.org/CommentAPI/"
	xmlns:dc="http://purl.org/dc/elements/1.1/"
	xmlns:atom="http://www.w3.org/2005/Atom"
	xmlns:sy="http://purl.org/rss/1.0/modules/syndication/"
	xmlns:slash="http://purl.org/rss/1.0/modules/slash/"
	>

<channel>
	<title>Aletta ocean &#8211; Yamyhub</title>
	<atom:link href="https://www.yamyhub.com/categories/aletta-ocean/feed/" rel="self" type="application/rss+xml" />
	<link>https://www.yamyhub.com</link>
	<description>Watch latest free HD Full length Porn video. Big ass, Big cock, MILF, Lesbian, Step sister and Step mother Porn videos. Yamyhub porn videos.</description>
	<lastBuildDate>Tue, 10 Aug 2021 13:36:22 +0000</lastBuildDate>
	<language>en-US</language>
	<sy:updatePeriod>
	hourly	</sy:updatePeriod>
	<sy:updateFrequency>
	1	</sy:updateFrequency>
	<generator>https://wordpress.org/?v=5.8</generator>

<image>
	<url>https://www.yamyhub.com/wp-content/uploads/2021/07/cropped-favicon-32x32.png</url>
	<title>Aletta ocean &#8211; Yamyhub</title>
	<link>https://www.yamyhub.com</link>
	<width>32</width>
	<height>32</height>
</image> 
	<item>
		<title>Big tits secretary Shaved pussy Aletta ocean suck boss cock</title>
		<link>https://www.yamyhub.com/video/big-tits-secretary-shaved-pussy-aletta-ocean-suck-boss-cock/</link>
		
		<dc:creator><![CDATA[yamyhub]]></dc:creator>
		<pubDate>Thu, 05 Aug 2021 12:35:37 +0000</pubDate>
				<guid isPermaLink="false">https://www.yamyhub.com/?post_type=video&#038;p=4162</guid>

					<description><![CDATA[<p>Big tits secretary Shaved pussy Aletta ocean suck boss cock Porn stars Aletta ocean &#38; Raul costa porn videos. Big boobs secretary Want to sex with boss at office. Shaved pussy Aletta ocean Yamyhub. Hungarian MILF Aletta ocean takes her boss cock inside her pussy. Office sex with boss latest porn video. Best video for [&#8230;]</p>
<p>The post <a rel="nofollow" href="https://www.yamyhub.com/video/big-tits-secretary-shaved-pussy-aletta-ocean-suck-boss-cock/">Big tits secretary Shaved pussy Aletta ocean suck boss cock</a> appeared first on <a rel="nofollow" href="https://www.yamyhub.com">Yamyhub</a>.</p>
]]></description>
										<content:encoded><![CDATA[<h2>Big tits secretary Shaved pussy Aletta ocean suck boss cock</h2>
<p>Porn stars Aletta ocean &amp; Raul costa porn videos. Big boobs secretary Want to sex with boss at office. Shaved pussy Aletta ocean Yamyhub. Hungarian MILF Aletta ocean takes her boss cock inside her pussy. Office sex with boss latest porn video. Best video for Office Sex big tits shaved pussy Aletta ocean. Pornhub videos eporner sex video xxx.</p>
<p>The post <a rel="nofollow" href="https://www.yamyhub.com/video/big-tits-secretary-shaved-pussy-aletta-ocean-suck-boss-cock/">Big tits secretary Shaved pussy Aletta ocean suck boss cock</a> appeared first on <a rel="nofollow" href="https://www.yamyhub.com">Yamyhub</a>.</p>
]]></content:encoded>
					
		
		
			</item>
		<item>
		<title>Aletta ocean big ass ride a dildo &#038; get organism 21sextury</title>
		<link>https://www.yamyhub.com/video/aletta-ocean-big-ass-ride-a-dildo-get-organism-21sextury/</link>
		
		<dc:creator><![CDATA[yamyhub]]></dc:creator>
		<pubDate>Sat, 31 Jul 2021 13:01:20 +0000</pubDate>
				<guid isPermaLink="false">https://www.yamyhub.com/?post_type=video&#038;p=4065</guid>

					<description><![CDATA[<p>Aletta ocean big ass ride a dildo &#38; get organism 21sextury 21sextury Porn star Aletta ocean solo porn video. Porn star with big boobs and big ass ride on dildo. Close up pussy fuck solo porn yamyhub. Aletta ocean try new sex toys to fuck her pussy. Pussy fuck with two huge dildo. Huge dildo [&#8230;]</p>
<p>The post <a rel="nofollow" href="https://www.yamyhub.com/video/aletta-ocean-big-ass-ride-a-dildo-get-organism-21sextury/">Aletta ocean big ass ride a dildo &#038; get organism 21sextury</a> appeared first on <a rel="nofollow" href="https://www.yamyhub.com">Yamyhub</a>.</p>
]]></description>
										<content:encoded><![CDATA[<h2>Aletta ocean big ass ride a dildo &amp; get organism 21sextury</h2>
<p>21sextury Porn star Aletta ocean solo porn video. Porn star with big boobs and big ass ride on dildo. Close up pussy fuck solo porn yamyhub. Aletta ocean try new sex toys to fuck her pussy. Pussy fuck with two huge dildo. Huge dildo fuck her pussy with solo porn star. 21sextury latest porn videos TXXX youporn videos.</p>
<p>The post <a rel="nofollow" href="https://www.yamyhub.com/video/aletta-ocean-big-ass-ride-a-dildo-get-organism-21sextury/">Aletta ocean big ass ride a dildo &#038; get organism 21sextury</a> appeared first on <a rel="nofollow" href="https://www.yamyhub.com">Yamyhub</a>.</p>
]]></content:encoded>
					
		
		
			</item>
		<item>
		<title>Secretary &#038; office boy sex in office when boss gone</title>
		<link>https://www.yamyhub.com/video/secretary-office-boy-sex-in-office-when-boss-gone/</link>
		
		<dc:creator><![CDATA[yamyhub]]></dc:creator>
		<pubDate>Thu, 29 Jul 2021 05:05:01 +0000</pubDate>
				<guid isPermaLink="false">https://www.yamyhub.com/?post_type=video&#038;p=3943</guid>

					<description><![CDATA[<p>Secretary &#38; office boy sex in office when boss gone DDF network Porn star Aletta ocean porn video. Office boy Fuck boss secretary in office when boos is gone. Office Porn Aletta ocean Yamyhub. Brunettes ass Aletta ocean take office boy cock. Porn star Aletta ocean love to fuck in office. Office boy pound Alleta [&#8230;]</p>
<p>The post <a rel="nofollow" href="https://www.yamyhub.com/video/secretary-office-boy-sex-in-office-when-boss-gone/">Secretary &#038; office boy sex in office when boss gone</a> appeared first on <a rel="nofollow" href="https://www.yamyhub.com">Yamyhub</a>.</p>
]]></description>
										<content:encoded><![CDATA[<h2>Secretary &amp; office boy sex in office when boss gone</h2>
<p>DDF network Porn star Aletta ocean porn video. Office boy Fuck boss secretary in office when boos is gone. Office Porn Aletta ocean Yamyhub. Brunettes ass Aletta ocean take office boy cock. Porn star Aletta ocean love to fuck in office. Office boy pound Alleta ocean when boss not at office. DDF network porn videos. TXXX porn Youporn videos.</p>
<p>The post <a rel="nofollow" href="https://www.yamyhub.com/video/secretary-office-boy-sex-in-office-when-boss-gone/">Secretary &#038; office boy sex in office when boss gone</a> appeared first on <a rel="nofollow" href="https://www.yamyhub.com">Yamyhub</a>.</p>
]]></content:encoded>
					
		
		
			</item>
		<item>
		<title>big Crew member Aletta ocean Fucked in Aeroplan</title>
		<link>https://www.yamyhub.com/video/big-crew-member-aletta-ocean-fucked-in-aeroplan/</link>
		
		<dc:creator><![CDATA[yamyhub]]></dc:creator>
		<pubDate>Tue, 27 Jul 2021 04:26:18 +0000</pubDate>
				<guid isPermaLink="false">https://www.yamyhub.com/?post_type=video&#038;p=3925</guid>

					<description><![CDATA[<p>big Crew member Aletta ocean Fucked in Aeroplan Digital playground Porn star Aletta ocean sex video.  Daftsex porn video spankbang porn video. Public HD porn yamyhub. Big boobs Aletta ocean penetrate cock inside boobs.  Digital playground Public sex videos. Big ass big boobs Aeroplan crew member Aletta ocean fucked. Big ass Aletta ocean Fucked hardcore [&#8230;]</p>
<p>The post <a rel="nofollow" href="https://www.yamyhub.com/video/big-crew-member-aletta-ocean-fucked-in-aeroplan/">big Crew member Aletta ocean Fucked in Aeroplan</a> appeared first on <a rel="nofollow" href="https://www.yamyhub.com">Yamyhub</a>.</p>
]]></description>
										<content:encoded><![CDATA[<h2>big Crew member Aletta ocean Fucked in Aeroplan</h2>
<p>Digital playground Porn star Aletta ocean sex video.  Daftsex porn video spankbang porn video. Public HD porn yamyhub. Big boobs Aletta ocean penetrate cock inside boobs.  Digital playground Public sex videos. Big ass big boobs Aeroplan crew member Aletta ocean fucked. Big ass Aletta ocean Fucked hardcore from cock in Aeroplan.</p>
<p>The post <a rel="nofollow" href="https://www.yamyhub.com/video/big-crew-member-aletta-ocean-fucked-in-aeroplan/">big Crew member Aletta ocean Fucked in Aeroplan</a> appeared first on <a rel="nofollow" href="https://www.yamyhub.com">Yamyhub</a>.</p>
]]></content:encoded>
					
		
		
			</item>
	</channel>
</rss>
