<?xml version="1.0" encoding="UTF-8"?><rss version="2.0"
	xmlns:content="http://purl.org/rss/1.0/modules/content/"
	xmlns:wfw="http://wellformedweb.org/CommentAPI/"
	xmlns:dc="http://purl.org/dc/elements/1.1/"
	xmlns:atom="http://www.w3.org/2005/Atom"
	xmlns:sy="http://purl.org/rss/1.0/modules/syndication/"
	xmlns:slash="http://purl.org/rss/1.0/modules/slash/"
	>

<channel>
	<title>Ava Addams &#8211; Yamyhub</title>
	<atom:link href="https://www.yamyhub.com/categories/ava-addams/feed/" rel="self" type="application/rss+xml" />
	<link>https://www.yamyhub.com</link>
	<description>Watch latest free HD Full length Porn video. Big ass, Big cock, MILF, Lesbian, Step sister and Step mother Porn videos. Yamyhub porn videos.</description>
	<lastBuildDate>Fri, 16 Jul 2021 13:56:09 +0000</lastBuildDate>
	<language>en-US</language>
	<sy:updatePeriod>
	hourly	</sy:updatePeriod>
	<sy:updateFrequency>
	1	</sy:updateFrequency>
	<generator>https://wordpress.org/?v=5.7.2</generator>

<image>
	<url>https://www.yamyhub.com/wp-content/uploads/2021/06/favicon.png</url>
	<title>Ava Addams &#8211; Yamyhub</title>
	<link>https://www.yamyhub.com</link>
	<width>32</width>
	<height>32</height>
</image> 
	<item>
		<title>Big boobs mature women Angela white ava Addams fuck threesome</title>
		<link>https://www.yamyhub.com/video/big-boobs-mature-women-angela-white-ava-addams-fuck-threesome/</link>
		
		<dc:creator><![CDATA[yamyhub]]></dc:creator>
		<pubDate>Fri, 16 Jul 2021 13:15:00 +0000</pubDate>
				<guid isPermaLink="false">https://www.yamyhub.com/?post_type=video&#038;p=3712</guid>

					<description><![CDATA[<p>Big boobs mature women Angela white ava Addams fuck threesome Big boobs porn stars Angela white &#38; Ava Addams porn video Big boobs mature women Angela white Ava Addams fuck threesome FFM Manuel Ferrara Angela white porn video Ava Addams porn video big boobs porn stars mature women porn video threesome porn FFM Female female [&#8230;]</p>
<p>The post <a rel="nofollow" href="https://www.yamyhub.com/video/big-boobs-mature-women-angela-white-ava-addams-fuck-threesome/">Big boobs mature women Angela white ava Addams fuck threesome</a> appeared first on <a rel="nofollow" href="https://www.yamyhub.com">Yamyhub</a>.</p>
]]></description>
										<content:encoded><![CDATA[<h2>Big boobs mature women Angela white ava Addams fuck threesome</h2>
<p>Big boobs porn stars Angela white &amp; Ava Addams porn video Big boobs mature women Angela white Ava Addams fuck threesome FFM Manuel Ferrara Angela white porn video Ava Addams porn video big boobs porn stars mature women porn video threesome porn FFM Female female male porn Manuel Ferrara porn video TXXX video xvideos.</p>
<p>The post <a rel="nofollow" href="https://www.yamyhub.com/video/big-boobs-mature-women-angela-white-ava-addams-fuck-threesome/">Big boobs mature women Angela white ava Addams fuck threesome</a> appeared first on <a rel="nofollow" href="https://www.yamyhub.com">Yamyhub</a>.</p>
]]></content:encoded>
					
		
		
			</item>
	</channel>
</rss>
