<?xml version="1.0" encoding="UTF-8"?><rss version="2.0"
	xmlns:content="http://purl.org/rss/1.0/modules/content/"
	xmlns:wfw="http://wellformedweb.org/CommentAPI/"
	xmlns:dc="http://purl.org/dc/elements/1.1/"
	xmlns:atom="http://www.w3.org/2005/Atom"
	xmlns:sy="http://purl.org/rss/1.0/modules/syndication/"
	xmlns:slash="http://purl.org/rss/1.0/modules/slash/"
	>

<channel>
	<title>Aidra Fox &#8211; Yamyhub</title>
	<atom:link href="https://www.yamyhub.com/categories/aidra-fox/feed/" rel="self" type="application/rss+xml" />
	<link>https://www.yamyhub.com</link>
	<description>Watch latest free HD Full length Porn video. Big ass, Big cock, MILF, Lesbian, Step sister and Step mother Porn videos. Yamyhub porn videos.</description>
	<lastBuildDate>Wed, 11 Aug 2021 12:42:33 +0000</lastBuildDate>
	<language>en-US</language>
	<sy:updatePeriod>
	hourly	</sy:updatePeriod>
	<sy:updateFrequency>
	1	</sy:updateFrequency>
	<generator>https://wordpress.org/?v=5.8</generator>

<image>
	<url>https://www.yamyhub.com/wp-content/uploads/2021/07/cropped-favicon-32x32.png</url>
	<title>Aidra Fox &#8211; Yamyhub</title>
	<link>https://www.yamyhub.com</link>
	<width>32</width>
	<height>32</height>
</image> 
	<item>
		<title>Evil angel Hot pussy &#038; blowjob gift on birthday Aidra fox</title>
		<link>https://www.yamyhub.com/video/evil-angel-hot-pussy-blowjob-gift-on-birthday-aidra-fox/</link>
		
		<dc:creator><![CDATA[yamyhub]]></dc:creator>
		<pubDate>Fri, 30 Jul 2021 07:16:55 +0000</pubDate>
				<guid isPermaLink="false">https://www.yamyhub.com/?post_type=video&#038;p=3973</guid>

					<description><![CDATA[<p>Evil angel Hot pussy &#38; blowjob gift on birthday Aidra fox Evilangel Porn star Aidra fox Porn videos. hot Pussy &#38; blowjob gift on birthday. Aidra fox get pleasant surprise on anal porn yamyhub. Evilangel latest HD full length porn videos. unexpected cumshot for busty porn star Aidra fox sex videos. surprise sex for Aidra [&#8230;]</p>
<p>The post <a rel="nofollow" href="https://www.yamyhub.com/video/evil-angel-hot-pussy-blowjob-gift-on-birthday-aidra-fox/">Evil angel Hot pussy &#038; blowjob gift on birthday Aidra fox</a> appeared first on <a rel="nofollow" href="https://www.yamyhub.com">Yamyhub</a>.</p>
]]></description>
										<content:encoded><![CDATA[<h2>Evil angel Hot pussy &amp; blowjob gift on birthday Aidra fox</h2>
<p>Evilangel Porn star Aidra fox Porn videos. hot Pussy &amp; blowjob gift on birthday. Aidra fox get pleasant surprise on anal porn yamyhub. Evilangel latest HD full length porn videos. unexpected cumshot for busty porn star Aidra fox sex videos. surprise sex for Aidra fox with blowjob and pussy gift to husband on birthday. Evilangel Aidra fox daftsex XNXX porn.</p>
<p>The post <a rel="nofollow" href="https://www.yamyhub.com/video/evil-angel-hot-pussy-blowjob-gift-on-birthday-aidra-fox/">Evil angel Hot pussy &#038; blowjob gift on birthday Aidra fox</a> appeared first on <a rel="nofollow" href="https://www.yamyhub.com">Yamyhub</a>.</p>
]]></content:encoded>
					
		
		
			</item>
		<item>
		<title>Tori black &#038; Aidra fox lesbians are angels of sex</title>
		<link>https://www.yamyhub.com/video/tori-black-aidra-fox-lesbians-are-angels-of-sex/</link>
		
		<dc:creator><![CDATA[yamyhub]]></dc:creator>
		<pubDate>Wed, 28 Jul 2021 03:00:03 +0000</pubDate>
				<guid isPermaLink="false">https://www.yamyhub.com/?post_type=video&#038;p=3930</guid>

					<description><![CDATA[<p>Tori black &#38; Aidra fox lesbians are angels of sex Lesbianx Porn stars Aidra Fox &#38; Tori Black porn videos. Shaved pussy lesbian finger &#38; lick each other. lesbian angels fuck ass yamyhub sex. Porn star Aidra fox latest lesbian porn video. Porn star Tori Black latest lesbian sex video. lesbian angel fucking each other. [&#8230;]</p>
<p>The post <a rel="nofollow" href="https://www.yamyhub.com/video/tori-black-aidra-fox-lesbians-are-angels-of-sex/">Tori black &#038; Aidra fox lesbians are angels of sex</a> appeared first on <a rel="nofollow" href="https://www.yamyhub.com">Yamyhub</a>.</p>
]]></description>
										<content:encoded><![CDATA[<h2>Tori black &amp; Aidra fox lesbians are angels of sex</h2>
<p>Lesbianx Porn stars Aidra Fox &amp; Tori Black porn videos. Shaved pussy lesbian finger &amp; lick each other. lesbian angels fuck ass yamyhub sex. Porn star Aidra fox latest lesbian porn video. Porn star Tori Black latest lesbian sex video. lesbian angel fucking each other. lesbian with shaved pussy lick. lesbianx porn videos. Daftsex latest porn youporn videos.</p>
<p>The post <a rel="nofollow" href="https://www.yamyhub.com/video/tori-black-aidra-fox-lesbians-are-angels-of-sex/">Tori black &#038; Aidra fox lesbians are angels of sex</a> appeared first on <a rel="nofollow" href="https://www.yamyhub.com">Yamyhub</a>.</p>
]]></content:encoded>
					
		
		
			</item>
		<item>
		<title>Porn stars shaking boobs dani daniels Karlee Grey Adriana Chechik</title>
		<link>https://www.yamyhub.com/video/porn-stars-shaking-boobs-dani-daniels-karlee-grey-adriana-chechik/</link>
		
		<dc:creator><![CDATA[yamyhub]]></dc:creator>
		<pubDate>Sat, 17 Jul 2021 02:35:13 +0000</pubDate>
				<guid isPermaLink="false">https://www.yamyhub.com/?post_type=video&#038;p=3717</guid>

					<description><![CDATA[<p>Porn stars shaking boobs dani daniels Karlee Grey Adriana Chechik Porn stars shaking boobs porn video. Big boobs shake by Dani Daniels Karlee grey Adriana Chechik Peta Jensen Aidra Fox Porn star yamyhub. Dani Daniels porn video Karlee grey porn video. Adriana Chechik porn video Aidra Fox porn video. Peta Jensen porn video boobs shake [&#8230;]</p>
<p>The post <a rel="nofollow" href="https://www.yamyhub.com/video/porn-stars-shaking-boobs-dani-daniels-karlee-grey-adriana-chechik/">Porn stars shaking boobs dani daniels Karlee Grey Adriana Chechik</a> appeared first on <a rel="nofollow" href="https://www.yamyhub.com">Yamyhub</a>.</p>
]]></description>
										<content:encoded><![CDATA[<h2>Porn stars shaking boobs dani daniels Karlee Grey Adriana Chechik</h2>
<p>Porn stars shaking boobs porn video. Big boobs shake by Dani Daniels Karlee grey Adriana Chechik Peta Jensen Aidra Fox Porn star yamyhub. Dani Daniels porn video Karlee grey porn video. Adriana Chechik porn video Aidra Fox porn video. Peta Jensen porn video boobs shake yamyhub. spankbang video youporn video.</p>
<p>The post <a rel="nofollow" href="https://www.yamyhub.com/video/porn-stars-shaking-boobs-dani-daniels-karlee-grey-adriana-chechik/">Porn stars shaking boobs dani daniels Karlee Grey Adriana Chechik</a> appeared first on <a rel="nofollow" href="https://www.yamyhub.com">Yamyhub</a>.</p>
]]></content:encoded>
					
		
		
			</item>
		<item>
		<title>Brazzers &#8211; Four Sluty big ass teen Fuck hardcore By Mr lee</title>
		<link>https://www.yamyhub.com/video/brazzers-four-sluty-big-ass-teen-fuck-hardcore-by-mr-lee/</link>
		
		<dc:creator><![CDATA[yamyhub]]></dc:creator>
		<pubDate>Sun, 20 Jun 2021 05:58:26 +0000</pubDate>
				<guid isPermaLink="false">https://www.yamyhub.com/?post_type=video&#038;p=3409</guid>

					<description><![CDATA[<p>Brazzers &#8211; Four Sluty big ass teen Fuck hardcore By Mr lee Mr lee porn videos, Mr Lee fuck four girls in office. big ass bog boobs Lana rhoades porn videos. Riley Reid porn videos, Riley Reid fuck in office. Janice Griffith porn videos, Janice Griffith lesbian porn videos, Aidra Fox porn videos Aidra Fox [&#8230;]</p>
<p>The post <a rel="nofollow" href="https://www.yamyhub.com/video/brazzers-four-sluty-big-ass-teen-fuck-hardcore-by-mr-lee/">Brazzers &#8211; Four Sluty big ass teen Fuck hardcore By Mr lee</a> appeared first on <a rel="nofollow" href="https://www.yamyhub.com">Yamyhub</a>.</p>
]]></description>
										<content:encoded><![CDATA[<h2>Brazzers &#8211; Four Sluty big ass teen Fuck hardcore By Mr lee</h2>
<p>Mr lee porn videos, Mr Lee fuck four girls in office. big ass bog boobs Lana rhoades porn videos. Riley Reid porn videos, Riley Reid fuck in office.</p>
<p>Janice Griffith porn videos, Janice Griffith lesbian porn videos, Aidra Fox porn videos Aidra Fox lesbian organism porn. Brazzers girls gang porn videos.</p>
<p>The post <a rel="nofollow" href="https://www.yamyhub.com/video/brazzers-four-sluty-big-ass-teen-fuck-hardcore-by-mr-lee/">Brazzers &#8211; Four Sluty big ass teen Fuck hardcore By Mr lee</a> appeared first on <a rel="nofollow" href="https://www.yamyhub.com">Yamyhub</a>.</p>
]]></content:encoded>
					
		
		
			</item>
	</channel>
</rss>
