<?xml version="1.0" encoding="UTF-8"?><rss version="2.0"
	xmlns:content="http://purl.org/rss/1.0/modules/content/"
	xmlns:wfw="http://wellformedweb.org/CommentAPI/"
	xmlns:dc="http://purl.org/dc/elements/1.1/"
	xmlns:atom="http://www.w3.org/2005/Atom"
	xmlns:sy="http://purl.org/rss/1.0/modules/syndication/"
	xmlns:slash="http://purl.org/rss/1.0/modules/slash/"
	>

<channel>
	<title>Karlee grey &#8211; Yamyhub</title>
	<atom:link href="https://www.yamyhub.com/categories/karlee-grey/feed/" rel="self" type="application/rss+xml" />
	<link>https://www.yamyhub.com</link>
	<description>Watch latest free HD Full length Porn video. Big ass, Big cock, MILF, Lesbian, Step sister and Step mother Porn videos. Yamyhub porn videos.</description>
	<lastBuildDate>Wed, 11 Aug 2021 12:42:33 +0000</lastBuildDate>
	<language>en-US</language>
	<sy:updatePeriod>
	hourly	</sy:updatePeriod>
	<sy:updateFrequency>
	1	</sy:updateFrequency>
	<generator>https://wordpress.org/?v=5.8</generator>

<image>
	<url>https://www.yamyhub.com/wp-content/uploads/2021/07/cropped-favicon-32x32.png</url>
	<title>Karlee grey &#8211; Yamyhub</title>
	<link>https://www.yamyhub.com</link>
	<width>32</width>
	<height>32</height>
</image> 
	<item>
		<title>Porn stars shaking boobs dani daniels Karlee Grey Adriana Chechik</title>
		<link>https://www.yamyhub.com/video/porn-stars-shaking-boobs-dani-daniels-karlee-grey-adriana-chechik/</link>
		
		<dc:creator><![CDATA[yamyhub]]></dc:creator>
		<pubDate>Sat, 17 Jul 2021 02:35:13 +0000</pubDate>
				<guid isPermaLink="false">https://www.yamyhub.com/?post_type=video&#038;p=3717</guid>

					<description><![CDATA[<p>Porn stars shaking boobs dani daniels Karlee Grey Adriana Chechik Porn stars shaking boobs porn video. Big boobs shake by Dani Daniels Karlee grey Adriana Chechik Peta Jensen Aidra Fox Porn star yamyhub. Dani Daniels porn video Karlee grey porn video. Adriana Chechik porn video Aidra Fox porn video. Peta Jensen porn video boobs shake [&#8230;]</p>
<p>The post <a rel="nofollow" href="https://www.yamyhub.com/video/porn-stars-shaking-boobs-dani-daniels-karlee-grey-adriana-chechik/">Porn stars shaking boobs dani daniels Karlee Grey Adriana Chechik</a> appeared first on <a rel="nofollow" href="https://www.yamyhub.com">Yamyhub</a>.</p>
]]></description>
										<content:encoded><![CDATA[<h2>Porn stars shaking boobs dani daniels Karlee Grey Adriana Chechik</h2>
<p>Porn stars shaking boobs porn video. Big boobs shake by Dani Daniels Karlee grey Adriana Chechik Peta Jensen Aidra Fox Porn star yamyhub. Dani Daniels porn video Karlee grey porn video. Adriana Chechik porn video Aidra Fox porn video. Peta Jensen porn video boobs shake yamyhub. spankbang video youporn video.</p>
<p>The post <a rel="nofollow" href="https://www.yamyhub.com/video/porn-stars-shaking-boobs-dani-daniels-karlee-grey-adriana-chechik/">Porn stars shaking boobs dani daniels Karlee Grey Adriana Chechik</a> appeared first on <a rel="nofollow" href="https://www.yamyhub.com">Yamyhub</a>.</p>
]]></content:encoded>
					
		
		
			</item>
		<item>
		<title>Hot stepsister teens Karlee Gray &#038; Valentina Nappi Fucked</title>
		<link>https://www.yamyhub.com/video/hot-stepsister-teens-karlee-gray-valentina-nappi-fucked/</link>
		
		<dc:creator><![CDATA[yamyhub]]></dc:creator>
		<pubDate>Sat, 19 Jun 2021 13:56:05 +0000</pubDate>
				<guid isPermaLink="false">https://www.yamyhub.com/?post_type=video&#038;p=3407</guid>

					<description><![CDATA[<p>Hot stepsister teens Karlee Gray &#38; Valentina Nappi Fucked Hot stepsister Teens karlee gray and valentina nappi fucked hardcore on bedroom from Jessy Jones. Jessy jones big cock fuck two beautiful teen. big ass big tits big boobs teen fuck on bed. sandwich girl fucked. big ass porn videos. brazzers threesome porn videos. &#160;</p>
<p>The post <a rel="nofollow" href="https://www.yamyhub.com/video/hot-stepsister-teens-karlee-gray-valentina-nappi-fucked/">Hot stepsister teens Karlee Gray &#038; Valentina Nappi Fucked</a> appeared first on <a rel="nofollow" href="https://www.yamyhub.com">Yamyhub</a>.</p>
]]></description>
										<content:encoded><![CDATA[<h2>Hot stepsister teens Karlee Gray &amp; Valentina Nappi Fucked</h2>
<p>Hot stepsister Teens karlee gray and valentina nappi fucked hardcore on bedroom from Jessy Jones. Jessy jones big cock fuck two beautiful teen. big ass big tits big boobs teen fuck on bed. sandwich girl fucked. big ass porn videos. brazzers threesome porn videos.</p>
<p>&nbsp;</p>
<p>The post <a rel="nofollow" href="https://www.yamyhub.com/video/hot-stepsister-teens-karlee-gray-valentina-nappi-fucked/">Hot stepsister teens Karlee Gray &#038; Valentina Nappi Fucked</a> appeared first on <a rel="nofollow" href="https://www.yamyhub.com">Yamyhub</a>.</p>
]]></content:encoded>
					
		
		
			</item>
		<item>
		<title>Blonde babe Abella danger &#038; Brunette Karlee Gray Finger each other</title>
		<link>https://www.yamyhub.com/video/blonde-babe-abella-danger-brunette-karlee-gray-finger-each-other/</link>
		
		<dc:creator><![CDATA[yamyhub]]></dc:creator>
		<pubDate>Mon, 14 Jun 2021 17:54:59 +0000</pubDate>
				<guid isPermaLink="false">https://www.yamyhub.com/?post_type=video&#038;p=3348</guid>

					<description><![CDATA[<p>Blonde babe Abella danger &#38; Brunette Karlee Gray Finger each other Blonde hair big ass baby Abella danger and brunette hair karlee gray finfer each other lesbian porn videos/ porn videos hd. lesbian porn video. blonde porn. Abella danger porn videos. karlee gray porn.</p>
<p>The post <a rel="nofollow" href="https://www.yamyhub.com/video/blonde-babe-abella-danger-brunette-karlee-gray-finger-each-other/">Blonde babe Abella danger &#038; Brunette Karlee Gray Finger each other</a> appeared first on <a rel="nofollow" href="https://www.yamyhub.com">Yamyhub</a>.</p>
]]></description>
										<content:encoded><![CDATA[<h1>Blonde babe Abella danger &amp; Brunette Karlee Gray Finger each other</h1>
<p>Blonde hair big ass baby Abella danger and brunette hair karlee gray finfer each other lesbian porn videos/ porn videos hd. lesbian porn video. blonde porn.</p>
<p>Abella danger porn videos. karlee gray porn.</p>
<p>The post <a rel="nofollow" href="https://www.yamyhub.com/video/blonde-babe-abella-danger-brunette-karlee-gray-finger-each-other/">Blonde babe Abella danger &#038; Brunette Karlee Gray Finger each other</a> appeared first on <a rel="nofollow" href="https://www.yamyhub.com">Yamyhub</a>.</p>
]]></content:encoded>
					
		
		
			</item>
	</channel>
</rss>
