<?xml version="1.0" encoding="UTF-8"?><rss version="2.0"
	xmlns:content="http://purl.org/rss/1.0/modules/content/"
	xmlns:wfw="http://wellformedweb.org/CommentAPI/"
	xmlns:dc="http://purl.org/dc/elements/1.1/"
	xmlns:atom="http://www.w3.org/2005/Atom"
	xmlns:sy="http://purl.org/rss/1.0/modules/syndication/"
	xmlns:slash="http://purl.org/rss/1.0/modules/slash/"
	>

<channel>
	<title>Valentina Nappi &#8211; Yamyhub</title>
	<atom:link href="https://www.yamyhub.com/categories/valentina-nappi/feed/" rel="self" type="application/rss+xml" />
	<link>https://www.yamyhub.com</link>
	<description>Watch latest free HD Full length Porn video. Big ass, Big cock, MILF, Lesbian, Step sister and Step mother Porn videos. Yamyhub porn videos.</description>
	<lastBuildDate>Thu, 01 Jul 2021 10:06:56 +0000</lastBuildDate>
	<language>en-US</language>
	<sy:updatePeriod>
	hourly	</sy:updatePeriod>
	<sy:updateFrequency>
	1	</sy:updateFrequency>
	<generator>https://wordpress.org/?v=5.7.2</generator>

<image>
	<url>https://www.yamyhub.com/wp-content/uploads/2021/06/favicon.png</url>
	<title>Valentina Nappi &#8211; Yamyhub</title>
	<link>https://www.yamyhub.com</link>
	<width>32</width>
	<height>32</height>
</image> 
	<item>
		<title>Two hot girl take black cock Natasha nice &#038; Valentina nappi</title>
		<link>https://www.yamyhub.com/video/two-hot-girl-take-black-cock-natasha-nice-valentina-nappi/</link>
		
		<dc:creator><![CDATA[yamyhub]]></dc:creator>
		<pubDate>Thu, 01 Jul 2021 10:06:03 +0000</pubDate>
				<guid isPermaLink="false">https://www.yamyhub.com/?post_type=video&#038;p=3503</guid>

					<description><![CDATA[<p>Two hot girl take black cock Natasha nice &#38; Valentina nappi Threesome porn video two Hot lesbian Natasha nice and Valentina nappi Fucked by big black cock yamyhub lesbian organism porn video natasha nice lesbian porn video valentina nappi lesbian porn video lesbian organism porn videos</p>
<p>The post <a rel="nofollow" href="https://www.yamyhub.com/video/two-hot-girl-take-black-cock-natasha-nice-valentina-nappi/">Two hot girl take black cock Natasha nice &#038; Valentina nappi</a> appeared first on <a rel="nofollow" href="https://www.yamyhub.com">Yamyhub</a>.</p>
]]></description>
										<content:encoded><![CDATA[<h2>Two hot girl take black cock Natasha nice &amp; Valentina nappi</h2>
<p>Threesome porn video two Hot lesbian Natasha nice and Valentina nappi Fucked by big black cock yamyhub lesbian organism porn video natasha nice lesbian porn video valentina nappi lesbian porn video lesbian organism porn videos</p>
<p>The post <a rel="nofollow" href="https://www.yamyhub.com/video/two-hot-girl-take-black-cock-natasha-nice-valentina-nappi/">Two hot girl take black cock Natasha nice &#038; Valentina nappi</a> appeared first on <a rel="nofollow" href="https://www.yamyhub.com">Yamyhub</a>.</p>
]]></content:encoded>
					
		
		
			</item>
		<item>
		<title>Hot stepsister teens Karlee Gray &#038; Valentina Nappi Fucked</title>
		<link>https://www.yamyhub.com/video/hot-stepsister-teens-karlee-gray-valentina-nappi-fucked/</link>
		
		<dc:creator><![CDATA[yamyhub]]></dc:creator>
		<pubDate>Sat, 19 Jun 2021 13:56:05 +0000</pubDate>
				<guid isPermaLink="false">https://www.yamyhub.com/?post_type=video&#038;p=3407</guid>

					<description><![CDATA[<p>Hot stepsister teens Karlee Gray &#38; Valentina Nappi Fucked Hot stepsister Teens karlee gray and valentina nappi fucked hardcore on bedroom from Jessy Jones. Jessy jones big cock fuck two beautiful teen. big ass big tits big boobs teen fuck on bed. sandwich girl fucked. big ass porn videos. brazzers threesome porn videos. &#160;</p>
<p>The post <a rel="nofollow" href="https://www.yamyhub.com/video/hot-stepsister-teens-karlee-gray-valentina-nappi-fucked/">Hot stepsister teens Karlee Gray &#038; Valentina Nappi Fucked</a> appeared first on <a rel="nofollow" href="https://www.yamyhub.com">Yamyhub</a>.</p>
]]></description>
										<content:encoded><![CDATA[<h2>Hot stepsister teens Karlee Gray &amp; Valentina Nappi Fucked</h2>
<p>Hot stepsister Teens karlee gray and valentina nappi fucked hardcore on bedroom from Jessy Jones. Jessy jones big cock fuck two beautiful teen. big ass big tits big boobs teen fuck on bed. sandwich girl fucked. big ass porn videos. brazzers threesome porn videos.</p>
<p>&nbsp;</p>
<p>The post <a rel="nofollow" href="https://www.yamyhub.com/video/hot-stepsister-teens-karlee-gray-valentina-nappi-fucked/">Hot stepsister teens Karlee Gray &#038; Valentina Nappi Fucked</a> appeared first on <a rel="nofollow" href="https://www.yamyhub.com">Yamyhub</a>.</p>
]]></content:encoded>
					
		
		
			</item>
	</channel>
</rss>
