<?xml version="1.0" encoding="UTF-8"?><rss version="2.0"
	xmlns:content="http://purl.org/rss/1.0/modules/content/"
	xmlns:wfw="http://wellformedweb.org/CommentAPI/"
	xmlns:dc="http://purl.org/dc/elements/1.1/"
	xmlns:atom="http://www.w3.org/2005/Atom"
	xmlns:sy="http://purl.org/rss/1.0/modules/syndication/"
	xmlns:slash="http://purl.org/rss/1.0/modules/slash/"
	>

<channel>
	<title>Nicole aniston &#8211; Yamyhub</title>
	<atom:link href="https://www.yamyhub.com/categories/nicole-aniston/feed/" rel="self" type="application/rss+xml" />
	<link>https://www.yamyhub.com</link>
	<description>Watch latest free HD Full length Porn video. Big ass, Big cock, MILF, Lesbian, Step sister and Step mother Porn videos. Yamyhub porn videos.</description>
	<lastBuildDate>Sun, 11 Jul 2021 10:54:57 +0000</lastBuildDate>
	<language>en-US</language>
	<sy:updatePeriod>
	hourly	</sy:updatePeriod>
	<sy:updateFrequency>
	1	</sy:updateFrequency>
	<generator>https://wordpress.org/?v=5.7.2</generator>

<image>
	<url>https://www.yamyhub.com/wp-content/uploads/2021/06/favicon.png</url>
	<title>Nicole aniston &#8211; Yamyhub</title>
	<link>https://www.yamyhub.com</link>
	<width>32</width>
	<height>32</height>
</image> 
	<item>
		<title>beautiful ant nicole aniston fucked by nephew dick family strokes</title>
		<link>https://www.yamyhub.com/video/beautiful-ant-nicole-aniston-fucked-by-nephew-dick-familystrokes/</link>
		
		<dc:creator><![CDATA[yamyhub]]></dc:creator>
		<pubDate>Tue, 29 Jun 2021 05:48:43 +0000</pubDate>
				<guid isPermaLink="false">https://www.yamyhub.com/?post_type=video&#038;p=3496</guid>

					<description><![CDATA[<p>beautiful ant nicole aniston fucked by nephew dick family strokes family strokes ant porn videos big dick porn video nephew fuck ant ant porn video nicole aniston porn video nicole aniston family stroke nicole aniston latest porn nicole aniston fuck by nephew threesome porn FFM porn &#160;</p>
<p>The post <a rel="nofollow" href="https://www.yamyhub.com/video/beautiful-ant-nicole-aniston-fucked-by-nephew-dick-familystrokes/">beautiful ant nicole aniston fucked by nephew dick family strokes</a> appeared first on <a rel="nofollow" href="https://www.yamyhub.com">Yamyhub</a>.</p>
]]></description>
										<content:encoded><![CDATA[<h2>beautiful ant nicole aniston fucked by nephew dick family strokes</h2>
<p>family strokes ant porn videos big dick porn video nephew fuck ant ant porn video nicole aniston porn video nicole aniston family stroke nicole aniston latest porn nicole aniston fuck by nephew threesome porn FFM porn</p>
<p>&nbsp;</p>
<p>The post <a rel="nofollow" href="https://www.yamyhub.com/video/beautiful-ant-nicole-aniston-fucked-by-nephew-dick-familystrokes/">beautiful ant nicole aniston fucked by nephew dick family strokes</a> appeared first on <a rel="nofollow" href="https://www.yamyhub.com">Yamyhub</a>.</p>
]]></content:encoded>
					
		
		
			</item>
	</channel>
</rss>
