<?xml version="1.0" encoding="UTF-8"?><rss version="2.0"
	xmlns:content="http://purl.org/rss/1.0/modules/content/"
	xmlns:wfw="http://wellformedweb.org/CommentAPI/"
	xmlns:dc="http://purl.org/dc/elements/1.1/"
	xmlns:atom="http://www.w3.org/2005/Atom"
	xmlns:sy="http://purl.org/rss/1.0/modules/syndication/"
	xmlns:slash="http://purl.org/rss/1.0/modules/slash/"
	>

<channel>
	<title>twistys &#8211; Yamyhub</title>
	<atom:link href="https://adult.yamyhub.com/categories/twistys/feed/" rel="self" type="application/rss+xml" />
	<link>https://adult.yamyhub.com</link>
	<description>Watch latest free HD Full length Porn video. Big ass, Big cock, MILF, Lesbian, Step sister and Step mother Porn videos. Yamyhub porn videos.</description>
	<lastBuildDate>Sun, 27 Jun 2021 10:15:19 +0000</lastBuildDate>
	<language>en-US</language>
	<sy:updatePeriod>
	hourly	</sy:updatePeriod>
	<sy:updateFrequency>
	1	</sy:updateFrequency>
	<generator>https://wordpress.org/?v=5.7.2</generator>

<image>
	<url>https://adult.yamyhub.com/wp-content/uploads/2021/06/favicon.png</url>
	<title>twistys &#8211; Yamyhub</title>
	<link>https://adult.yamyhub.com</link>
	<width>32</width>
	<height>32</height>
</image> 
	<item>
		<title>Twistys Teens Angela White Darcie Dolce Fuck each other</title>
		<link>https://adult.yamyhub.com/video/twistys-teens-angela-white-darcie-dolce-fuck-each-other/</link>
		
		<dc:creator><![CDATA[yamyhub]]></dc:creator>
		<pubDate>Thu, 20 May 2021 16:50:30 +0000</pubDate>
				<guid isPermaLink="false">http://localhost/github/?post_type=video&#038;p=2977</guid>

					<description><![CDATA[<p>Twistys Teens Angela White &#38; Darcie Dolce Fuck each other Twistys – Teens Angela White &#38; Darcie Dolce Fuck each other, lesbian porn videos, Big Ass porn, Big Tits porn, HD Porn, Lesbian porn videos, Pornstar, Pussy Licking, Lesbian</p>
<p>The post <a rel="nofollow" href="https://adult.yamyhub.com/video/twistys-teens-angela-white-darcie-dolce-fuck-each-other/">Twistys Teens Angela White Darcie Dolce Fuck each other</a> appeared first on <a rel="nofollow" href="https://adult.yamyhub.com">Yamyhub</a>.</p>
]]></description>
										<content:encoded><![CDATA[<h3>Twistys Teens Angela White &amp; Darcie Dolce Fuck each other</h3>
<p>Twistys – Teens Angela White &amp; Darcie Dolce Fuck each other, lesbian porn videos, Big Ass porn, Big Tits porn, HD Porn, Lesbian porn videos, Pornstar, Pussy Licking, Lesbian</p>
<p>The post <a rel="nofollow" href="https://adult.yamyhub.com/video/twistys-teens-angela-white-darcie-dolce-fuck-each-other/">Twistys Teens Angela White Darcie Dolce Fuck each other</a> appeared first on <a rel="nofollow" href="https://adult.yamyhub.com">Yamyhub</a>.</p>
]]></content:encoded>
					
		
		
			</item>
	</channel>
</rss>
