<?xml version="1.0" encoding="UTF-8"?><rss version="2.0"
	xmlns:content="http://purl.org/rss/1.0/modules/content/"
	xmlns:wfw="http://wellformedweb.org/CommentAPI/"
	xmlns:dc="http://purl.org/dc/elements/1.1/"
	xmlns:atom="http://www.w3.org/2005/Atom"
	xmlns:sy="http://purl.org/rss/1.0/modules/syndication/"
	xmlns:slash="http://purl.org/rss/1.0/modules/slash/"
	>

<channel>
	<title>Felicity Feline &#8211; Yamyhub</title>
	<atom:link href="https://adult.yamyhub.com/categories/felicity-feline/feed/" rel="self" type="application/rss+xml" />
	<link>https://adult.yamyhub.com</link>
	<description>Watch latest free HD Full length Porn video. Big ass, Big cock, MILF, Lesbian, Step sister and Step mother Porn videos. Yamyhub porn videos.</description>
	<lastBuildDate>Mon, 14 Jun 2021 06:14:35 +0000</lastBuildDate>
	<language>en-US</language>
	<sy:updatePeriod>
	hourly	</sy:updatePeriod>
	<sy:updateFrequency>
	1	</sy:updateFrequency>
	<generator>https://wordpress.org/?v=5.7.2</generator>

<image>
	<url>https://adult.yamyhub.com/wp-content/uploads/2021/06/favicon.png</url>
	<title>Felicity Feline &#8211; Yamyhub</title>
	<link>https://adult.yamyhub.com</link>
	<width>32</width>
	<height>32</height>
</image> 
	<item>
		<title>Abigail mac &#038; Felicity Feline love strapon lesbian Brazzers</title>
		<link>https://adult.yamyhub.com/video/abigail-mac-felicity-feline-love-strapon-lesbian-brazzers/</link>
		
		<dc:creator><![CDATA[yamyhub]]></dc:creator>
		<pubDate>Sun, 13 Jun 2021 10:18:01 +0000</pubDate>
				<guid isPermaLink="false">https://adult.yamyhub.com/?post_type=video&#038;p=3320</guid>

					<description><![CDATA[<p>Abigail mac &#38; Felicity Feline love strapon lesbian Brazzers Abigail mac porn videos felicity feline porn videos.lesbian porn video lesbian fuck female with strapon. strapon porn videos strapon porn. abigail mac fuck felicity feline with strapon on marriage day porn. marriage day porn.</p>
<p>The post <a rel="nofollow" href="https://adult.yamyhub.com/video/abigail-mac-felicity-feline-love-strapon-lesbian-brazzers/">Abigail mac &#038; Felicity Feline love strapon lesbian Brazzers</a> appeared first on <a rel="nofollow" href="https://adult.yamyhub.com">Yamyhub</a>.</p>
]]></description>
										<content:encoded><![CDATA[<h2>Abigail mac &amp; Felicity Feline love strapon lesbian Brazzers</h2>
<p>Abigail mac porn videos felicity feline porn videos.lesbian porn video lesbian fuck female with strapon. strapon porn videos strapon porn.</p>
<p>abigail mac fuck felicity feline with strapon on marriage day porn. marriage day porn.</p>
<p>The post <a rel="nofollow" href="https://adult.yamyhub.com/video/abigail-mac-felicity-feline-love-strapon-lesbian-brazzers/">Abigail mac &#038; Felicity Feline love strapon lesbian Brazzers</a> appeared first on <a rel="nofollow" href="https://adult.yamyhub.com">Yamyhub</a>.</p>
]]></content:encoded>
					
		
		
			</item>
	</channel>
</rss>
