<?xml version="1.0" encoding="UTF-8"?><rss version="2.0"
	xmlns:content="http://purl.org/rss/1.0/modules/content/"
	xmlns:wfw="http://wellformedweb.org/CommentAPI/"
	xmlns:dc="http://purl.org/dc/elements/1.1/"
	xmlns:atom="http://www.w3.org/2005/Atom"
	xmlns:sy="http://purl.org/rss/1.0/modules/syndication/"
	xmlns:slash="http://purl.org/rss/1.0/modules/slash/"
	>

<channel>
	<title>Kyler Quinn &#8211; Yamyhub</title>
	<atom:link href="https://www.yamyhub.com/categories/kyler-quinn/feed/" rel="self" type="application/rss+xml" />
	<link>https://www.yamyhub.com</link>
	<description>Watch latest free HD Full length Porn video. Big ass, Big cock, MILF, Lesbian, Step sister and Step mother Porn videos. Yamyhub porn videos.</description>
	<lastBuildDate>Fri, 16 Jul 2021 04:00:49 +0000</lastBuildDate>
	<language>en-US</language>
	<sy:updatePeriod>
	hourly	</sy:updatePeriod>
	<sy:updateFrequency>
	1	</sy:updateFrequency>
	<generator>https://wordpress.org/?v=5.7.2</generator>

<image>
	<url>https://www.yamyhub.com/wp-content/uploads/2021/06/favicon.png</url>
	<title>Kyler Quinn &#8211; Yamyhub</title>
	<link>https://www.yamyhub.com</link>
	<width>32</width>
	<height>32</height>
</image> 
	<item>
		<title>Anal porn Kyler Quinn ass fuck Mike Adriano</title>
		<link>https://www.yamyhub.com/video/anal-porn-kyler-quinn-ass-fuck-mike-adriano/</link>
		
		<dc:creator><![CDATA[yamyhub]]></dc:creator>
		<pubDate>Mon, 12 Jul 2021 01:21:04 +0000</pubDate>
				<guid isPermaLink="false">https://www.yamyhub.com/?post_type=video&#038;p=3594</guid>

					<description><![CDATA[<p>Anal porn Kyler Quinn ass fuck Mike Adriano Kyler Quinn anal porn Young beautiful teen Kyler Quinn fuck anal from mike Adriano ass fuck porn video deepthroating pussy creampie yamyhub Kyler Quinn porn video Mike Adriano porn video Kyler Quinn fuck anal from mike Adriano</p>
<p>The post <a rel="nofollow" href="https://www.yamyhub.com/video/anal-porn-kyler-quinn-ass-fuck-mike-adriano/">Anal porn Kyler Quinn ass fuck Mike Adriano</a> appeared first on <a rel="nofollow" href="https://www.yamyhub.com">Yamyhub</a>.</p>
]]></description>
										<content:encoded><![CDATA[<h2>Anal porn Kyler Quinn ass fuck Mike Adriano</h2>
<p>Kyler Quinn anal porn Young beautiful teen Kyler Quinn fuck anal from mike Adriano ass fuck porn video deepthroating pussy creampie yamyhub Kyler Quinn porn video Mike Adriano porn video Kyler Quinn fuck anal from mike Adriano</p>
<p>The post <a rel="nofollow" href="https://www.yamyhub.com/video/anal-porn-kyler-quinn-ass-fuck-mike-adriano/">Anal porn Kyler Quinn ass fuck Mike Adriano</a> appeared first on <a rel="nofollow" href="https://www.yamyhub.com">Yamyhub</a>.</p>
]]></content:encoded>
					
		
		
			</item>
	</channel>
</rss>
