<?xml version="1.0" encoding="UTF-8"?><rss version="2.0"
	xmlns:content="http://purl.org/rss/1.0/modules/content/"
	xmlns:wfw="http://wellformedweb.org/CommentAPI/"
	xmlns:dc="http://purl.org/dc/elements/1.1/"
	xmlns:atom="http://www.w3.org/2005/Atom"
	xmlns:sy="http://purl.org/rss/1.0/modules/syndication/"
	xmlns:slash="http://purl.org/rss/1.0/modules/slash/"
	>

<channel>
	<title>Aubrey Star &#8211; Yamyhub</title>
	<atom:link href="https://www.yamyhub.com/categories/aubrey-star/feed/" rel="self" type="application/rss+xml" />
	<link>https://www.yamyhub.com</link>
	<description>Watch latest free HD Full length Porn video. Big ass, Big cock, MILF, Lesbian, Step sister and Step mother Porn videos. Yamyhub porn videos.</description>
	<lastBuildDate>Wed, 16 Jun 2021 04:38:22 +0000</lastBuildDate>
	<language>en-US</language>
	<sy:updatePeriod>
	hourly	</sy:updatePeriod>
	<sy:updateFrequency>
	1	</sy:updateFrequency>
	<generator>https://wordpress.org/?v=5.7.2</generator>

<image>
	<url>https://www.yamyhub.com/wp-content/uploads/2021/06/favicon.png</url>
	<title>Aubrey Star &#8211; Yamyhub</title>
	<link>https://www.yamyhub.com</link>
	<width>32</width>
	<height>32</height>
</image> 
	<item>
		<title>Aubrey Star &#038; Abigail Mac Lesbian Romance the Lesbian Experience</title>
		<link>https://www.yamyhub.com/video/aubrey-star-abigail-mac-lesbian-romance-the-lesbian-experience/</link>
		
		<dc:creator><![CDATA[yamyhub]]></dc:creator>
		<pubDate>Thu, 20 May 2021 16:06:00 +0000</pubDate>
				<guid isPermaLink="false">http://localhost/github/?post_type=video&#038;p=2968</guid>

					<description><![CDATA[<p>Aubrey Star &#38; Abigail Mac Lesbian Romance the Lesbian Experience lesbian sex videos, lesbian porn videos, British Babe Aubrey Star lesbian porn, Lesbea, Big Tits Blonde Teen Abigail Mac lesbian porn, The Lesbian Experience, Abigail Mac and Aubrey Star fingure each other, lesbian organism, fucking lesbian</p>
<p>The post <a rel="nofollow" href="https://www.yamyhub.com/video/aubrey-star-abigail-mac-lesbian-romance-the-lesbian-experience/">Aubrey Star &#038; Abigail Mac Lesbian Romance the Lesbian Experience</a> appeared first on <a rel="nofollow" href="https://www.yamyhub.com">Yamyhub</a>.</p>
]]></description>
										<content:encoded><![CDATA[<h3>Aubrey Star &amp; Abigail Mac Lesbian Romance the Lesbian Experience</h3>
<p>lesbian sex videos, lesbian porn videos, British Babe Aubrey Star lesbian porn, Lesbea, Big Tits Blonde Teen Abigail Mac lesbian porn, The Lesbian Experience, Abigail Mac and Aubrey Star fingure each other, lesbian organism, fucking lesbian</p>
<p>The post <a rel="nofollow" href="https://www.yamyhub.com/video/aubrey-star-abigail-mac-lesbian-romance-the-lesbian-experience/">Aubrey Star &#038; Abigail Mac Lesbian Romance the Lesbian Experience</a> appeared first on <a rel="nofollow" href="https://www.yamyhub.com">Yamyhub</a>.</p>
]]></content:encoded>
					
		
		
			</item>
	</channel>
</rss>
