<?xml version="1.0" encoding="UTF-8"?><rss version="2.0"
	xmlns:content="http://purl.org/rss/1.0/modules/content/"
	xmlns:wfw="http://wellformedweb.org/CommentAPI/"
	xmlns:dc="http://purl.org/dc/elements/1.1/"
	xmlns:atom="http://www.w3.org/2005/Atom"
	xmlns:sy="http://purl.org/rss/1.0/modules/syndication/"
	xmlns:slash="http://purl.org/rss/1.0/modules/slash/"
	>

<channel>
	<title>Katrina Jade &#8211; Yamyhub</title>
	<atom:link href="https://www.yamyhub.com/categories/katrina-jade/feed/" rel="self" type="application/rss+xml" />
	<link>https://www.yamyhub.com</link>
	<description>Watch latest free HD Full length Porn video. Big ass, Big cock, MILF, Lesbian, Step sister and Step mother Porn videos. Yamyhub porn videos.</description>
	<lastBuildDate>Tue, 17 Aug 2021 05:38:23 +0000</lastBuildDate>
	<language>en-US</language>
	<sy:updatePeriod>
	hourly	</sy:updatePeriod>
	<sy:updateFrequency>
	1	</sy:updateFrequency>
	<generator>https://wordpress.org/?v=5.8</generator>

<image>
	<url>https://www.yamyhub.com/wp-content/uploads/2021/07/cropped-favicon-32x32.png</url>
	<title>Katrina Jade &#8211; Yamyhub</title>
	<link>https://www.yamyhub.com</link>
	<width>32</width>
	<height>32</height>
</image> 
	<item>
		<title>5 Girls take down by Johnny sins sinslife Pornhub</title>
		<link>https://www.yamyhub.com/video/5-girls-take-down-by-johnny-sins-sinslife-pornhub/</link>
		
		<dc:creator><![CDATA[yamyhub]]></dc:creator>
		<pubDate>Sun, 08 Aug 2021 12:41:21 +0000</pubDate>
				<guid isPermaLink="false">https://www.yamyhub.com/?post_type=video&#038;p=4201</guid>

					<description><![CDATA[<p>5 Girls take down by Johnny sins sins life Pornhub Pornhub Pornstars Johnny Sins, Kissa sins, Katrina Jade, Aj Applegate, Maddy Oreilly porn sex videos. 5 girls want johnny sins dick yamyhub. Watch kissa sins big boobs bounce ride a man to organism pornhub videos. Katrina Jade with perfect boobs get fucked by johnny sins. [&#8230;]</p>
<p>The post <a rel="nofollow" href="https://www.yamyhub.com/video/5-girls-take-down-by-johnny-sins-sinslife-pornhub/">5 Girls take down by Johnny sins sinslife Pornhub</a> appeared first on <a rel="nofollow" href="https://www.yamyhub.com">Yamyhub</a>.</p>
]]></description>
										<content:encoded><![CDATA[<h2>5 Girls take down by Johnny sins sins life Pornhub</h2>
<p>Pornhub Pornstars Johnny Sins, Kissa sins, Katrina Jade, Aj Applegate, Maddy Oreilly porn sex videos. 5 girls want johnny sins dick yamyhub. Watch kissa sins big boobs bounce ride a man to organism pornhub videos. Katrina Jade with perfect boobs get fucked by johnny sins. Aj Applegate solve her problem by taking down johnny sins pornhub sex video. Maddy Oreilly  want to love fuck from big dick.</p>
<p>The post <a rel="nofollow" href="https://www.yamyhub.com/video/5-girls-take-down-by-johnny-sins-sinslife-pornhub/">5 Girls take down by Johnny sins sinslife Pornhub</a> appeared first on <a rel="nofollow" href="https://www.yamyhub.com">Yamyhub</a>.</p>
]]></content:encoded>
					
		
		
			</item>
		<item>
		<title>Tired of husband there is way out lesbian Katrina Jade Gia Dimarco</title>
		<link>https://www.yamyhub.com/video/tired-of-husband-there-is-way-out-lesbian-katrina-jade-gia-dimarco/</link>
		
		<dc:creator><![CDATA[yamyhub]]></dc:creator>
		<pubDate>Tue, 06 Jul 2021 05:05:22 +0000</pubDate>
				<guid isPermaLink="false">https://www.yamyhub.com/?post_type=video&#038;p=3540</guid>

					<description><![CDATA[<p>Tired of husband there is way out lesbian Katrina Jade Gia Dimarco Brazzers Lesbian porn video Tired of husband there is way out lesbian porn Katrina Jade Gia Dimarco fuck and lick each pussy yamyhub lesbian brazzers porn video katrina jade porn video gia dimarco porn video katrina jade and gia dimarco fuck and lick [&#8230;]</p>
<p>The post <a rel="nofollow" href="https://www.yamyhub.com/video/tired-of-husband-there-is-way-out-lesbian-katrina-jade-gia-dimarco/">Tired of husband there is way out lesbian Katrina Jade Gia Dimarco</a> appeared first on <a rel="nofollow" href="https://www.yamyhub.com">Yamyhub</a>.</p>
]]></description>
										<content:encoded><![CDATA[<h2>Tired of husband there is way out lesbian Katrina Jade Gia Dimarco</h2>
<p>Brazzers Lesbian porn video Tired of husband there is way out lesbian porn Katrina Jade Gia Dimarco fuck and lick each pussy yamyhub lesbian brazzers porn video katrina jade porn video gia dimarco porn video katrina jade and gia dimarco fuck and lick each other pussy Katrina Jade and Gia Dimarco lesbian porn.</p>
<p>The post <a rel="nofollow" href="https://www.yamyhub.com/video/tired-of-husband-there-is-way-out-lesbian-katrina-jade-gia-dimarco/">Tired of husband there is way out lesbian Katrina Jade Gia Dimarco</a> appeared first on <a rel="nofollow" href="https://www.yamyhub.com">Yamyhub</a>.</p>
]]></content:encoded>
					
		
		
			</item>
	</channel>
</rss>
