<?xml version="1.0" encoding="UTF-8"?><rss version="2.0"
	xmlns:content="http://purl.org/rss/1.0/modules/content/"
	xmlns:wfw="http://wellformedweb.org/CommentAPI/"
	xmlns:dc="http://purl.org/dc/elements/1.1/"
	xmlns:atom="http://www.w3.org/2005/Atom"
	xmlns:sy="http://purl.org/rss/1.0/modules/syndication/"
	xmlns:slash="http://purl.org/rss/1.0/modules/slash/"
	>

<channel>
	<title>Jenny Wild &#8211; Yamyhub</title>
	<atom:link href="https://adult.yamyhub.com/categories/jenny-wild/feed/" rel="self" type="application/rss+xml" />
	<link>https://adult.yamyhub.com</link>
	<description>Watch latest free HD Full length Porn video. Big ass, Big cock, MILF, Lesbian, Step sister and Step mother Porn videos. Yamyhub porn videos.</description>
	<lastBuildDate>Wed, 16 Jun 2021 04:33:35 +0000</lastBuildDate>
	<language>en-US</language>
	<sy:updatePeriod>
	hourly	</sy:updatePeriod>
	<sy:updateFrequency>
	1	</sy:updateFrequency>
	<generator>https://wordpress.org/?v=5.7.2</generator>

<image>
	<url>https://adult.yamyhub.com/wp-content/uploads/2021/06/favicon.png</url>
	<title>Jenny Wild &#8211; Yamyhub</title>
	<link>https://adult.yamyhub.com</link>
	<width>32</width>
	<height>32</height>
</image> 
	<item>
		<title>Big Tits Teen Atlanta Moreno fingure Jenny Wild &#8211; Lesbea</title>
		<link>https://adult.yamyhub.com/video/big-tits-teen-atlanta-moreno-fingure-jenny-wild-lesbea/</link>
		
		<dc:creator><![CDATA[yamyhub]]></dc:creator>
		<pubDate>Mon, 17 May 2021 09:00:47 +0000</pubDate>
				<guid isPermaLink="false">http://localhost/github/?post_type=video&#038;p=2918</guid>

					<description><![CDATA[<p>Big Tits Blonde Teen Atlanta Moreno fingure British Babe Jenny Wild &#8211; Lesbea lesbian sex videos, lesbian porn videos, British Babe Jenny Wild lesbian porn, Lesbea, Big Tits Blonde Teen Atlanta Moreno lesbian porn, Atlanta Moreno and jenny wild fingure eachother, lesbian organism, fucking lesbian</p>
<p>The post <a rel="nofollow" href="https://adult.yamyhub.com/video/big-tits-teen-atlanta-moreno-fingure-jenny-wild-lesbea/">Big Tits Teen Atlanta Moreno fingure Jenny Wild &#8211; Lesbea</a> appeared first on <a rel="nofollow" href="https://adult.yamyhub.com">Yamyhub</a>.</p>
]]></description>
										<content:encoded><![CDATA[<h2>Big Tits Blonde Teen Atlanta Moreno fingure British Babe Jenny Wild &#8211; Lesbea</h2>
<p>lesbian sex videos, lesbian porn videos, British Babe Jenny Wild lesbian porn, Lesbea, Big Tits Blonde Teen Atlanta Moreno lesbian porn, Atlanta Moreno and jenny wild fingure eachother, lesbian organism, fucking lesbian</p>
<p>The post <a rel="nofollow" href="https://adult.yamyhub.com/video/big-tits-teen-atlanta-moreno-fingure-jenny-wild-lesbea/">Big Tits Teen Atlanta Moreno fingure Jenny Wild &#8211; Lesbea</a> appeared first on <a rel="nofollow" href="https://adult.yamyhub.com">Yamyhub</a>.</p>
]]></content:encoded>
					
		
		
			</item>
	</channel>
</rss>
