<?xml version="1.0" encoding="UTF-8"?><rss version="2.0"
	xmlns:content="http://purl.org/rss/1.0/modules/content/"
	xmlns:wfw="http://wellformedweb.org/CommentAPI/"
	xmlns:dc="http://purl.org/dc/elements/1.1/"
	xmlns:atom="http://www.w3.org/2005/Atom"
	xmlns:sy="http://purl.org/rss/1.0/modules/syndication/"
	xmlns:slash="http://purl.org/rss/1.0/modules/slash/"
	>

<channel>
	<title>Alex Legend &#8211; Yamyhub</title>
	<atom:link href="https://www.yamyhub.com/categories/alex-legend/feed/" rel="self" type="application/rss+xml" />
	<link>https://www.yamyhub.com</link>
	<description>Watch latest free HD Full length Porn video. Big ass, Big cock, MILF, Lesbian, Step sister and Step mother Porn videos. Yamyhub porn videos.</description>
	<lastBuildDate>Tue, 10 Aug 2021 11:12:50 +0000</lastBuildDate>
	<language>en-US</language>
	<sy:updatePeriod>
	hourly	</sy:updatePeriod>
	<sy:updateFrequency>
	1	</sy:updateFrequency>
	<generator>https://wordpress.org/?v=5.8</generator>

<image>
	<url>https://www.yamyhub.com/wp-content/uploads/2021/07/cropped-favicon-32x32.png</url>
	<title>Alex Legend &#8211; Yamyhub</title>
	<link>https://www.yamyhub.com</link>
	<width>32</width>
	<height>32</height>
</image> 
	<item>
		<title>Young teen Alex legend seduce couple for threesome pornhub</title>
		<link>https://www.yamyhub.com/video/young-teen-alex-legend-seduce-couple-for-threesome-pornhub/</link>
		
		<dc:creator><![CDATA[yamyhub]]></dc:creator>
		<pubDate>Sun, 08 Aug 2021 06:29:14 +0000</pubDate>
				<guid isPermaLink="false">https://www.yamyhub.com/?post_type=video&#038;p=4188</guid>

					<description><![CDATA[<p>Young teen Alex legend seduce couple for threesome pornhub Pornhub Pornstars Alex Legend, Sarah Jessie &#38; Penny Pax Porn videos. Hot young Mature get FFM threesome sex video. Big boobs porn yamyhub. Maturres young lady want to fuck from big cock. Two hot teen friends want to share a cock pornhub videos. Share cock between [&#8230;]</p>
<p>The post <a rel="nofollow" href="https://www.yamyhub.com/video/young-teen-alex-legend-seduce-couple-for-threesome-pornhub/">Young teen Alex legend seduce couple for threesome pornhub</a> appeared first on <a rel="nofollow" href="https://www.yamyhub.com">Yamyhub</a>.</p>
]]></description>
										<content:encoded><![CDATA[<h2>Young teen Alex legend seduce couple for threesome pornhub</h2>
<p>Pornhub Pornstars Alex Legend, Sarah Jessie &amp; Penny Pax Porn videos. Hot young Mature get FFM threesome sex video. Big boobs porn yamyhub. Maturres young lady want to fuck from big cock. Two hot teen friends want to share a cock pornhub videos. Share cock between threesome pornstars Sarah Jessie, Penny Pax, and alex legend porn videos. Watch latest pornhub threesome FFM videos here.</p>
<p>The post <a rel="nofollow" href="https://www.yamyhub.com/video/young-teen-alex-legend-seduce-couple-for-threesome-pornhub/">Young teen Alex legend seduce couple for threesome pornhub</a> appeared first on <a rel="nofollow" href="https://www.yamyhub.com">Yamyhub</a>.</p>
]]></content:encoded>
					
		
		
			</item>
		<item>
		<title>Brazzers Ebony cheating wife with her husband anal sex</title>
		<link>https://www.yamyhub.com/video/brazzers-ebony-cheating-wife-with-her-husband-anal-sex/</link>
		
		<dc:creator><![CDATA[yamyhub]]></dc:creator>
		<pubDate>Sun, 01 Aug 2021 03:38:55 +0000</pubDate>
				<guid isPermaLink="false">https://www.yamyhub.com/?post_type=video&#038;p=4069</guid>

					<description><![CDATA[<p>Brazzers Ebony cheating wife with her husband anal sex Brazzers porn star Brooke Sinclaire &#38; Alex legend porn videos. Wife cheat her husband and coved by cum. Anal awesome porn sex video yamyhub. Alex legend fuck rich women in ass hole. white beautiful teen Brooke Sinclaire Ass hole. Ebony Porn star Brooke Sinclaire get love [&#8230;]</p>
<p>The post <a rel="nofollow" href="https://www.yamyhub.com/video/brazzers-ebony-cheating-wife-with-her-husband-anal-sex/">Brazzers Ebony cheating wife with her husband anal sex</a> appeared first on <a rel="nofollow" href="https://www.yamyhub.com">Yamyhub</a>.</p>
]]></description>
										<content:encoded><![CDATA[<h2>Brazzers Ebony cheating wife with her husband anal sex</h2>
<p>Brazzers porn star Brooke Sinclaire &amp; Alex legend porn videos. Wife cheat her husband and coved by cum. Anal awesome porn sex video yamyhub. Alex legend fuck rich women in ass hole. white beautiful teen Brooke Sinclaire Ass hole. Ebony Porn star Brooke Sinclaire get love in anal sex. Porn star Alex legend sex video. Brazzers TXXX porn video.</p>
<p>The post <a rel="nofollow" href="https://www.yamyhub.com/video/brazzers-ebony-cheating-wife-with-her-husband-anal-sex/">Brazzers Ebony cheating wife with her husband anal sex</a> appeared first on <a rel="nofollow" href="https://www.yamyhub.com">Yamyhub</a>.</p>
]]></content:encoded>
					
		
		
			</item>
		<item>
		<title>Emergency Squirter Brazzers Adriana Chechik Double penetration</title>
		<link>https://www.yamyhub.com/video/emergency-squirter-brazzers-adriana-chechik-double-penetration/</link>
		
		<dc:creator><![CDATA[yamyhub]]></dc:creator>
		<pubDate>Tue, 22 Jun 2021 11:11:10 +0000</pubDate>
				<guid isPermaLink="false">https://www.yamyhub.com/?post_type=video&#038;p=3446</guid>

					<description><![CDATA[<p>Emergency Squirter Brazzers Adriana Chechik Double penetration and squirt in bathroom Adriana Chechik Fucked double penetration in bathroom, Adriana Chechik anal porn video, Adriana Chechik squirt Adriana Chechik love anal. emergency squirter.</p>
<p>The post <a rel="nofollow" href="https://www.yamyhub.com/video/emergency-squirter-brazzers-adriana-chechik-double-penetration/">Emergency Squirter Brazzers Adriana Chechik Double penetration</a> appeared first on <a rel="nofollow" href="https://www.yamyhub.com">Yamyhub</a>.</p>
]]></description>
										<content:encoded><![CDATA[<h2>Emergency Squirter Brazzers Adriana Chechik Double penetration and squirt in bathroom</h2>
<p>Adriana Chechik Fucked double penetration in bathroom, Adriana Chechik anal porn video, Adriana Chechik squirt Adriana Chechik love anal. emergency squirter.</p>
<p>The post <a rel="nofollow" href="https://www.yamyhub.com/video/emergency-squirter-brazzers-adriana-chechik-double-penetration/">Emergency Squirter Brazzers Adriana Chechik Double penetration</a> appeared first on <a rel="nofollow" href="https://www.yamyhub.com">Yamyhub</a>.</p>
]]></content:encoded>
					
		
		
			</item>
	</channel>
</rss>
