2c97
<?xml version="1.0" encoding="UTF-8"?><rss version="2.0"
	xmlns:content="http://purl.org/rss/1.0/modules/content/"
	xmlns:wfw="http://wellformedweb.org/CommentAPI/"
	xmlns:dc="http://purl.org/dc/elements/1.1/"
	xmlns:atom="http://www.w3.org/2005/Atom"
	xmlns:sy="http://purl.org/rss/1.0/modules/syndication/"
	xmlns:slash="http://purl.org/rss/1.0/modules/slash/"
	>

<channel>
	<title>mofos &#8211; Yamyhub</title>
	<atom:link href="https://www.yamyhub.com/categories/mofos/feed/" rel="self" type="application/rss+xml" />
	<link>https://www.yamyhub.com</link>
	<description>Watch latest free HD Full length Porn video. Big ass, Big cock, MILF, Lesbian, Step sister and Step mother Porn videos. Yamyhub porn videos.</description>
	<lastBuildDate>Sat, 17 Jul 2021 06:38:36 +0000</lastBuildDate>
	<language>en-US</language>
	<sy:updatePeriod>
	hourly	</sy:updatePeriod>
	<sy:updateFrequency>
	1	</sy:updateFrequency>
	<generator>https://wordpress.org/?v=5.7.2</generator>

<image>
	<url>https://www.yamyhub.com/wp-content/uploads/2021/06/favicon.png</url>
	<title>mofos &#8211; Yamyhub</title>
	<link>https://www.yamyhub.com</link>
	<width>32</width>
	<height>32</height>
</image> 
	<item>
		<title>Big tits Brianna Banderas fuck outdoor after pickup from photography</title>
		<link>https://www.yamyhub.com/video/big-tits-brianna-banderas-fuck-outdoor-after-pickup-from-photography/</link>
		
		<dc:creator><![CDATA[yamyhub]]></dc:creator>
		<pubDate>Mon, 12 Jul 2021 05:41:06 +0000</pubDate>
				<guid isPermaLink="false">https://www.yamyhub.com/?post_type=video&#038;p=3627</guid>

					<description><![CDATA[<p>Big tits Brianna Banderas fuck outdoor after pickup from photography Mofos public outdoor porn video Big tits Brianna Banderas fuck outdoor after pickup from photography public outdoor porn videos yamyhub mofos latest porn video big tits porn big ass porn video latest porn video Brianna Banderas big ass porn Brianna Banderas big tits porn</p>
<p>The post <a rel="nofollow" href="https://www.yamyhub.com/video/big-tits-brianna-banderas-fuck-outdoor-after-pickup-from-photography/">Big tits Brianna Banderas fuck outdoor after pickup from photography</a> appeared first on <a rel="nofollow" href="https://www.yamyhub.com">Yamyhub</a>.</p>
]]></description>
										<content:encoded><![CDATA[<h2>Big tits Brianna Banderas fuck outdoor after pickup from photography</h2>
<p>Mofos public outdoor porn video Big tits Brianna Banderas fuck outdoor after pickup from photography public outdoor porn videos yamyhub mofos latest porn video big tits porn big ass porn video latest porn video Brianna Banderas big ass porn Brianna Banderas big tits porn</p>
<p>The post <a rel="nofollow" href="https://www.yamyhub.com/video/big-tits-brianna-banderas-fuck-outdoor-after-pickup-from-photography/">Big tits Brianna Banderas fuck outdoor after pickup from photography</a> appeared first on <a rel="nofollow" href="https://www.yamyhub.com">Yamyhub</a>.</p>
]]></content:encoded>
					
		
		
			</item>
		<item>
		<title>Public pick big ass Brianna Banderas fuck in way Mofos</title>
		<link>https://www.yamyhub.com/video/public-pick-big-ass-brianna-banderas-fuck-in-way-mofos/</link>
		
		<dc:creator><![CDATA[yamyhub]]></dc:creator>
		<pubDate>Mon, 12 Jul 2021 05:25:52 +0000</pubDate>
				<guid isPermaLink="false">https://www.yamyhub.com/?post_type=video&#038;p=3625</guid>

					<description><![CDATA[<p>Public pick big ass Brianna Banderas fuck in way Mofos Mofos Public porn video Big ass Brianna Banderas Fuck in public pick up public big ass and fuck in a way mofos public porn video yamyhub mofos porn video Brianna Banderas porn video big ass Brianna Banderas public porn Brianna Banderas pick in public and [&#8230;]</p>
<p>The post <a rel="nofollow" href="https://www.yamyhub.com/video/public-pick-big-ass-brianna-banderas-fuck-in-way-mofos/">Public pick big ass Brianna Banderas fuck in way Mofos</a> appeared first on <a rel="nofollow" href="https://www.yamyhub.com">Yamyhub</a>.</p>
]]></description>
										<content:encoded><![CDATA[<h2>Public pick big ass Brianna Banderas fuck in way Mofos</h2>
<p>Mofos Public porn video Big ass Brianna Banderas Fuck in public pick up public big ass and fuck in a way mofos public porn video yamyhub mofos porn video Brianna Banderas porn video big ass Brianna Banderas public porn Brianna Banderas pick in public and fucked hardcore</p>
<p>The post <a rel="nofollow" href="https://www.yamyhub.com/video/public-pick-big-ass-brianna-banderas-fuck-in-way-mofos/">Public pick big ass Brianna Banderas fuck in way Mofos</a> appeared first on <a rel="nofollow" href="https://www.yamyhub.com">Yamyhub</a>.</p>
]]></content:encoded>
					
		
		
			</item>
		<item>
		<title>Public pick up chick with big ass fucked for money Mofos</title>
		<link>https://www.yamyhub.com/video/public-pick-up-chick-with-big-ass-fucked-for-money-mofos/</link>
		
		<dc:creator><![CDATA[yamyhub]]></dc:creator>
		<pubDate>Mon, 12 Jul 2021 04:51:40 +0000</pubDate>
				<guid isPermaLink="false">https://www.yamyhub.com/?post_type=video&#038;p=3620</guid>

					<description><![CDATA[<p>Public pick up chick with big ass fucked for money Mofos Mofos Public porn video Hot beautiful big ass teen pick up in public and fuck for money Public porn video teen fuck in public yamyhub mofos public porn videos teen fuck in public mofos latest porn video fuck in public porn girl fuck in [&#8230;]</p>
<p>The post <a rel="nofollow" href="https://www.yamyhub.com/video/public-pick-up-chick-with-big-ass-fucked-for-money-mofos/">Public pick up chick with big ass fucked for money Mofos</a> appeared first on <a rel="nofollow" href="https://www.yamyhub.com">Yamyhub</a>.</p>
]]></description>
										<content:encoded><![CDATA[<h2>Public pick up chick with big ass fucked for money Mofos</h2>
<p>Mofos Public porn video Hot beautiful big ass teen pick up in public and fuck for money Public porn video teen fuck in public yamyhub mofos public porn videos teen fuck in public mofos latest porn video fuck in public porn girl fuck in public</p>
<p>The post <a rel="nofollow" href="https://www.yamyhub.com/video/public-pick-up-chick-with-big-ass-fucked-for-money-mofos/">Public pick up chick with big ass fucked for money Mofos</a> appeared first on <a rel="nofollow" href="https://www.yamyhub.com">Yamyhub</a>.</p>
]]></content:encoded>
					
		
		
			</item>
		<item>
		<title>Busty blonde Natasha Nice Fuck from random tinder friend</title>
		<link>https://www.yamyhub.com/video/busty-blonde-natasha-nice-fuck-from-random-tinder-friend/</link>
		
		<dc:creator><![CDATA[yamyhub]]></dc:creator>
		<pubDate>Sun, 04 Jul 2021 11:16:48 +0000</pubDate>
				<guid isPermaLink="false">https://www.yamyhub.com/?post_type=video&#038;p=3524</guid>

					<description><![CDATA[<p>Busty blonde Natasha Nice Fuck from random tinder friend Mofos porn video big ass big tits Busty blonde teen Natasha nice Fuck from random tinder friend Mofos porn video yamyhub Big ass porn videos big tits porn video busty Natasha Nice Fuck tinder porn videos Natasha nice Mofos porn video.</p>
<p>The post <a rel="nofollow" href="https://www.yamyhub.com/video/busty-blonde-natasha-nice-fuck-from-random-tinder-friend/">Busty blonde Natasha Nice Fuck from random tinder friend</a> appeared first on <a rel="nofollow" href="https://www.yamyhub.com">Yamyhub</a>.</p>
]]></description>
										<content:encoded><![CDATA[<h2>Busty blonde Natasha Nice Fuck from random tinder friend</h2>
<p>Mofos porn video big ass big tits Busty blonde teen Natasha nice Fuck from random tinder friend Mofos porn video yamyhub Big ass porn videos big tits porn video busty Natasha Nice Fuck tinder porn videos Natasha nice Mofos porn video.</p>
<p>The post <a rel="nofollow" href="https://www.yamyhub.com/video/busty-blonde-natasha-nice-fuck-from-random-tinder-friend/">Busty blonde Natasha Nice Fuck from random tinder friend</a> appeared first on <a rel="nofollow" href="https://www.yamyhub.com">Yamyhub</a>.</p>
]]></content:encoded>
					
		
		
			</item>
		<item>
		<title>Brunettes teen luna rival Fucked by Jordi El Nino Polla mofos</title>
		<link>https://www.yamyhub.com/video/brunettes-teen-luna-rival-fucked-by-jordi-el-nino-polla-mofos/</link>
		
		<dc:creator><![CDATA[yamyhub]]></dc:creator>
		<pubDate>Wed, 23 Jun 2021 13:51:47 +0000</pubDate>
				<guid isPermaLink="false">https://www.yamyhub.com/?post_type=video&#038;p=3460</guid>

					<description><![CDATA[<p>Brunettes teen luna rival Fucked by Jordi El Nino Polla mofos Brunette teen luna rival fucked jordi el nino polla luna riva fucked luna rival porn videos jordi el nino polla porn video jordi el nino polla fuck teen luna rivalporn video mofos porn videos.</p>
<p>The post <a rel="nofollow" href="https://www.yamyhub.com/video/brunettes-teen-luna-rival-fucked-by-jordi-el-nino-polla-mofos/">Brunettes teen luna rival Fucked by Jordi El Nino Polla mofos</a> appeared first on <a rel="nofollow" href="https://www.yamyhub.com">Yamyhub</a>.</p>
]]></description>
										<content:encoded><![CDATA[<h2>Brunettes teen luna rival Fucked by Jordi El Nino Polla mofos</h2>
<p>Brunette teen luna rival fucked jordi el nino polla luna riva fucked luna rival porn videos jordi el nino polla porn video jordi el nino polla fuck teen luna rivalporn video mofos porn videos.</p>
<p>The post <a rel="nofollow" href="https://www.yamyhub.com/video/brunettes-teen-luna-rival-fucked-by-jordi-el-nino-polla-mofos/">Brunettes teen luna rival Fucked by Jordi El Nino Polla mofos</a> appeared first on <a rel="nofollow" href="https://www.yamyhub.com">Yamyhub</a>.</p>
]]></content:encoded>
					
		
		
			</item>
		<item>
		<title>Anal Threesome Chloe Foster Mofos Mike Adriano</title>
		<link>https://www.yamyhub.com/video/anal-threesome-chloe-foster-bangbros-mike-adriano/</link>
		
		<dc:creator><![CDATA[yamyhub]]></dc:creator>
		<pubDate>Fri, 14 May 2021 12:06:48 +0000</pubDate>
				<guid isPermaLink="false">http://localhost/github/?post_type=video&#038;p=2851</guid>

					<description><![CDATA[<p>Anal Threesome with MILF Dana Vespoli &#38; Young Chloe Foster &#8211; Mofos &#8211; Mike Adriano, Threesome, Hardcore, MILF Pornstar, Big Tits, Anal Big Ass, Blowjob, HD Porn, Big Tits Ass, Fuck Skinny Big Ass, Big Butt Booty, Blowjob Hardcore, Tattoo Anal Sex, Big Boobs, Big Dick, Small Tits, Threesome Doggy Style, Mofos Bang Bros, Blonde</p>
<p>The post <a rel="nofollow" href="https://www.yamyhub.com/video/anal-threesome-chloe-foster-bangbros-mike-adriano/">Anal Threesome Chloe Foster Mofos Mike Adriano</a> appeared first on <a rel="nofollow" href="https://www.yamyhub.com">Yamyhub</a>.</p>
]]></description>
										<content:encoded><![CDATA[<p>Anal Threesome with MILF Dana Vespoli &amp; Young Chloe Foster &#8211; Mofos &#8211; Mike Adriano,<br />
Threesome, Hardcore, MILF Pornstar, Big Tits, Anal Big Ass, Blowjob, HD Porn,<br />
Big Tits Ass, Fuck Skinny Big Ass, Big Butt Booty, Blowjob Hardcore,<br />
Tattoo Anal Sex, Big Boobs, Big Dick, Small Tits, Threesome Doggy Style,<br />
Mofos Bang Bros, Blonde</p>
<p>The post <a rel="nofollow" href="https://www.yamyhub.com/video/anal-threesome-chloe-foster-bangbros-mike-adriano/">Anal Threesome Chloe Foster Mofos Mike Adriano</a> appeared first on <a rel="nofollow" href="https://www.yamyhub.com">Yamyhub</a>.</p>
]]></content:encoded>
					
		
		
			</item>
	</channel>
</rss>

0

