4239
<?xml version="1.0" encoding="UTF-8"?><rss version="2.0"
	xmlns:content="http://purl.org/rss/1.0/modules/content/"
	xmlns:wfw="http://wellformedweb.org/CommentAPI/"
	xmlns:dc="http://purl.org/dc/elements/1.1/"
	xmlns:atom="http://www.w3.org/2005/Atom"
	xmlns:sy="http://purl.org/rss/1.0/modules/syndication/"
	xmlns:slash="http://purl.org/rss/1.0/modules/slash/"
	>

<channel>
	<title>Pornhub &#8211; Yamyhub</title>
	<atom:link href="https://www.yamyhub.com/categories/pornhub/feed/" rel="self" type="application/rss+xml" />
	<link>https://www.yamyhub.com</link>
	<description>Watch latest free HD Full length Porn video. Big ass, Big cock, MILF, Lesbian, Step sister and Step mother Porn videos. Yamyhub porn videos.</description>
	<lastBuildDate>Sat, 17 Jul 2021 00:53:14 +0000</lastBuildDate>
	<language>en-US</language>
	<sy:updatePeriod>
	hourly	</sy:updatePeriod>
	<sy:updateFrequency>
	1	</sy:updateFrequency>
	<generator>https://wordpress.org/?v=5.7.2</generator>

<image>
	<url>https://www.yamyhub.com/wp-content/uploads/2021/06/favicon.png</url>
	<title>Pornhub &#8211; Yamyhub</title>
	<link>https://www.yamyhub.com</link>
	<width>32</width>
	<height>32</height>
</image> 
	<item>
		<title>Big ass Adriana Chechik Rough ass fuck Porn anal HOLED</title>
		<link>https://www.yamyhub.com/video/big-ass-adriana-chechik-rough-ass-fuck-porn-anal-holed/</link>
		
		<dc:creator><![CDATA[yamyhub]]></dc:creator>
		<pubDate>Sat, 17 Jul 2021 00:53:14 +0000</pubDate>
				<guid isPermaLink="false">https://www.yamyhub.com/?post_type=video&#038;p=3715</guid>

					<description><![CDATA[<p>Big ass Adriana Chechik Rough ass fuck Porn anal HOLED Holed Adriana Chechik Anal Porn video Big ass busty women Adriana Chechik fuck ass anal from big dick latest anal porn video yamyhub anal porn video Adriana Chechik anal porn video Adriana Chechik latest porn video ass fuck pornhub video daftsex video latest HOLED anal [&#8230;]</p>
<p>The post <a rel="nofollow" href="https://www.yamyhub.com/video/big-ass-adriana-chechik-rough-ass-fuck-porn-anal-holed/">Big ass Adriana Chechik Rough ass fuck Porn anal HOLED</a> appeared first on <a rel="nofollow" href="https://www.yamyhub.com">Yamyhub</a>.</p>
]]></description>
										<content:encoded><![CDATA[<h2>Big ass Adriana Chechik Rough ass fuck Porn anal HOLED</h2>
<p>Holed Adriana Chechik Anal Porn video Big ass busty women Adriana Chechik fuck ass anal from big dick latest anal porn video yamyhub anal porn video Adriana Chechik anal porn video Adriana Chechik latest porn video ass fuck pornhub video daftsex video latest HOLED anal porn</p>
<p>The post <a rel="nofollow" href="https://www.yamyhub.com/video/big-ass-adriana-chechik-rough-ass-fuck-porn-anal-holed/">Big ass Adriana Chechik Rough ass fuck Porn anal HOLED</a> appeared first on <a rel="nofollow" href="https://www.yamyhub.com">Yamyhub</a>.</p>
]]></content:encoded>
					
		
		
			</item>
		<item>
		<title>Mature girl fuck hardcore in public Outdoor</title>
		<link>https://www.yamyhub.com/video/mature-girl-fuck-hardcore-in-public-outdoor/</link>
		
		<dc:creator><![CDATA[yamyhub]]></dc:creator>
		<pubDate>Mon, 12 Jul 2021 05:12:27 +0000</pubDate>
				<guid isPermaLink="false">https://www.yamyhub.com/?post_type=video&#038;p=3623</guid>

					<description><![CDATA[<p>Mature girl fuck hardcore in public Outdoor Pornhub public porn video Mature girl fuck hardcore in public outdoor pornhub public outdoor porn video yamyhub public porn pornhub video latest public pornhub porn video adolfxnika porn video latest adolfxnika porn video nika porn public place porn outdoor porn videos</p>
<p>The post <a rel="nofollow" href="https://www.yamyhub.com/video/mature-girl-fuck-hardcore-in-public-outdoor/">Mature girl fuck hardcore in public Outdoor</a> appeared first on <a rel="nofollow" href="https://www.yamyhub.com">Yamyhub</a>.</p>
]]></description>
										<content:encoded><![CDATA[<h2>Mature girl fuck hardcore in public Outdoor</h2>
<p>Pornhub public porn video Mature girl fuck hardcore in public outdoor pornhub public outdoor porn video yamyhub public porn pornhub video latest public pornhub porn video adolfxnika porn video latest adolfxnika porn video nika porn public place porn outdoor porn videos</p>
<p>The post <a rel="nofollow" href="https://www.yamyhub.com/video/mature-girl-fuck-hardcore-in-public-outdoor/">Mature girl fuck hardcore in public Outdoor</a> appeared first on <a rel="nofollow" href="https://www.yamyhub.com">Yamyhub</a>.</p>
]]></content:encoded>
					
		
		
			</item>
		<item>
		<title>Double edge dildo for Young lesbians</title>
		<link>https://www.yamyhub.com/video/double-edge-dildo-for-young-lesbians/</link>
		
		<dc:creator><![CDATA[yamyhub]]></dc:creator>
		<pubDate>Sat, 10 Jul 2021 10:38:04 +0000</pubDate>
				<guid isPermaLink="false">https://www.yamyhub.com/?post_type=video&#038;p=3581</guid>

					<description><![CDATA[<p>Double edge dildo for Young lesbians Pornhub Lesbian porn videos Young teen lesbian fuck each other from double edge dildo sex toys porn video yamyhub lesbian dildo porn</p>
<p>The post <a rel="nofollow" href="https://www.yamyhub.com/video/double-edge-dildo-for-young-lesbians/">Double edge dildo for Young lesbians</a> appeared first on <a rel="nofollow" href="https://www.yamyhub.com">Yamyhub</a>.</p>
]]></description>
										<content:encoded><![CDATA[<h2>Double edge dildo for Young lesbians</h2>
<p>Pornhub Lesbian porn videos Young teen lesbian fuck each other from double edge dildo sex toys porn video yamyhub lesbian dildo porn</p>
<p>The post <a rel="nofollow" href="https://www.yamyhub.com/video/double-edge-dildo-for-young-lesbians/">Double edge dildo for Young lesbians</a> appeared first on <a rel="nofollow" href="https://www.yamyhub.com">Yamyhub</a>.</p>
]]></content:encoded>
					
		
		
			</item>
		<item>
		<title>Mature stepmom Aubrey Black Fuck from black cock brazzers</title>
		<link>https://www.yamyhub.com/video/mature-stepmom-aubrey-black-fuck-from-black-cock-brazzers/</link>
		
		<dc:creator><![CDATA[yamyhub]]></dc:creator>
		<pubDate>Wed, 07 Jul 2021 04:03:54 +0000</pubDate>
				<guid isPermaLink="false">https://www.yamyhub.com/?post_type=video&#038;p=3554</guid>

					<description><![CDATA[<p>Mature stepmom Aubrey Black Fuck from black cock brazzers brazzers Stepmom porn video Mature big boobs stepmom Aubery black fuck from black cock brazzers porn video yamyhub stepmom porn video stepmom porn video latest stepmom video stepmom fuck from black cock black cock porn videos.</p>
<p>The post <a rel="nofollow" href="https://www.yamyhub.com/video/mature-stepmom-aubrey-black-fuck-from-black-cock-brazzers/">Mature stepmom Aubrey Black Fuck from black cock brazzers</a> appeared first on <a rel="nofollow" href="https://www.yamyhub.com">Yamyhub</a>.</p>
]]></description>
										<content:encoded><![CDATA[<h2>Mature stepmom Aubrey Black Fuck from black cock brazzers</h2>
<p>brazzers Stepmom porn video Mature big boobs stepmom Aubery black fuck from black cock brazzers porn video yamyhub stepmom porn video stepmom porn video latest stepmom video stepmom fuck from black cock black cock porn videos.</p>
<p>The post <a rel="nofollow" href="https://www.yamyhub.com/video/mature-stepmom-aubrey-black-fuck-from-black-cock-brazzers/">Mature stepmom Aubrey Black Fuck from black cock brazzers</a> appeared first on <a rel="nofollow" href="https://www.yamyhub.com">Yamyhub</a>.</p>
]]></content:encoded>
					
		
		
			</item>
		<item>
		<title>Yoga instructor Natasha nice Fuck from client Brazzers</title>
		<link>https://www.yamyhub.com/video/yoga-instructor-natasha-nice-fuck-from-client-brazzers/</link>
		
		<dc:creator><![CDATA[yamyhub]]></dc:creator>
		<pubDate>Mon, 05 Jul 2021 01:29:57 +0000</pubDate>
				<guid isPermaLink="false">https://www.yamyhub.com/?post_type=video&#038;p=3531</guid>

					<description><![CDATA[<p>Yoga instructor Natasha nice Fuck from client Brazzers Brazzers Porn video Big tits big butt Yoga instructor Natasha nice Fuck hardcore from client Brazzers yoga pant yamyhub yoga pant porn video yoga latest video natasha nice porn natasha fuck hardcore from client natasha nice fuck</p>
<p>The post <a rel="nofollow" href="https://www.yamyhub.com/video/yoga-instructor-natasha-nice-fuck-from-client-brazzers/">Yoga instructor Natasha nice Fuck from client Brazzers</a> appeared first on <a rel="nofollow" href="https://www.yamyhub.com">Yamyhub</a>.</p>
]]></description>
										<content:encoded><![CDATA[<h2>Yoga instructor Natasha nice Fuck from client Brazzers</h2>
<p>Brazzers Porn video Big tits big butt Yoga instructor Natasha nice Fuck hardcore from client Brazzers yoga pant yamyhub yoga pant porn video yoga latest video natasha nice porn natasha fuck hardcore from client natasha nice fuck</p>
<p>The post <a rel="nofollow" href="https://www.yamyhub.com/video/yoga-instructor-natasha-nice-fuck-from-client-brazzers/">Yoga instructor Natasha nice Fuck from client Brazzers</a> appeared first on <a rel="nofollow" href="https://www.yamyhub.com">Yamyhub</a>.</p>
]]></content:encoded>
					
		
		
			</item>
		<item>
		<title>Natasha Nice take computer repair cock in kitchen naughty America</title>
		<link>https://www.yamyhub.com/video/natasha-nice-take-computer-repair-cock-in-kitchen-naughty-america/</link>
		
		<dc:creator><![CDATA[yamyhub]]></dc:creator>
		<pubDate>Sun, 04 Jul 2021 03:05:43 +0000</pubDate>
				<guid isPermaLink="false">https://www.yamyhub.com/?post_type=video&#038;p=3522</guid>

					<description><![CDATA[<p>Natasha Nice take computer repair cock in kitchen naughty America Naughty America porn video Natasha nice take computer repair cock in her pussy and ass Natasha nice naughty America porn videos yamyhub Natasha nice porn video Natasha nice fuck in kitchen kitchen sex porn video sex video free</p>
<p>The post <a rel="nofollow" href="https://www.yamyhub.com/video/natasha-nice-take-computer-repair-cock-in-kitchen-naughty-america/">Natasha Nice take computer repair cock in kitchen naughty America</a> appeared first on <a rel="nofollow" href="https://www.yamyhub.com">Yamyhub</a>.</p>
]]></description>
										<content:encoded><![CDATA[<h2>Natasha Nice take computer repair cock in kitchen naughty America</h2>
<p>Naughty America porn video Natasha nice take computer repair cock in her pussy and ass Natasha nice naughty America porn videos yamyhub Natasha nice porn video Natasha nice fuck in kitchen kitchen sex porn video sex video free</p>
<p>The post <a rel="nofollow" href="https://www.yamyhub.com/video/natasha-nice-take-computer-repair-cock-in-kitchen-naughty-america/">Natasha Nice take computer repair cock in kitchen naughty America</a> appeared first on <a rel="nofollow" href="https://www.yamyhub.com">Yamyhub</a>.</p>
]]></content:encoded>
					
		
		
			</item>
		<item>
		<title>Teen stepsister takes brother big cock family strokes</title>
		<link>https://www.yamyhub.com/video/teen-stepsister-takes-brother-big-cock-family-strokes/</link>
		
		<dc:creator><![CDATA[yamyhub]]></dc:creator>
		<pubDate>Tue, 29 Jun 2021 04:21:10 +0000</pubDate>
				<guid isPermaLink="false">https://www.yamyhub.com/?post_type=video&#038;p=3488</guid>

					<description><![CDATA[<p>Teen stepsister takes brother big cock family strokes stepsister porn video family strokes porn video big cock porn video family strokes porn video stepsister porn video big cock porn video teen family strokes porn videos.</p>
<p>The post <a rel="nofollow" href="https://www.yamyhub.com/video/teen-stepsister-takes-brother-big-cock-family-strokes/">Teen stepsister takes brother big cock family strokes</a> appeared first on <a rel="nofollow" href="https://www.yamyhub.com">Yamyhub</a>.</p>
]]></description>
										<content:encoded><![CDATA[<h2>Teen stepsister takes brother big cock family strokes</h2>
<p>stepsister porn video family strokes porn video big cock porn video family strokes porn video stepsister porn video big cock porn video teen family strokes porn videos.</p>
<p>The post <a rel="nofollow" href="https://www.yamyhub.com/video/teen-stepsister-takes-brother-big-cock-family-strokes/">Teen stepsister takes brother big cock family strokes</a> appeared first on <a rel="nofollow" href="https://www.yamyhub.com">Yamyhub</a>.</p>
]]></content:encoded>
					
		
		
			</item>
		<item>
		<title>stepmom &#038; stepsister Fucked by son and dad Familystrokes</title>
		<link>https://www.yamyhub.com/video/stepmom-stepsister-fucked-by-son-and-dad-familystrokes/</link>
		
		<dc:creator><![CDATA[yamyhub]]></dc:creator>
		<pubDate>Fri, 25 Jun 2021 12:57:38 +0000</pubDate>
				<guid isPermaLink="false">https://www.yamyhub.com/?post_type=video&#038;p=3473</guid>

					<description><![CDATA[<p>stepmom &#38; stepsister Fucked by son and dad Family strokes Family strokes porn video big ass MILF porn videos big tits MILF porn stepsister porn videos stepmom porn videos MILF hardcore porn videos.</p>
<p>The post <a rel="nofollow" href="https://www.yamyhub.com/video/stepmom-stepsister-fucked-by-son-and-dad-familystrokes/">stepmom &#038; stepsister Fucked by son and dad Familystrokes</a> appeared first on <a rel="nofollow" href="https://www.yamyhub.com">Yamyhub</a>.</p>
]]></description>
										<content:encoded><![CDATA[<h1>stepmom &amp; stepsister Fucked by son and dad Family strokes</h1>
<p>Family strokes porn video big ass MILF porn videos big tits MILF porn stepsister porn videos stepmom porn videos MILF hardcore porn videos.</p>
<p>The post <a rel="nofollow" href="https://www.yamyhub.com/video/stepmom-stepsister-fucked-by-son-and-dad-familystrokes/">stepmom &#038; stepsister Fucked by son and dad Familystrokes</a> appeared first on <a rel="nofollow" href="https://www.yamyhub.com">Yamyhub</a>.</p>
]]></content:encoded>
					
		
		
			</item>
		<item>
		<title>Big ass Nicolette shea ass fuck &#038; squirt jordi</title>
		<link>https://www.yamyhub.com/video/big-ass-nicolette-shea-ass-fuck-squirt-jordi/</link>
		
		<dc:creator><![CDATA[yamyhub]]></dc:creator>
		<pubDate>Wed, 23 Jun 2021 05:41:58 +0000</pubDate>
				<guid isPermaLink="false">https://www.yamyhub.com/?post_type=video&#038;p=3449</guid>

					<description><![CDATA[<p>Big ass Nicolette shea ass fuck &#38; squirt jordi brazzers latest new full hd porn videos brazzers porn videos nicolette shea porn videos female domination nicolette shea ass fuck anal porn Jordi El Nino Polla porn video Jordi El Nino Polla fuck nicolette shea anal porn.</p>
<p>The post <a rel="nofollow" href="https://www.yamyhub.com/video/big-ass-nicolette-shea-ass-fuck-squirt-jordi/">Big ass Nicolette shea ass fuck &#038; squirt jordi</a> appeared first on <a rel="nofollow" href="https://www.yamyhub.com">Yamyhub</a>.</p>
]]></description>
										<content:encoded><![CDATA[<h2>Big ass Nicolette shea ass fuck &amp; squirt jordi</h2>
<p>brazzers latest new full hd porn videos brazzers porn videos nicolette shea porn videos female domination nicolette shea ass fuck anal porn Jordi El Nino Polla porn video Jordi El Nino Polla fuck nicolette shea anal porn.</p>
<p>The post <a rel="nofollow" href="https://www.yamyhub.com/video/big-ass-nicolette-shea-ass-fuck-squirt-jordi/">Big ass Nicolette shea ass fuck &#038; squirt jordi</a> appeared first on <a rel="nofollow" href="https://www.yamyhub.com">Yamyhub</a>.</p>
]]></content:encoded>
					
		
		
			</item>
		<item>
		<title>Lesbian x Lana rhoades &#038; Tori black have lesbian sex</title>
		<link>https://www.yamyhub.com/video/lesbian-x-lana-rhoades-tori-black-have-lesbian-sex/</link>
		
		<dc:creator><![CDATA[yamyhub]]></dc:creator>
		<pubDate>Tue, 22 Jun 2021 04:43:47 +0000</pubDate>
				<guid isPermaLink="false">https://www.yamyhub.com/?post_type=video&#038;p=3433</guid>

					<description><![CDATA[<p>Lesbian x Lana rhoades &#38; Tori black have lesbian sex lesbian videos lana rhoades and tori black tori black and lana rhoades lic and fuck each pussies on bed tori black lesbian porn videos lana rhoades porn videos. lesbian x porn videos</p>
<p>The post <a rel="nofollow" href="https://www.yamyhub.com/video/lesbian-x-lana-rhoades-tori-black-have-lesbian-sex/">Lesbian x Lana rhoades &#038; Tori black have lesbian sex</a> appeared first on <a rel="nofollow" href="https://www.yamyhub.com">Yamyhub</a>.</p>
]]></description>
										<content:encoded><![CDATA[<h2>Lesbian x Lana rhoades &amp; Tori black have lesbian sex</h2>
<p>lesbian videos lana rhoades and tori black tori black and lana rhoades lic and fuck each pussies on bed tori black lesbian porn videos lana rhoades porn videos. lesbian x porn videos</p>
<p>The post <a rel="nofollow" href="https://www.yamyhub.com/video/lesbian-x-lana-rhoades-tori-black-have-lesbian-sex/">Lesbian x Lana rhoades &#038; Tori black have lesbian sex</a> appeared first on <a rel="nofollow" href="https://www.yamyhub.com">Yamyhub</a>.</p>
]]></content:encoded>
					
		
		
			</item>
	</channel>
</rss>

0

