<?xml version="1.0" encoding="UTF-8"?><rss version="2.0"
	xmlns:content="http://purl.org/rss/1.0/modules/content/"
	xmlns:wfw="http://wellformedweb.org/CommentAPI/"
	xmlns:dc="http://purl.org/dc/elements/1.1/"
	xmlns:atom="http://www.w3.org/2005/Atom"
	xmlns:sy="http://purl.org/rss/1.0/modules/syndication/"
	xmlns:slash="http://purl.org/rss/1.0/modules/slash/"
	>

<channel>
	<title>Jinx Maze &#8211; Yamyhub</title>
	<atom:link href="https://www.yamyhub.com/categories/jinx-maze/feed/" rel="self" type="application/rss+xml" />
	<link>https://www.yamyhub.com</link>
	<description>Watch latest free HD Full length Porn video. Big ass, Big cock, MILF, Lesbian, Step sister and Step mother Porn videos. Yamyhub porn videos.</description>
	<lastBuildDate>Tue, 10 Aug 2021 06:59:12 +0000</lastBuildDate>
	<language>en-US</language>
	<sy:updatePeriod>
	hourly	</sy:updatePeriod>
	<sy:updateFrequency>
	1	</sy:updateFrequency>
	<generator>https://wordpress.org/?v=5.8</generator>

<image>
	<url>https://www.yamyhub.com/wp-content/uploads/2021/07/cropped-favicon-32x32.png</url>
	<title>Jinx Maze &#8211; Yamyhub</title>
	<link>https://www.yamyhub.com</link>
	<width>32</width>
	<height>32</height>
</image> 
	<item>
		<title>Bangbros Graduated student Jinx Maze sex in apartment</title>
		<link>https://www.yamyhub.com/video/bangbros-graduated-student-jinx-maze-sex-in-apartment/</link>
		
		<dc:creator><![CDATA[yamyhub]]></dc:creator>
		<pubDate>Mon, 09 Aug 2021 02:50:41 +0000</pubDate>
				<guid isPermaLink="false">https://www.yamyhub.com/?post_type=video&#038;p=4218</guid>

					<description><![CDATA[<p>Bangbros Graduated student Jinx Maze sex in apartment Bangbros Porn star Jinx Maze porn video. Student at Supervisor Apartment. Graduated porn star Jinx Maze pussy filled with cum sex yamyhub. Naughty school girl want cock. Excellent college girls fuck from behind. Student Jinx Maze love to get sex from behind porn videos. Student love each [&#8230;]</p>
<p>The post <a rel="nofollow" href="https://www.yamyhub.com/video/bangbros-graduated-student-jinx-maze-sex-in-apartment/">Bangbros Graduated student Jinx Maze sex in apartment</a> appeared first on <a rel="nofollow" href="https://www.yamyhub.com">Yamyhub</a>.</p>
]]></description>
										<content:encoded><![CDATA[<h2>Bangbros Graduated student Jinx Maze sex in apartment</h2>
<p>Bangbros Porn star Jinx Maze porn video. Student at Supervisor Apartment. Graduated porn star Jinx Maze pussy filled with cum sex yamyhub. Naughty school girl want cock. Excellent college girls fuck from behind. Student Jinx Maze love to get sex from behind porn videos. Student love each other after SAT.</p>
<p>The post <a rel="nofollow" href="https://www.yamyhub.com/video/bangbros-graduated-student-jinx-maze-sex-in-apartment/">Bangbros Graduated student Jinx Maze sex in apartment</a> appeared first on <a rel="nofollow" href="https://www.yamyhub.com">Yamyhub</a>.</p>
]]></content:encoded>
					
		
		
			</item>
	</channel>
</rss>
