<?xml version="1.0" encoding="UTF-8"?><rss version="2.0"
	xmlns:content="http://purl.org/rss/1.0/modules/content/"
	xmlns:wfw="http://wellformedweb.org/CommentAPI/"
	xmlns:dc="http://purl.org/dc/elements/1.1/"
	xmlns:atom="http://www.w3.org/2005/Atom"
	xmlns:sy="http://purl.org/rss/1.0/modules/syndication/"
	xmlns:slash="http://purl.org/rss/1.0/modules/slash/"
	>

<channel>
	<title>BRAZZERS &#8211; Yamyhub</title>
	<atom:link href="https://www.yamyhub.com/categories/brazzers/feed/" rel="self" type="application/rss+xml" />
	<link>https://www.yamyhub.com</link>
	<description>Watch latest free HD Full length Porn video. Big ass, Big cock, MILF, Lesbian, Step sister and Step mother Porn videos. Yamyhub porn videos.</description>
	<lastBuildDate>Mon, 16 Aug 2021 13:15:00 +0000</lastBuildDate>
	<language>en-US</language>
	<sy:updatePeriod>
	hourly	</sy:updatePeriod>
	<sy:updateFrequency>
	1	</sy:updateFrequency>
	<generator>https://wordpress.org/?v=5.8</generator>

<image>
	<url>https://www.yamyhub.com/wp-content/uploads/2021/07/cropped-favicon-32x32.png</url>
	<title>BRAZZERS &#8211; Yamyhub</title>
	<link>https://www.yamyhub.com</link>
	<width>32</width>
	<height>32</height>
</image> 
	<item>
		<title>Brazzers Lesbians get chance to ride on big dick Xhamster</title>
		<link>https://www.yamyhub.com/video/brazzers-lesbians-get-chance-to-ride-on-big-dick-xhamster/</link>
		
		<dc:creator><![CDATA[yamyhub]]></dc:creator>
		<pubDate>Mon, 16 Aug 2021 13:06:26 +0000</pubDate>
				<guid isPermaLink="false">https://www.yamyhub.com/?post_type=video&#038;p=4559</guid>

					<description><![CDATA[<p>Brazzers Lesbians get chance to ride on big dick Xhamster Brazzers pornstars Rachel Starr, Azul Hermosa &#38; Xander Corvus porn video by Xhamster. Brunettes lesbian lick pussy and fuck threesome FFM. Two lesbian lick each other pussy while husband Masturbate by xhamster porn. Husband fuck wife and her lesbian friend at home. Lesbian organism lick [&#8230;]</p>
<p>The post <a rel="nofollow" href="https://www.yamyhub.com/video/brazzers-lesbians-get-chance-to-ride-on-big-dick-xhamster/">Brazzers Lesbians get chance to ride on big dick Xhamster</a> appeared first on <a rel="nofollow" href="https://www.yamyhub.com">Yamyhub</a>.</p>
]]></description>
										<content:encoded><![CDATA[<h2>Brazzers Lesbians get chance to ride on big dick Xhamster</h2>
<p>Brazzers pornstars Rachel Starr, Azul Hermosa &amp; Xander Corvus porn video by Xhamster. Brunettes lesbian lick pussy and fuck threesome FFM. Two lesbian lick each other pussy while husband Masturbate by xhamster porn. Husband fuck wife and her lesbian friend at home. Lesbian organism lick each other pussies. Threesome FFM Azul Hermosa Xander Corvus and Rachel Starr.</p>
<p>The post <a rel="nofollow" href="https://www.yamyhub.com/video/brazzers-lesbians-get-chance-to-ride-on-big-dick-xhamster/">Brazzers Lesbians get chance to ride on big dick Xhamster</a> appeared first on <a rel="nofollow" href="https://www.yamyhub.com">Yamyhub</a>.</p>
]]></content:encoded>
					
		
		
			</item>
		<item>
		<title>Brazzers Blonde MILF Mercedes carrera want cock</title>
		<link>https://www.yamyhub.com/video/brazzers-blonde-milf-mercedes-carrera-want-cock/</link>
		
		<dc:creator><![CDATA[yamyhub]]></dc:creator>
		<pubDate>Fri, 13 Aug 2021 16:47:36 +0000</pubDate>
				<guid isPermaLink="false">https://www.yamyhub.com/?post_type=video&#038;p=4479</guid>

					<description><![CDATA[<p>Brazzers Blonde MILF Mercedes carrera want cock Brazzers Porn star Mercedes carrera Eporner porn videos. Mature MILF with big boobs love to fuck from young cock. Blonde cumshot yamyhub. A young gay with big cock try fuck her MILF pussy. Pussy to mouth eporner best video. Mature MILF filled her mouth with young cum. Facial [&#8230;]</p>
<p>The post <a rel="nofollow" href="https://www.yamyhub.com/video/brazzers-blonde-milf-mercedes-carrera-want-cock/">Brazzers Blonde MILF Mercedes carrera want cock</a> appeared first on <a rel="nofollow" href="https://www.yamyhub.com">Yamyhub</a>.</p>
]]></description>
										<content:encoded><![CDATA[<h2>Brazzers Blonde MILF Mercedes carrera want cock</h2>
<p>Brazzers Porn star Mercedes carrera Eporner porn videos. Mature MILF with big boobs love to fuck from young cock. Blonde cumshot yamyhub. A young gay with big cock try fuck her MILF pussy. Pussy to mouth eporner best video. Mature MILF filled her mouth with young cum. Facial cumshot on mature milf Mercedes carrera only on eporner.</p>
<p>The post <a rel="nofollow" href="https://www.yamyhub.com/video/brazzers-blonde-milf-mercedes-carrera-want-cock/">Brazzers Blonde MILF Mercedes carrera want cock</a> appeared first on <a rel="nofollow" href="https://www.yamyhub.com">Yamyhub</a>.</p>
]]></content:encoded>
					
		
		
			</item>
		<item>
		<title>Brazzers Asian pornstar Ayumu Kase Get cock in game xnxx</title>
		<link>https://www.yamyhub.com/video/brazzers-asian-pornstar-ayumu-kase-get-cock-in-game-xnxx/</link>
		
		<dc:creator><![CDATA[yamyhub]]></dc:creator>
		<pubDate>Thu, 12 Aug 2021 02:17:00 +0000</pubDate>
				<guid isPermaLink="false">https://www.yamyhub.com/?post_type=video&#038;p=4433</guid>

					<description><![CDATA[<p>Brazzers Asian pornstar Ayumu Kase Get cock in game xnxx Brazzers XNXX pornstar Ayumu Kase porn video. Sexy Asian hot teen want to take American business man cock in her pussy. Sex movie yamyhub. Stylish hair teen get cocked. Asian Japanese want to take business man cock. Japanese porn Ayumu Kase latest porn video at [&#8230;]</p>
<p>The post <a rel="nofollow" href="https://www.yamyhub.com/video/brazzers-asian-pornstar-ayumu-kase-get-cock-in-game-xnxx/">Brazzers Asian pornstar Ayumu Kase Get cock in game xnxx</a> appeared first on <a rel="nofollow" href="https://www.yamyhub.com">Yamyhub</a>.</p>
]]></description>
										<content:encoded><![CDATA[<h2>Brazzers Asian pornstar Ayumu Kase Get cock in game xnxx</h2>
<p>Brazzers XNXX pornstar Ayumu Kase porn video. Sexy Asian hot teen want to take American business man cock in her pussy. Sex movie yamyhub. Stylish hair teen get cocked. Asian Japanese want to take business man cock. Japanese porn Ayumu Kase latest porn video at xnxx sex videos xxx.</p>
<p>The post <a rel="nofollow" href="https://www.yamyhub.com/video/brazzers-asian-pornstar-ayumu-kase-get-cock-in-game-xnxx/">Brazzers Asian pornstar Ayumu Kase Get cock in game xnxx</a> appeared first on <a rel="nofollow" href="https://www.yamyhub.com">Yamyhub</a>.</p>
]]></content:encoded>
					
		
		
			</item>
		<item>
		<title>Brazzers Amara Romani get organism by moms pornhub</title>
		<link>https://www.yamyhub.com/video/brazzers-amara-romani-get-organism-by-moms-pornhub/</link>
		
		<dc:creator><![CDATA[yamyhub]]></dc:creator>
		<pubDate>Mon, 09 Aug 2021 02:33:43 +0000</pubDate>
				<guid isPermaLink="false">https://www.yamyhub.com/?post_type=video&#038;p=4216</guid>

					<description><![CDATA[<p>Brazzers Amara Romani get organism by moms pornhub Brazzers pornstars Phoenix Marie &#38; Amara Romani Pornhub sex video. Lesbian stepmom tries organism with her young daughter at home yamyhub. pornhub with Amara Romani want organism pussy lick ass hole from her new stepmom. Phoenix Marie Organism her daughter women no one at home. Stepmom Phoenix [&#8230;]</p>
<p>The post <a rel="nofollow" href="https://www.yamyhub.com/video/brazzers-amara-romani-get-organism-by-moms-pornhub/">Brazzers Amara Romani get organism by moms pornhub</a> appeared first on <a rel="nofollow" href="https://www.yamyhub.com">Yamyhub</a>.</p>
]]></description>
										<content:encoded><![CDATA[<h2>Brazzers Amara Romani get organism by moms pornhub</h2>
<p>Brazzers pornstars Phoenix Marie &amp; Amara Romani Pornhub sex video. Lesbian stepmom tries organism with her young daughter at home yamyhub. pornhub with Amara Romani want organism pussy lick ass hole from her new stepmom. Phoenix Marie Organism her daughter women no one at home. Stepmom Phoenix Marie taught her lesson to her stepdaughter.</p>
<p>The post <a rel="nofollow" href="https://www.yamyhub.com/video/brazzers-amara-romani-get-organism-by-moms-pornhub/">Brazzers Amara Romani get organism by moms pornhub</a> appeared first on <a rel="nofollow" href="https://www.yamyhub.com">Yamyhub</a>.</p>
]]></content:encoded>
					
		
		
			</item>
		<item>
		<title>Brazzers naked wife Portia Paris fuck in vagina Xvideos</title>
		<link>https://www.yamyhub.com/video/brazzers-naked-wife-portia-paris-fuck-in-vagina-xvideos/</link>
		
		<dc:creator><![CDATA[yamyhub]]></dc:creator>
		<pubDate>Sun, 08 Aug 2021 13:27:39 +0000</pubDate>
				<guid isPermaLink="false">https://www.yamyhub.com/?post_type=video&#038;p=4205</guid>

					<description><![CDATA[<p>Brazzers naked wife Portia Paris fuck in vagina Xvideos Brazzers Porn star Portia Paris xvideos porn video. Big ass PAWG Portia Paris filled her vagina with cum. Kitchen sex husband wife yamyhub, Horny hot naked wife enjoy her husband cock. My naked wife get cock at home kitchen sex. Best HD kitchen sex husband wife [&#8230;]</p>
<p>The post <a rel="nofollow" href="https://www.yamyhub.com/video/brazzers-naked-wife-portia-paris-fuck-in-vagina-xvideos/">Brazzers naked wife Portia Paris fuck in vagina Xvideos</a> appeared first on <a rel="nofollow" href="https://www.yamyhub.com">Yamyhub</a>.</p>
]]></description>
										<content:encoded><![CDATA[<h2>Brazzers naked wife Portia Paris fuck in vagina Xvideos</h2>
<p>Brazzers Porn star Portia Paris xvideos porn video. Big ass PAWG Portia Paris filled her vagina with cum. Kitchen sex husband wife yamyhub, Horny hot naked wife enjoy her husband cock. My naked wife get cock at home kitchen sex. Best HD kitchen sex husband wife PAWG Portia Paris latest porn videos at xvideos. Pawg Portia Paris xvideos porn.</p>
<p>The post <a rel="nofollow" href="https://www.yamyhub.com/video/brazzers-naked-wife-portia-paris-fuck-in-vagina-xvideos/">Brazzers naked wife Portia Paris fuck in vagina Xvideos</a> appeared first on <a rel="nofollow" href="https://www.yamyhub.com">Yamyhub</a>.</p>
]]></content:encoded>
					
		
		
			</item>
		<item>
		<title>Brazzers horny big ass MILF secretaries get cock Youporn</title>
		<link>https://www.yamyhub.com/video/brazzers-horny-big-ass-milf-secretaries-get-cock-youporn/</link>
		
		<dc:creator><![CDATA[yamyhub]]></dc:creator>
		<pubDate>Sun, 08 Aug 2021 06:50:19 +0000</pubDate>
				<guid isPermaLink="false">https://www.yamyhub.com/?post_type=video&#038;p=4190</guid>

					<description><![CDATA[<p>Brazzers horny big ass MILF secretaries get cock Youporn Brazzers porn star Karen Fisher Youporn sex videos. Blonde secretaries want to get young cock in office. Big ass horny MILF porn yamyhub. Watch the best MILF big ass pornstar office young cock blonde secretaries porn video at Youporn. Karen Fisher take down young cock at [&#8230;]</p>
<p>The post <a rel="nofollow" href="https://www.yamyhub.com/video/brazzers-horny-big-ass-milf-secretaries-get-cock-youporn/">Brazzers horny big ass MILF secretaries get cock Youporn</a> appeared first on <a rel="nofollow" href="https://www.yamyhub.com">Yamyhub</a>.</p>
]]></description>
										<content:encoded><![CDATA[<h2>Brazzers horny big ass MILF secretaries get cock Youporn</h2>
<p>Brazzers porn star Karen Fisher Youporn sex videos. Blonde secretaries want to get young cock in office. Big ass horny MILF porn yamyhub. Watch the best MILF big ass pornstar office young cock blonde secretaries porn video at Youporn. Karen Fisher take down young cock at office on youporn videos. MILF pussy fuck ended up a crazy blowjob porn.</p>
<p>The post <a rel="nofollow" href="https://www.yamyhub.com/video/brazzers-horny-big-ass-milf-secretaries-get-cock-youporn/">Brazzers horny big ass MILF secretaries get cock Youporn</a> appeared first on <a rel="nofollow" href="https://www.yamyhub.com">Yamyhub</a>.</p>
]]></content:encoded>
					
		
		
			</item>
		<item>
		<title>Brazzers MILF wife Krissy Lynn get black cock xHamster</title>
		<link>https://www.yamyhub.com/video/brazzers-milf-wife-krissy-lynn-get-black-cock-xhamster/</link>
		
		<dc:creator><![CDATA[yamyhub]]></dc:creator>
		<pubDate>Sat, 07 Aug 2021 17:40:01 +0000</pubDate>
				<guid isPermaLink="false">https://www.yamyhub.com/?post_type=video&#038;p=4185</guid>

					<description><![CDATA[<p>Brazzers MILF wife Krissy Lynn get black cock xHamster Brazzers Pornstar Krissy Lynn Xhamster sex porn video. Gorgeous Krissy MILF Fucks &#38; Sucks her Surprised black cock. Busty MILF yamyhub. Krissy Lynn jerk off and want to get big black cock xhamster porn sex xxx videos . Beautiful hot blonde MILF Penetrate by black cock [&#8230;]</p>
<p>The post <a rel="nofollow" href="https://www.yamyhub.com/video/brazzers-milf-wife-krissy-lynn-get-black-cock-xhamster/">Brazzers MILF wife Krissy Lynn get black cock xHamster</a> appeared first on <a rel="nofollow" href="https://www.yamyhub.com">Yamyhub</a>.</p>
]]></description>
										<content:encoded><![CDATA[<h2>Brazzers MILF wife Krissy Lynn get black cock xHamster</h2>
<p>Brazzers Pornstar Krissy Lynn Xhamster sex porn video. Gorgeous Krissy MILF Fucks &amp; Sucks her Surprised black cock. Busty MILF yamyhub. Krissy Lynn jerk off and want to get big black cock xhamster porn sex xxx videos . Beautiful hot blonde MILF Penetrate by black cock when her husband at home. stretched ass fucked by black cock ass hole. Best xhamster porn videos.</p>
<p>The post <a rel="nofollow" href="https://www.yamyhub.com/video/brazzers-milf-wife-krissy-lynn-get-black-cock-xhamster/">Brazzers MILF wife Krissy Lynn get black cock xHamster</a> appeared first on <a rel="nofollow" href="https://www.yamyhub.com">Yamyhub</a>.</p>
]]></content:encoded>
					
		
		
			</item>
		<item>
		<title>Brazzers House 2 new porn show group sex pussy cum anal</title>
		<link>https://www.yamyhub.com/video/brazzers-house-2-new-porn-show-group-sex-pussy-cum-anal/</link>
		
		<dc:creator><![CDATA[yamyhub]]></dc:creator>
		<pubDate>Thu, 05 Aug 2021 05:35:11 +0000</pubDate>
				<guid isPermaLink="false">https://www.yamyhub.com/?post_type=video&#038;p=4155</guid>

					<description><![CDATA[<p>Brazzers House 2 new porn show group sex pussy cum anal Brazzers Top porn star porn video. Brazzers house 2 porn with group sex lesbian pussy lick. Anal threesome pussy fuck 69 postion yamyhub. Top pornstars: Abella Danger, Alexis Fawx, Nicole Aniston , Monica Alexander , Megan Rain , Phoenix Marie , Keisha Gray ,  [&#8230;]</p>
<p>The post <a rel="nofollow" href="https://www.yamyhub.com/video/brazzers-house-2-new-porn-show-group-sex-pussy-cum-anal/">Brazzers House 2 new porn show group sex pussy cum anal</a> appeared first on <a rel="nofollow" href="https://www.yamyhub.com">Yamyhub</a>.</p>
]]></description>
										<content:encoded><![CDATA[<h2>Brazzers House 2 new porn show group sex pussy cum anal</h2>
<p>Brazzers Top porn star porn video. Brazzers house 2 porn with group sex lesbian pussy lick. Anal threesome pussy fuck 69 postion yamyhub.</p>
<p>Top pornstars: Abella Danger, Alexis Fawx, Nicole Aniston , Monica Alexander , Megan Rain , Phoenix Marie , Keisha Gray ,  Skyla Novea , JMack , Luna Star , Sean Lawless, Kelsi Monroe  porn videos. pornhub eporner daftsex sex videos xxx.</p>
<p>The post <a rel="nofollow" href="https://www.yamyhub.com/video/brazzers-house-2-new-porn-show-group-sex-pussy-cum-anal/">Brazzers House 2 new porn show group sex pussy cum anal</a> appeared first on <a rel="nofollow" href="https://www.yamyhub.com">Yamyhub</a>.</p>
]]></content:encoded>
					
		
		
			</item>
		<item>
		<title>Brazzers Wife cheat her husband &#038; lick lesbian pussy</title>
		<link>https://www.yamyhub.com/video/brazzers-wife-cheat-her-husband-lick-lesbian-pussy/</link>
		
		<dc:creator><![CDATA[yamyhub]]></dc:creator>
		<pubDate>Thu, 05 Aug 2021 05:02:14 +0000</pubDate>
				<guid isPermaLink="false">https://www.yamyhub.com/?post_type=video&#038;p=4151</guid>

					<description><![CDATA[<p>Brazzers Wife cheat her husband &#38; lick lesbian pussy Brazzers Porn stars Molly Stewart &#38; Alina Lopez porn video. Cheating wife cheat husband and lick lesbian girlfriend. Pussy lick Yamyhub. Readhead Molly Stewart want to lick her girlfriend pussy when her husband at home. lesbian Cheat husband and fuck her girlfriend pussy. lesbian best porn [&#8230;]</p>
<p>The post <a rel="nofollow" href="https://www.yamyhub.com/video/brazzers-wife-cheat-her-husband-lick-lesbian-pussy/">Brazzers Wife cheat her husband &#038; lick lesbian pussy</a> appeared first on <a rel="nofollow" href="https://www.yamyhub.com">Yamyhub</a>.</p>
]]></description>
										<content:encoded><![CDATA[<h2>Brazzers Wife cheat her husband &amp; lick lesbian pussy</h2>
<p>Brazzers Porn stars Molly Stewart &amp; Alina Lopez porn video. Cheating wife cheat husband and lick lesbian girlfriend. Pussy lick Yamyhub. Readhead Molly Stewart want to lick her girlfriend pussy when her husband at home. lesbian Cheat husband and fuck her girlfriend pussy. lesbian best porn videos. Brazzers lesbian xnxx xhamster porn.</p>
<p>The post <a rel="nofollow" href="https://www.yamyhub.com/video/brazzers-wife-cheat-her-husband-lick-lesbian-pussy/">Brazzers Wife cheat her husband &#038; lick lesbian pussy</a> appeared first on <a rel="nofollow" href="https://www.yamyhub.com">Yamyhub</a>.</p>
]]></content:encoded>
					
		
		
			</item>
		<item>
		<title>Brazzers Top 10 pornstars Lesbian organism at resort</title>
		<link>https://www.yamyhub.com/video/brazzers-top-10-pornstars-lesbian-organism-at-resort/</link>
		
		<dc:creator><![CDATA[yamyhub]]></dc:creator>
		<pubDate>Wed, 04 Aug 2021 10:21:39 +0000</pubDate>
				<guid isPermaLink="false">https://www.yamyhub.com/?post_type=video&#038;p=4145</guid>

					<description><![CDATA[<p>Brazzers Top 10 pornstars Lesbian organism at resort Brazzers Top 10 pornstars lesbian orgy to each other porn video. Group sex between girls gang lesbian organism and sex toys porn yamyhub. Pornstars Abella Danger , Alexis Adams , Alexis Fawx , Christina Rose, Kelsi Monroe , Luna Star, Lena Paul , Megan Rain, Monica Alexander, [&#8230;]</p>
<p>The post <a rel="nofollow" href="https://www.yamyhub.com/video/brazzers-top-10-pornstars-lesbian-organism-at-resort/">Brazzers Top 10 pornstars Lesbian organism at resort</a> appeared first on <a rel="nofollow" href="https://www.yamyhub.com">Yamyhub</a>.</p>
]]></description>
										<content:encoded><![CDATA[<h2>Brazzers Top 10 pornstars Lesbian organism at resort</h2>
<p>Brazzers Top 10 pornstars lesbian orgy to each other porn video. Group sex between girls gang lesbian organism and sex toys porn yamyhub. Pornstars Abella Danger , Alexis Adams , Alexis Fawx , Christina Rose, Kelsi Monroe , Luna Star, Lena Paul , Megan Rain, Monica Alexander, Nicole Aniston,  Phoenix Marie and Skyla Novea porn video. lesbian organism to each other. Daftsex porn sex xxx xhamster spankbang porn.</p>
<p>The post <a rel="nofollow" href="https://www.yamyhub.com/video/brazzers-top-10-pornstars-lesbian-organism-at-resort/">Brazzers Top 10 pornstars Lesbian organism at resort</a> appeared first on <a rel="nofollow" href="https://www.yamyhub.com">Yamyhub</a>.</p>
]]></content:encoded>
					
		
		
			</item>
	</channel>
</rss>
