<?xml version="1.0" encoding="UTF-8"?><rss version="2.0"
	xmlns:content="http://purl.org/rss/1.0/modules/content/"
	xmlns:wfw="http://wellformedweb.org/CommentAPI/"
	xmlns:dc="http://purl.org/dc/elements/1.1/"
	xmlns:atom="http://www.w3.org/2005/Atom"
	xmlns:sy="http://purl.org/rss/1.0/modules/syndication/"
	xmlns:slash="http://purl.org/rss/1.0/modules/slash/"
	>

<channel>
	<title>Small Hands &#8211; Yamyhub</title>
	<atom:link href="https://www.yamyhub.com/categories/small-hands/feed/" rel="self" type="application/rss+xml" />
	<link>https://www.yamyhub.com</link>
	<description>Watch latest free HD Full length Porn video. Big ass, Big cock, MILF, Lesbian, Step sister and Step mother Porn videos. Yamyhub porn videos.</description>
	<lastBuildDate>Mon, 14 Jun 2021 04:29:12 +0000</lastBuildDate>
	<language>en-US</language>
	<sy:updatePeriod>
	hourly	</sy:updatePeriod>
	<sy:updateFrequency>
	1	</sy:updateFrequency>
	<generator>https://wordpress.org/?v=5.7.2</generator>

<image>
	<url>https://www.yamyhub.com/wp-content/uploads/2021/06/favicon.png</url>
	<title>Small Hands &#8211; Yamyhub</title>
	<link>https://www.yamyhub.com</link>
	<width>32</width>
	<height>32</height>
</image> 
	<item>
		<title>sluty Abigail Mac her Pussy Pounded in Forest by Small Hands Brazzers</title>
		<link>https://www.yamyhub.com/video/sluty-abigail-mac-her-pussy-pounded-in-forest-by-small-hands-brazzers/</link>
		
		<dc:creator><![CDATA[yamyhub]]></dc:creator>
		<pubDate>Thu, 10 Jun 2021 06:15:35 +0000</pubDate>
				<guid isPermaLink="false">https://www.yamyhub.com/?post_type=video&#038;p=3283</guid>

					<description><![CDATA[<p>sluty Abigail Mac her Pussy Pounded in Forest by Small Hands Brazzers Big Ass HD Porn Big Dick Pornstar  Brunette Public Big Tits Porhub   Big Cock Pussy Licking Mgvideos Doggystyle Fake Boobs  Cumshot Forest Blowjob Big Boobs Cowgirl Missionary Deepthroat  Pussy Brazzers Fingering  Pornohub. big ass and big tits boobs abigail mac fucked hardcore by [&#8230;]</p>
<p>The post <a rel="nofollow" href="https://www.yamyhub.com/video/sluty-abigail-mac-her-pussy-pounded-in-forest-by-small-hands-brazzers/">sluty Abigail Mac her Pussy Pounded in Forest by Small Hands Brazzers</a> appeared first on <a rel="nofollow" href="https://www.yamyhub.com">Yamyhub</a>.</p>
]]></description>
										<content:encoded><![CDATA[<h1>sluty Abigail Mac her Pussy Pounded in Forest by Small Hands Brazzers</h1>
<p>Big Ass HD Porn Big Dick Pornstar  Brunette Public Big Tits</p>
<p>Porhub   Big Cock Pussy Licking Mgvideos Doggystyle Fake Boobs  Cumshot Forest Blowjob Big Boobs Cowgirl Missionary Deepthroat  Pussy Brazzers Fingering  Pornohub.</p>
<p>big ass and big tits boobs abigail mac fucked hardcore by small hand in forest outdoor publiuc porn video brazzers pornhub porn.</p>
<p>The post <a rel="nofollow" href="https://www.yamyhub.com/video/sluty-abigail-mac-her-pussy-pounded-in-forest-by-small-hands-brazzers/">sluty Abigail Mac her Pussy Pounded in Forest by Small Hands Brazzers</a> appeared first on <a rel="nofollow" href="https://www.yamyhub.com">Yamyhub</a>.</p>
]]></content:encoded>
					
		
		
			</item>
	</channel>
</rss>
