<?xml version="1.0" encoding="UTF-8"?><rss version="2.0"
	xmlns:content="http://purl.org/rss/1.0/modules/content/"
	xmlns:wfw="http://wellformedweb.org/CommentAPI/"
	xmlns:dc="http://purl.org/dc/elements/1.1/"
	xmlns:atom="http://www.w3.org/2005/Atom"
	xmlns:sy="http://purl.org/rss/1.0/modules/syndication/"
	xmlns:slash="http://purl.org/rss/1.0/modules/slash/"
	>

<channel>
	<title>Aidra Fox &#8211; Yamyhub</title>
	<atom:link href="https://www.yamyhub.com/categories/aidra-fox/feed/" rel="self" type="application/rss+xml" />
	<link>https://www.yamyhub.com</link>
	<description>Watch latest free HD Full length Porn video. Big ass, Big cock, MILF, Lesbian, Step sister and Step mother Porn videos. Yamyhub porn videos.</description>
	<lastBuildDate>Sat, 17 Jul 2021 02:35:13 +0000</lastBuildDate>
	<language>en-US</language>
	<sy:updatePeriod>
	hourly	</sy:updatePeriod>
	<sy:updateFrequency>
	1	</sy:updateFrequency>
	<generator>https://wordpress.org/?v=5.7.2</generator>

<image>
	<url>https://www.yamyhub.com/wp-content/uploads/2021/06/favicon.png</url>
	<title>Aidra Fox &#8211; Yamyhub</title>
	<link>https://www.yamyhub.com</link>
	<width>32</width>
	<height>32</height>
</image> 
	<item>
		<title>Porn stars shaking boobs dani daniels Karlee Grey Adriana Chechik</title>
		<link>https://www.yamyhub.com/video/porn-stars-shaking-boobs-dani-daniels-karlee-grey-adriana-chechik/</link>
		
		<dc:creator><![CDATA[yamyhub]]></dc:creator>
		<pubDate>Sat, 17 Jul 2021 02:35:13 +0000</pubDate>
				<guid isPermaLink="false">https://www.yamyhub.com/?post_type=video&#038;p=3717</guid>

					<description><![CDATA[<p>Porn stars shaking boobs dani daniels Karlee Grey Adriana Chechik Porn stars shaking boobs porn video Big boobs shake by Dani Daniels Karlee grey Adriana Chechik Peta Jensen Aidra Fox Porn star yamyhub Dani Daniels porn video Karlee grey porn video Adriana Chechik porn video Aidra Fox porn video Peta Jensen porn video boobs shake [&#8230;]</p>
<p>The post <a rel="nofollow" href="https://www.yamyhub.com/video/porn-stars-shaking-boobs-dani-daniels-karlee-grey-adriana-chechik/">Porn stars shaking boobs dani daniels Karlee Grey Adriana Chechik</a> appeared first on <a rel="nofollow" href="https://www.yamyhub.com">Yamyhub</a>.</p>
]]></description>
										<content:encoded><![CDATA[<h2>Porn stars shaking boobs dani daniels Karlee Grey Adriana Chechik</h2>
<p>Porn stars shaking boobs porn video Big boobs shake by Dani Daniels Karlee grey Adriana Chechik Peta Jensen Aidra Fox Porn star yamyhub Dani Daniels porn video Karlee grey porn video Adriana Chechik porn video Aidra Fox porn video Peta Jensen porn video boobs shake yamyhub spankbang video youporn video.</p>
<p>The post <a rel="nofollow" href="https://www.yamyhub.com/video/porn-stars-shaking-boobs-dani-daniels-karlee-grey-adriana-chechik/">Porn stars shaking boobs dani daniels Karlee Grey Adriana Chechik</a> appeared first on <a rel="nofollow" href="https://www.yamyhub.com">Yamyhub</a>.</p>
]]></content:encoded>
					
		
		
			</item>
		<item>
		<title>Brazzers &#8211; Four Sluty big ass teen Fuck hardcore By Mr lee</title>
		<link>https://www.yamyhub.com/video/brazzers-four-sluty-big-ass-teen-fuck-hardcore-by-mr-lee/</link>
		
		<dc:creator><![CDATA[yamyhub]]></dc:creator>
		<pubDate>Sun, 20 Jun 2021 05:58:26 +0000</pubDate>
				<guid isPermaLink="false">https://www.yamyhub.com/?post_type=video&#038;p=3409</guid>

					<description><![CDATA[<p>Brazzers &#8211; Four Sluty big ass teen Fuck hardcore By Mr lee Mr lee porn videos, Mr Lee fuck four girls in office. big ass bog boobs Lana rhoades porn videos. Riley Reid porn videos, Riley Reid fuck in office. Janice Griffith porn videos, Janice Griffith lesbian porn videos, Aidra Fox porn videos Aidra Fox [&#8230;]</p>
<p>The post <a rel="nofollow" href="https://www.yamyhub.com/video/brazzers-four-sluty-big-ass-teen-fuck-hardcore-by-mr-lee/">Brazzers &#8211; Four Sluty big ass teen Fuck hardcore By Mr lee</a> appeared first on <a rel="nofollow" href="https://www.yamyhub.com">Yamyhub</a>.</p>
]]></description>
										<content:encoded><![CDATA[<h2>Brazzers &#8211; Four Sluty big ass teen Fuck hardcore By Mr lee</h2>
<p>Mr lee porn videos, Mr Lee fuck four girls in office. big ass bog boobs Lana rhoades porn videos. Riley Reid porn videos, Riley Reid fuck in office.</p>
<p>Janice Griffith porn videos, Janice Griffith lesbian porn videos, Aidra Fox porn videos Aidra Fox lesbian organism porn. Brazzers girls gang porn videos.</p>
<p>The post <a rel="nofollow" href="https://www.yamyhub.com/video/brazzers-four-sluty-big-ass-teen-fuck-hardcore-by-mr-lee/">Brazzers &#8211; Four Sluty big ass teen Fuck hardcore By Mr lee</a> appeared first on <a rel="nofollow" href="https://www.yamyhub.com">Yamyhub</a>.</p>
]]></content:encoded>
					
		
		
			</item>
	</channel>
</rss>
