<?xml version="1.0" encoding="UTF-8"?><rss version="2.0"
	xmlns:content="http://purl.org/rss/1.0/modules/content/"
	xmlns:wfw="http://wellformedweb.org/CommentAPI/"
	xmlns:dc="http://purl.org/dc/elements/1.1/"
	xmlns:atom="http://www.w3.org/2005/Atom"
	xmlns:sy="http://purl.org/rss/1.0/modules/syndication/"
	xmlns:slash="http://purl.org/rss/1.0/modules/slash/"
	>

<channel>
	<title>All Girls massage &#8211; Yamyhub</title>
	<atom:link href="https://www.yamyhub.com/categories/all-girls-massage/feed/" rel="self" type="application/rss+xml" />
	<link>https://www.yamyhub.com</link>
	<description>Watch latest free HD Full length Porn video. Big ass, Big cock, MILF, Lesbian, Step sister and Step mother Porn videos. Yamyhub porn videos.</description>
	<lastBuildDate>Tue, 10 Aug 2021 11:11:14 +0000</lastBuildDate>
	<language>en-US</language>
	<sy:updatePeriod>
	hourly	</sy:updatePeriod>
	<sy:updateFrequency>
	1	</sy:updateFrequency>
	<generator>https://wordpress.org/?v=5.8</generator>

<image>
	<url>https://www.yamyhub.com/wp-content/uploads/2021/07/cropped-favicon-32x32.png</url>
	<title>All Girls massage &#8211; Yamyhub</title>
	<link>https://www.yamyhub.com</link>
	<width>32</width>
	<height>32</height>
</image> 
	<item>
		<title>All girl massage Oiled lesbian abella danger Lick ass XNXX</title>
		<link>https://www.yamyhub.com/video/all-girl-massage-oiled-lesbian-abella-danger-lick-ass-xnxx/</link>
		
		<dc:creator><![CDATA[yamyhub]]></dc:creator>
		<pubDate>Sat, 07 Aug 2021 17:19:17 +0000</pubDate>
				<guid isPermaLink="false">https://www.yamyhub.com/?post_type=video&#038;p=4183</guid>

					<description><![CDATA[<p>All girl massage Oiled lesbian abella danger Lick ass XNXX All girl Massage Pornstars Riley Reyes &#38; Abella Danger XNXX porn Videos XXX. Lesbian Lick ass and fingering during massage. Oiled yamyhub. Male depression lead women to lesbian ass licking and fingering each other XNXX sex videos. Massage sex with oiled lesbia abella danger and  [&#8230;]</p>
<p>The post <a rel="nofollow" href="https://www.yamyhub.com/video/all-girl-massage-oiled-lesbian-abella-danger-lick-ass-xnxx/">All girl massage Oiled lesbian abella danger Lick ass XNXX</a> appeared first on <a rel="nofollow" href="https://www.yamyhub.com">Yamyhub</a>.</p>
]]></description>
										<content:encoded><![CDATA[<h2>All girl massage Oiled lesbian abella danger Lick ass XNXX</h2>
<p>All girl Massage Pornstars Riley Reyes &amp; Abella Danger XNXX porn Videos XXX. Lesbian Lick ass and fingering during massage. Oiled yamyhub. Male depression lead women to lesbian ass licking and fingering each other XNXX sex videos. Massage sex with oiled lesbia abella danger and  Riley Reyes. Organic massage pleasure women to to lesbian sex xnxx porn videos.</p>
<p>The post <a rel="nofollow" href="https://www.yamyhub.com/video/all-girl-massage-oiled-lesbian-abella-danger-lick-ass-xnxx/">All girl massage Oiled lesbian abella danger Lick ass XNXX</a> appeared first on <a rel="nofollow" href="https://www.yamyhub.com">Yamyhub</a>.</p>
]]></content:encoded>
					
		
		
			</item>
		<item>
		<title>Natalia Starr fell better after massage lesbian Alexis fawx</title>
		<link>https://www.yamyhub.com/video/natalia-starr-fell-better-after-massage-lesbian-alexis-fawx/</link>
		
		<dc:creator><![CDATA[yamyhub]]></dc:creator>
		<pubDate>Sun, 01 Aug 2021 04:10:14 +0000</pubDate>
				<guid isPermaLink="false">https://www.yamyhub.com/?post_type=video&#038;p=4071</guid>

					<description><![CDATA[<p>Natalia Starr fell better after massage lesbian Alexis fawx All Girls massage Porn star Natalia Starr &#38; Alexis Fawx lesbian porn video. oiled girls Latina lesbians Alexis Fawx &#38; Natalia Starr yamyhub. Massage by stepmom Alexis Fawx. Natalia star get massage lesson from Alexis Fawx. Lesbian Natalia star want to get lesbian lick from stepmom [&#8230;]</p>
<p>The post <a rel="nofollow" href="https://www.yamyhub.com/video/natalia-starr-fell-better-after-massage-lesbian-alexis-fawx/">Natalia Starr fell better after massage lesbian Alexis fawx</a> appeared first on <a rel="nofollow" href="https://www.yamyhub.com">Yamyhub</a>.</p>
]]></description>
										<content:encoded><![CDATA[<h2>Natalia Starr fell better after massage lesbian Alexis fawx</h2>
<p>All Girls massage Porn star Natalia Starr &amp; Alexis Fawx lesbian porn video. oiled girls Latina lesbians Alexis Fawx &amp; Natalia Starr yamyhub. Massage by stepmom Alexis Fawx. Natalia star get massage lesson from Alexis Fawx. Lesbian Natalia star want to get lesbian lick from stepmom Alexis Fawx. All girls massage porn Youporn videos.</p>
<p>The post <a rel="nofollow" href="https://www.yamyhub.com/video/natalia-starr-fell-better-after-massage-lesbian-alexis-fawx/">Natalia Starr fell better after massage lesbian Alexis fawx</a> appeared first on <a rel="nofollow" href="https://www.yamyhub.com">Yamyhub</a>.</p>
]]></content:encoded>
					
		
		
			</item>
	</channel>
</rss>
