<?xml version="1.0" encoding="UTF-8"?><rss version="2.0"
	xmlns:content="http://purl.org/rss/1.0/modules/content/"
	xmlns:wfw="http://wellformedweb.org/CommentAPI/"
	xmlns:dc="http://purl.org/dc/elements/1.1/"
	xmlns:atom="http://www.w3.org/2005/Atom"
	xmlns:sy="http://purl.org/rss/1.0/modules/syndication/"
	xmlns:slash="http://purl.org/rss/1.0/modules/slash/"
	>

<channel>
	<title>Elena Jensen &#8211; Yamyhub</title>
	<atom:link href="https://www.yamyhub.com/categories/elena-jensen/feed/" rel="self" type="application/rss+xml" />
	<link>https://www.yamyhub.com</link>
	<description>Watch latest free HD Full length Porn video. Big ass, Big cock, MILF, Lesbian, Step sister and Step mother Porn videos. Yamyhub porn videos.</description>
	<lastBuildDate>Tue, 10 Aug 2021 11:03:46 +0000</lastBuildDate>
	<language>en-US</language>
	<sy:updatePeriod>
	hourly	</sy:updatePeriod>
	<sy:updateFrequency>
	1	</sy:updateFrequency>
	<generator>https://wordpress.org/?v=5.8</generator>

<image>
	<url>https://www.yamyhub.com/wp-content/uploads/2021/07/cropped-favicon-32x32.png</url>
	<title>Elena Jensen &#8211; Yamyhub</title>
	<link>https://www.yamyhub.com</link>
	<width>32</width>
	<height>32</height>
</image> 
	<item>
		<title>Twisty busty Latina Natalia starr fuck roommate elena jensen</title>
		<link>https://www.yamyhub.com/video/twisty-busty-latina-natalia-starr-fuck-roommate-elena-jensen/</link>
		
		<dc:creator><![CDATA[yamyhub]]></dc:creator>
		<pubDate>Sun, 01 Aug 2021 17:51:43 +0000</pubDate>
				<guid isPermaLink="false">https://www.yamyhub.com/?post_type=video&#038;p=4088</guid>

					<description><![CDATA[<p>Twisty busty Latina Natalia Starr fuck roommate Elena Jensen Twistys pornstars Elena Jensen &#38; Natalia Starr lesbian porn video. Hot Roommate pornstar Get girl on girl session. Lesbian organism yamyhub. Roommate Natalia Starr want to lick and fuck her pussy. Small tits pornstars Elena jenson love to lick pussy and fuck pussy. Lesbian organism porn [&#8230;]</p>
<p>The post <a rel="nofollow" href="https://www.yamyhub.com/video/twisty-busty-latina-natalia-starr-fuck-roommate-elena-jensen/">Twisty busty Latina Natalia starr fuck roommate elena jensen</a> appeared first on <a rel="nofollow" href="https://www.yamyhub.com">Yamyhub</a>.</p>
]]></description>
										<content:encoded><![CDATA[<h2>Twisty busty Latina Natalia Starr fuck roommate Elena Jensen</h2>
<p>Twistys pornstars Elena Jensen &amp; Natalia Starr lesbian porn video. Hot Roommate pornstar Get girl on girl session. Lesbian organism yamyhub. Roommate Natalia Starr want to lick and fuck her pussy. Small tits pornstars Elena jenson love to lick pussy and fuck pussy. Lesbian organism porn videos. Xvideos.</p>
<p>The post <a rel="nofollow" href="https://www.yamyhub.com/video/twisty-busty-latina-natalia-starr-fuck-roommate-elena-jensen/">Twisty busty Latina Natalia starr fuck roommate elena jensen</a> appeared first on <a rel="nofollow" href="https://www.yamyhub.com">Yamyhub</a>.</p>
]]></content:encoded>
					
		
		
			</item>
	</channel>
</rss>
