<?xml version="1.0" encoding="UTF-8"?><rss version="2.0"
	xmlns:content="http://purl.org/rss/1.0/modules/content/"
	xmlns:wfw="http://wellformedweb.org/CommentAPI/"
	xmlns:dc="http://purl.org/dc/elements/1.1/"
	xmlns:atom="http://www.w3.org/2005/Atom"
	xmlns:sy="http://purl.org/rss/1.0/modules/syndication/"
	xmlns:slash="http://purl.org/rss/1.0/modules/slash/"
	>

<channel>
	<title>Baby Nichols &#8211; Yamyhub</title>
	<atom:link href="https://www.yamyhub.com/categories/baby-nichols/feed/" rel="self" type="application/rss+xml" />
	<link>https://www.yamyhub.com</link>
	<description>Watch latest free HD Full length Porn video. Big ass, Big cock, MILF, Lesbian, Step sister and Step mother Porn videos. Yamyhub porn videos.</description>
	<lastBuildDate>Tue, 10 Aug 2021 11:36:03 +0000</lastBuildDate>
	<language>en-US</language>
	<sy:updatePeriod>
	hourly	</sy:updatePeriod>
	<sy:updateFrequency>
	1	</sy:updateFrequency>
	<generator>https://wordpress.org/?v=5.8</generator>

<image>
	<url>https://www.yamyhub.com/wp-content/uploads/2021/07/cropped-favicon-32x32.png</url>
	<title>Baby Nichols &#8211; Yamyhub</title>
	<link>https://www.yamyhub.com</link>
	<width>32</width>
	<height>32</height>
</image> 
	<item>
		<title>skinny shaved lesbian threesome Ebony scissoring in kitchen</title>
		<link>https://www.yamyhub.com/video/skinny-shaved-lesbian-threesome-ebony-sissoring-in-kitchen/</link>
		
		<dc:creator><![CDATA[yamyhub]]></dc:creator>
		<pubDate>Wed, 28 Jul 2021 04:49:16 +0000</pubDate>
				<guid isPermaLink="false">https://www.yamyhub.com/?post_type=video&#038;p=3936</guid>

					<description><![CDATA[<p>skinny shaved lesbian threesome Ebony scissoring in kitchen Fitness rooms porn stars Gina Gerson, Baby Nichols and Lovita Faith lesbian porn video. Threesome shaved skinny lesbian Ebony scissoring in kitchen. Thrresome kitchen pussy lick and fuck. Fitness room lesbian threesome porn. Porn stars Baby Nichols, Gina Gerson and Lovita Faith full length lesbian porn video. [&#8230;]</p>
<p>The post <a rel="nofollow" href="https://www.yamyhub.com/video/skinny-shaved-lesbian-threesome-ebony-sissoring-in-kitchen/">skinny shaved lesbian threesome Ebony scissoring in kitchen</a> appeared first on <a rel="nofollow" href="https://www.yamyhub.com">Yamyhub</a>.</p>
]]></description>
										<content:encoded><![CDATA[<h2>skinny shaved lesbian threesome Ebony scissoring in kitchen</h2>
<p>Fitness rooms porn stars Gina Gerson, Baby Nichols and Lovita Faith lesbian porn video. Threesome shaved skinny lesbian Ebony scissoring in kitchen. Thrresome kitchen pussy lick and fuck. Fitness room lesbian threesome porn. Porn stars Baby Nichols, Gina Gerson and Lovita Faith full length lesbian porn video. Xvideos porn eporner porn videos.</p>
<p>The post <a rel="nofollow" href="https://www.yamyhub.com/video/skinny-shaved-lesbian-threesome-ebony-sissoring-in-kitchen/">skinny shaved lesbian threesome Ebony scissoring in kitchen</a> appeared first on <a rel="nofollow" href="https://www.yamyhub.com">Yamyhub</a>.</p>
]]></content:encoded>
					
		
		
			</item>
	</channel>
</rss>
