<?xml version="1.0" encoding="UTF-8"?><rss version="2.0"
	xmlns:content="http://purl.org/rss/1.0/modules/content/"
	xmlns:wfw="http://wellformedweb.org/CommentAPI/"
	xmlns:dc="http://purl.org/dc/elements/1.1/"
	xmlns:atom="http://www.w3.org/2005/Atom"
	xmlns:sy="http://purl.org/rss/1.0/modules/syndication/"
	xmlns:slash="http://purl.org/rss/1.0/modules/slash/"
	>

<channel>
	<title>Kenna James &#8211; Yamyhub</title>
	<atom:link href="https://www.yamyhub.com/categories/kenna-james/feed/" rel="self" type="application/rss+xml" />
	<link>https://www.yamyhub.com</link>
	<description>Watch latest free HD Full length Porn video. Big ass, Big cock, MILF, Lesbian, Step sister and Step mother Porn videos. Yamyhub porn videos.</description>
	<lastBuildDate>Sun, 27 Jun 2021 10:18:33 +0000</lastBuildDate>
	<language>en-US</language>
	<sy:updatePeriod>
	hourly	</sy:updatePeriod>
	<sy:updateFrequency>
	1	</sy:updateFrequency>
	<generator>https://wordpress.org/?v=5.7.2</generator>

<image>
	<url>https://www.yamyhub.com/wp-content/uploads/2021/06/favicon.png</url>
	<title>Kenna James &#8211; Yamyhub</title>
	<link>https://www.yamyhub.com</link>
	<width>32</width>
	<height>32</height>
</image> 
	<item>
		<title>VIXEN Natalia Starr Gets Dominated by Kenna James</title>
		<link>https://www.yamyhub.com/video/vixen-natalia-starr-gets-dominated-by-kenna-james/</link>
		
		<dc:creator><![CDATA[yamyhub]]></dc:creator>
		<pubDate>Thu, 20 May 2021 16:55:56 +0000</pubDate>
				<guid isPermaLink="false">http://localhost/github/?post_type=video&#038;p=2978</guid>

					<description><![CDATA[<p>VIXEN Natalia Starr Gets Dominated by Kenna James and her Boyfriend – Chloe foster VIXEN Natalia Starr Gets Dominated by Kenna James and her Boyfriend – Chloe foster, chloe foster porn, threesome porn videos, chloe foster threesome, natalia starr porn videos, kenna james porn videos, anal threesome</p>
<p>The post <a rel="nofollow" href="https://www.yamyhub.com/video/vixen-natalia-starr-gets-dominated-by-kenna-james/">VIXEN Natalia Starr Gets Dominated by Kenna James</a> appeared first on <a rel="nofollow" href="https://www.yamyhub.com">Yamyhub</a>.</p>
]]></description>
										<content:encoded><![CDATA[<h3>VIXEN Natalia Starr Gets Dominated by Kenna James and her Boyfriend – Chloe foster</h3>
<p>VIXEN Natalia Starr Gets Dominated by Kenna James and her Boyfriend – Chloe foster, chloe foster porn, threesome porn videos, chloe foster threesome, natalia starr porn videos, kenna james porn videos, anal threesome</p>
<p>The post <a rel="nofollow" href="https://www.yamyhub.com/video/vixen-natalia-starr-gets-dominated-by-kenna-james/">VIXEN Natalia Starr Gets Dominated by Kenna James</a> appeared first on <a rel="nofollow" href="https://www.yamyhub.com">Yamyhub</a>.</p>
]]></content:encoded>
					
		
		
			</item>
	</channel>
</rss>
