<?xml version="1.0" encoding="UTF-8"?><rss version="2.0"
	xmlns:content="http://purl.org/rss/1.0/modules/content/"
	xmlns:wfw="http://wellformedweb.org/CommentAPI/"
	xmlns:dc="http://purl.org/dc/elements/1.1/"
	xmlns:atom="http://www.w3.org/2005/Atom"
	xmlns:sy="http://purl.org/rss/1.0/modules/syndication/"
	xmlns:slash="http://purl.org/rss/1.0/modules/slash/"
	>

<channel>
	<title>lesbian x &#8211; Yamyhub</title>
	<atom:link href="https://www.yamyhub.com/categories/lesbian-x/feed/" rel="self" type="application/rss+xml" />
	<link>https://www.yamyhub.com</link>
	<description>Watch latest free HD Full length Porn video. Big ass, Big cock, MILF, Lesbian, Step sister and Step mother Porn videos. Yamyhub porn videos.</description>
	<lastBuildDate>Fri, 16 Jul 2021 03:40:18 +0000</lastBuildDate>
	<language>en-US</language>
	<sy:updatePeriod>
	hourly	</sy:updatePeriod>
	<sy:updateFrequency>
	1	</sy:updateFrequency>
	<generator>https://wordpress.org/?v=5.7.2</generator>

<image>
	<url>https://www.yamyhub.com/wp-content/uploads/2021/06/favicon.png</url>
	<title>lesbian x &#8211; Yamyhub</title>
	<link>https://www.yamyhub.com</link>
	<width>32</width>
	<height>32</height>
</image> 
	<item>
		<title>Young lesbian Evelyn Stone &#038; Cassidy Klein Fuck each pussy strapon</title>
		<link>https://www.yamyhub.com/video/young-lesbian-evelyn-stone-cassidy-klein-fuck-each-other-pussy-strapon/</link>
		
		<dc:creator><![CDATA[yamyhub]]></dc:creator>
		<pubDate>Tue, 06 Jul 2021 04:42:52 +0000</pubDate>
				<guid isPermaLink="false">https://www.yamyhub.com/?post_type=video&#038;p=3538</guid>

					<description><![CDATA[<p>Young lesbian Evelyn Stone &#38; Cassidy Klein Fuck each pussy strapon Lesbian x strapon porn video Beautiful teens young lesbians Evelyn Stone &#38; Cassidy Klein fuck each other pussies with strapon sex toys strapon porn video lesbian use sex toys to fuck pussy fuck pussy with strapon Evelyn Stone porn video anal strapon Cassidy Klein [&#8230;]</p>
<p>The post <a rel="nofollow" href="https://www.yamyhub.com/video/young-lesbian-evelyn-stone-cassidy-klein-fuck-each-other-pussy-strapon/">Young lesbian Evelyn Stone &#038; Cassidy Klein Fuck each pussy strapon</a> appeared first on <a rel="nofollow" href="https://www.yamyhub.com">Yamyhub</a>.</p>
]]></description>
										<content:encoded><![CDATA[<h2>Young lesbian Evelyn Stone &amp; Cassidy Klein Fuck each pussy strapon</h2>
<p>Lesbian x strapon porn video Beautiful teens young lesbians Evelyn Stone &amp; Cassidy Klein fuck each other pussies with strapon sex toys strapon porn video lesbian use sex toys to fuck pussy fuck pussy with strapon Evelyn Stone porn video anal strapon Cassidy Klein porn video.</p>
<p>The post <a rel="nofollow" href="https://www.yamyhub.com/video/young-lesbian-evelyn-stone-cassidy-klein-fuck-each-other-pussy-strapon/">Young lesbian Evelyn Stone &#038; Cassidy Klein Fuck each pussy strapon</a> appeared first on <a rel="nofollow" href="https://www.yamyhub.com">Yamyhub</a>.</p>
]]></content:encoded>
					
		
		
			</item>
		<item>
		<title>Abella danger lyra law &#038; Cherie DeVille have threesome lesbian sex</title>
		<link>https://www.yamyhub.com/video/abella-danger-lyra-law-cherie-deville-have-threesome-lesbian-sex/</link>
		
		<dc:creator><![CDATA[yamyhub]]></dc:creator>
		<pubDate>Tue, 22 Jun 2021 06:31:18 +0000</pubDate>
				<guid isPermaLink="false">https://www.yamyhub.com/?post_type=video&#038;p=3440</guid>

					<description><![CDATA[<p>Abella danger lyra law &#38; Cherie DeVille have threesome lesbian sex Abella danger fuck double penetration , abella danger porn videos abella danger strapon porn videos threesome lesbian porn videos Cherie DeVille strapon porn videos Cherie DeVille lesbian porn videos lyra law porn videos lyra law strapon porn videos lyra law lesbian porn videos. lyra [&#8230;]</p>
<p>The post <a rel="nofollow" href="https://www.yamyhub.com/video/abella-danger-lyra-law-cherie-deville-have-threesome-lesbian-sex/">Abella danger lyra law &#038; Cherie DeVille have threesome lesbian sex</a> appeared first on <a rel="nofollow" href="https://www.yamyhub.com">Yamyhub</a>.</p>
]]></description>
										<content:encoded><![CDATA[<h2>Abella danger lyra law &amp; Cherie DeVille have threesome lesbian sex</h2>
<p>Abella danger fuck double penetration , abella danger porn videos abella danger strapon porn videos threesome lesbian porn videos Cherie DeVille strapon porn videos Cherie DeVille lesbian porn videos lyra law porn videos lyra law strapon porn videos lyra law lesbian porn videos.</p>
<p>lyra law and Cherie DeVille fuck double penetration abella danger with strapon sex toys.</p>
<p>The post <a rel="nofollow" href="https://www.yamyhub.com/video/abella-danger-lyra-law-cherie-deville-have-threesome-lesbian-sex/">Abella danger lyra law &#038; Cherie DeVille have threesome lesbian sex</a> appeared first on <a rel="nofollow" href="https://www.yamyhub.com">Yamyhub</a>.</p>
]]></content:encoded>
					
		
		
			</item>
		<item>
		<title>Lesbian x Lana rhoades &#038; Tori black have lesbian sex</title>
		<link>https://www.yamyhub.com/video/lesbian-x-lana-rhoades-tori-black-have-lesbian-sex/</link>
		
		<dc:creator><![CDATA[yamyhub]]></dc:creator>
		<pubDate>Tue, 22 Jun 2021 04:43:47 +0000</pubDate>
				<guid isPermaLink="false">https://www.yamyhub.com/?post_type=video&#038;p=3433</guid>

					<description><![CDATA[<p>Lesbian x Lana rhoades &#38; Tori black have lesbian sex lesbian videos lana rhoades and tori black tori black and lana rhoades lic and fuck each pussies on bed tori black lesbian porn videos lana rhoades porn videos. lesbian x porn videos</p>
<p>The post <a rel="nofollow" href="https://www.yamyhub.com/video/lesbian-x-lana-rhoades-tori-black-have-lesbian-sex/">Lesbian x Lana rhoades &#038; Tori black have lesbian sex</a> appeared first on <a rel="nofollow" href="https://www.yamyhub.com">Yamyhub</a>.</p>
]]></description>
										<content:encoded><![CDATA[<h2>Lesbian x Lana rhoades &amp; Tori black have lesbian sex</h2>
<p>lesbian videos lana rhoades and tori black tori black and lana rhoades lic and fuck each pussies on bed tori black lesbian porn videos lana rhoades porn videos. lesbian x porn videos</p>
<p>The post <a rel="nofollow" href="https://www.yamyhub.com/video/lesbian-x-lana-rhoades-tori-black-have-lesbian-sex/">Lesbian x Lana rhoades &#038; Tori black have lesbian sex</a> appeared first on <a rel="nofollow" href="https://www.yamyhub.com">Yamyhub</a>.</p>
]]></content:encoded>
					
		
		
			</item>
	</channel>
</rss>
