<?xml version="1.0" encoding="UTF-8"?><rss version="2.0"
	xmlns:content="http://purl.org/rss/1.0/modules/content/"
	xmlns:wfw="http://wellformedweb.org/CommentAPI/"
	xmlns:dc="http://purl.org/dc/elements/1.1/"
	xmlns:atom="http://www.w3.org/2005/Atom"
	xmlns:sy="http://purl.org/rss/1.0/modules/syndication/"
	xmlns:slash="http://purl.org/rss/1.0/modules/slash/"
	>

<channel>
	<title>Kayden Cross &#8211; Yamyhub</title>
	<atom:link href="https://www.yamyhub.com/categories/kayden-cross/feed/" rel="self" type="application/rss+xml" />
	<link>https://www.yamyhub.com</link>
	<description>Watch latest free HD Full length Porn video. Big ass, Big cock, MILF, Lesbian, Step sister and Step mother Porn videos. Yamyhub porn videos.</description>
	<lastBuildDate>Fri, 16 Jul 2021 03:47:17 +0000</lastBuildDate>
	<language>en-US</language>
	<sy:updatePeriod>
	hourly	</sy:updatePeriod>
	<sy:updateFrequency>
	1	</sy:updateFrequency>
	<generator>https://wordpress.org/?v=5.7.2</generator>

<image>
	<url>https://www.yamyhub.com/wp-content/uploads/2021/06/favicon.png</url>
	<title>Kayden Cross &#8211; Yamyhub</title>
	<link>https://www.yamyhub.com</link>
	<width>32</width>
	<height>32</height>
</image> 
	<item>
		<title>Blonde lesbian sex with finger Riley Steele &#038; Kayden Cross</title>
		<link>https://www.yamyhub.com/video/blonde-lesbian-sex-with-finger-kayden-cross-riley-steele/</link>
		
		<dc:creator><![CDATA[yamyhub]]></dc:creator>
		<pubDate>Wed, 07 Jul 2021 03:45:48 +0000</pubDate>
				<guid isPermaLink="false">https://www.yamyhub.com/?post_type=video&#038;p=3552</guid>

					<description><![CDATA[<p>Blonde lesbian sex with finger Riley Steele &#38; Kayden Cross Deeper blonde lesbian porn video Blonde teen lesbian Riley Steele and Kayden Cross sex with finger each other lesbian porn videos yamyhub Kayden Cross lesbian porn video Riley Steele lesbian porn video blonde lesbian deeper porn video Fingering each pusssy</p>
<p>The post <a rel="nofollow" href="https://www.yamyhub.com/video/blonde-lesbian-sex-with-finger-kayden-cross-riley-steele/">Blonde lesbian sex with finger Riley Steele &#038; Kayden Cross</a> appeared first on <a rel="nofollow" href="https://www.yamyhub.com">Yamyhub</a>.</p>
]]></description>
										<content:encoded><![CDATA[<h2>Blonde lesbian sex with finger Riley Steele &amp; Kayden Cross</h2>
<p>Deeper blonde lesbian porn video Blonde teen lesbian Riley Steele and Kayden Cross sex with finger each other lesbian porn videos yamyhub Kayden Cross lesbian porn video Riley Steele lesbian porn video blonde lesbian deeper porn video Fingering each pusssy</p>
<p>The post <a rel="nofollow" href="https://www.yamyhub.com/video/blonde-lesbian-sex-with-finger-kayden-cross-riley-steele/">Blonde lesbian sex with finger Riley Steele &#038; Kayden Cross</a> appeared first on <a rel="nofollow" href="https://www.yamyhub.com">Yamyhub</a>.</p>
]]></content:encoded>
					
		
		
			</item>
	</channel>
</rss>
