<?xml version="1.0" encoding="UTF-8"?><rss version="2.0"
	xmlns:content="http://purl.org/rss/1.0/modules/content/"
	xmlns:wfw="http://wellformedweb.org/CommentAPI/"
	xmlns:dc="http://purl.org/dc/elements/1.1/"
	xmlns:atom="http://www.w3.org/2005/Atom"
	xmlns:sy="http://purl.org/rss/1.0/modules/syndication/"
	xmlns:slash="http://purl.org/rss/1.0/modules/slash/"
	>

<channel>
	<title>Kissa sins &#8211; Yamyhub</title>
	<atom:link href="https://adult.yamyhub.com/categories/kissa-sins/feed/" rel="self" type="application/rss+xml" />
	<link>https://adult.yamyhub.com</link>
	<description>Watch latest free HD Full length Porn video. Big ass, Big cock, MILF, Lesbian, Step sister and Step mother Porn videos. Yamyhub porn videos.</description>
	<lastBuildDate>Sun, 27 Jun 2021 10:11:01 +0000</lastBuildDate>
	<language>en-US</language>
	<sy:updatePeriod>
	hourly	</sy:updatePeriod>
	<sy:updateFrequency>
	1	</sy:updateFrequency>
	<generator>https://wordpress.org/?v=5.7.2</generator>

<image>
	<url>https://adult.yamyhub.com/wp-content/uploads/2021/06/favicon.png</url>
	<title>Kissa sins &#8211; Yamyhub</title>
	<link>https://adult.yamyhub.com</link>
	<width>32</width>
	<height>32</height>
</image> 
	<item>
		<title>Abigail Mac is HOT for Officer Kissa Sins &#8211; Girlsway</title>
		<link>https://adult.yamyhub.com/video/abigail-mac-is-hot-for-officer-kissa-sins-girlsway/</link>
		
		<dc:creator><![CDATA[yamyhub]]></dc:creator>
		<pubDate>Fri, 11 Jun 2021 03:18:40 +0000</pubDate>
				<guid isPermaLink="false">https://adult.yamyhub.com/?post_type=video&#038;p=3289</guid>

					<description><![CDATA[<p>Abigail Mac is HOT for Officer Kissa Sins &#8211; Girlsway Babe Pussy Licking Brunette HD Porn Pornstar Lesbian MILF   Reality Girlsway Lesbians Pussy Licking  Reality Uniform Kissing Big Tits Tattoos Girl On Girl Trimmed Pussy Shaved  Pussy Eating Licking  Lesbian Police Officer. Abigail mac and kissa sins fuck eachother, lesbian lesbian organism.</p>
<p>The post <a rel="nofollow" href="https://adult.yamyhub.com/video/abigail-mac-is-hot-for-officer-kissa-sins-girlsway/">Abigail Mac is HOT for Officer Kissa Sins &#8211; Girlsway</a> appeared first on <a rel="nofollow" href="https://adult.yamyhub.com">Yamyhub</a>.</p>
]]></description>
										<content:encoded><![CDATA[<h1>Abigail Mac is HOT for Officer Kissa Sins &#8211; Girlsway</h1>
<p>Babe Pussy Licking Brunette HD Porn Pornstar Lesbian MILF   Reality</p>
<p>Girlsway Lesbians Pussy Licking  Reality Uniform Kissing Big Tits Tattoos Girl On Girl Trimmed Pussy Shaved  Pussy Eating Licking  Lesbian Police Officer.</p>
<p>Abigail mac and kissa sins fuck eachother, lesbian lesbian organism.</p>
<p>The post <a rel="nofollow" href="https://adult.yamyhub.com/video/abigail-mac-is-hot-for-officer-kissa-sins-girlsway/">Abigail Mac is HOT for Officer Kissa Sins &#8211; Girlsway</a> appeared first on <a rel="nofollow" href="https://adult.yamyhub.com">Yamyhub</a>.</p>
]]></content:encoded>
					
		
		
			</item>
		<item>
		<title>Slutty Nuns Fucked – Johnny sins – kissa sins – dani daniels</title>
		<link>https://adult.yamyhub.com/video/slutty-nuns-fucked-johnny-sins-kissa-sins-dani-daniels/</link>
		
		<dc:creator><![CDATA[yamyhub]]></dc:creator>
		<pubDate>Thu, 20 May 2021 16:29:52 +0000</pubDate>
				<guid isPermaLink="false">http://localhost/github/?post_type=video&#038;p=2973</guid>

					<description><![CDATA[<p>Slutty Nuns Fucked – Johnny sins – kissa sins – dani daniels Slutty Nuns Fucked Hardcore by big dick, Johnny Porn videos, kissa sins Porn videos, dani daniels Porn videos, Threesome porn, HD porn, Porn hardcore, Big Dick porn Fucking Nuns Religious Priests, Brazzers Hardcore Threesome Priest Blonde Brunette And Dress Up Nun, Threesome porn, [&#8230;]</p>
<p>The post <a rel="nofollow" href="https://adult.yamyhub.com/video/slutty-nuns-fucked-johnny-sins-kissa-sins-dani-daniels/">Slutty Nuns Fucked – Johnny sins – kissa sins – dani daniels</a> appeared first on <a rel="nofollow" href="https://adult.yamyhub.com">Yamyhub</a>.</p>
]]></description>
										<content:encoded><![CDATA[<h3>Slutty Nuns Fucked – Johnny sins – kissa sins – dani daniels</h3>
<p>Slutty Nuns Fucked Hardcore by big dick, Johnny Porn videos, kissa sins Porn videos, dani daniels Porn videos, Threesome porn, HD porn, Porn hardcore, Big Dick porn Fucking Nuns Religious Priests, Brazzers Hardcore Threesome Priest Blonde Brunette And Dress Up Nun, Threesome porn, MILF porn</p>
<p>The post <a rel="nofollow" href="https://adult.yamyhub.com/video/slutty-nuns-fucked-johnny-sins-kissa-sins-dani-daniels/">Slutty Nuns Fucked – Johnny sins – kissa sins – dani daniels</a> appeared first on <a rel="nofollow" href="https://adult.yamyhub.com">Yamyhub</a>.</p>
]]></content:encoded>
					
		
		
			</item>
		<item>
		<title>Kissa Sins Fucked by Markus Dupree Squirting Covered OIL</title>
		<link>https://adult.yamyhub.com/video/kissa-sins-fucked-by-markus-dupree-squirting-covered-oil/</link>
		
		<dc:creator><![CDATA[yamyhub]]></dc:creator>
		<pubDate>Thu, 20 May 2021 16:28:55 +0000</pubDate>
				<guid isPermaLink="false">http://localhost/github/?post_type=video&#038;p=2970</guid>

					<description><![CDATA[<p>Kissa Sins Fucked by Markus Dupree Squirting Covered in OIL Kissa Sins Fucked by Markus Dupree Squirting Covered in OIL, Kissa Sins porn videos, Markus Dupree porn videos, Big Ass fucked, Big Dick, Blowjob, Exclusive HD Porn, Pornstar Pussy Licking Squirt</p>
<p>The post <a rel="nofollow" href="https://adult.yamyhub.com/video/kissa-sins-fucked-by-markus-dupree-squirting-covered-oil/">Kissa Sins Fucked by Markus Dupree Squirting Covered OIL</a> appeared first on <a rel="nofollow" href="https://adult.yamyhub.com">Yamyhub</a>.</p>
]]></description>
										<content:encoded><![CDATA[<h3>Kissa Sins Fucked by Markus Dupree Squirting Covered in OIL</h3>
<p>Kissa Sins Fucked by Markus Dupree Squirting Covered in OIL, Kissa Sins porn videos,</p>
<p>Markus Dupree porn videos, Big Ass fucked, Big Dick, Blowjob, Exclusive HD Porn,</p>
<p>Pornstar Pussy Licking Squirt</p>
<p>The post <a rel="nofollow" href="https://adult.yamyhub.com/video/kissa-sins-fucked-by-markus-dupree-squirting-covered-oil/">Kissa Sins Fucked by Markus Dupree Squirting Covered OIL</a> appeared first on <a rel="nofollow" href="https://adult.yamyhub.com">Yamyhub</a>.</p>
]]></content:encoded>
					
		
		
			</item>
	</channel>
</rss>
