<?xml version="1.0" encoding="UTF-8"?><rss version="2.0"
	xmlns:content="http://purl.org/rss/1.0/modules/content/"
	xmlns:wfw="http://wellformedweb.org/CommentAPI/"
	xmlns:dc="http://purl.org/dc/elements/1.1/"
	xmlns:atom="http://www.w3.org/2005/Atom"
	xmlns:sy="http://purl.org/rss/1.0/modules/syndication/"
	xmlns:slash="http://purl.org/rss/1.0/modules/slash/"
	>

<channel>
	<title>Joslyn James &#8211; Yamyhub</title>
	<atom:link href="https://www.yamyhub.com/categories/joslyn-james/feed/" rel="self" type="application/rss+xml" />
	<link>https://www.yamyhub.com</link>
	<description>Watch latest free HD Full length Porn video. Big ass, Big cock, MILF, Lesbian, Step sister and Step mother Porn videos. Yamyhub porn videos.</description>
	<lastBuildDate>Sun, 15 Aug 2021 05:23:39 +0000</lastBuildDate>
	<language>en-US</language>
	<sy:updatePeriod>
	hourly	</sy:updatePeriod>
	<sy:updateFrequency>
	1	</sy:updateFrequency>
	<generator>https://wordpress.org/?v=5.8</generator>

<image>
	<url>https://www.yamyhub.com/wp-content/uploads/2021/07/cropped-favicon-32x32.png</url>
	<title>Joslyn James &#8211; Yamyhub</title>
	<link>https://www.yamyhub.com</link>
	<width>32</width>
	<height>32</height>
</image> 
	<item>
		<title>Family strokes Father fuck daughter when mom sleep</title>
		<link>https://www.yamyhub.com/video/family-strokes-father-fuck-daughter-when-mom-sleep/</link>
		
		<dc:creator><![CDATA[yamyhub]]></dc:creator>
		<pubDate>Sun, 15 Aug 2021 05:23:39 +0000</pubDate>
				<guid isPermaLink="false">https://www.yamyhub.com/?post_type=video&#038;p=4504</guid>

					<description><![CDATA[<p>Family strokes Fathe fuck daughter when mom sleep Family strokes pornstar Sera Ryder &#38; Joslyn James porn by daftsex video. Dirty daughter and mother fuck from father threesome FFM yamyhub. watch the best Sera Ryder rider porn video at daftsex with her father. Father fucker her wife and daughter at home. Best threesome porn video [&#8230;]</p>
<p>The post <a rel="nofollow" href="https://www.yamyhub.com/video/family-strokes-father-fuck-daughter-when-mom-sleep/">Family strokes Father fuck daughter when mom sleep</a> appeared first on <a rel="nofollow" href="https://www.yamyhub.com">Yamyhub</a>.</p>
]]></description>
										<content:encoded><![CDATA[<h2>Family strokes Fathe fuck daughter when mom sleep</h2>
<p>Family strokes pornstar Sera Ryder &amp; Joslyn James porn by daftsex video. Dirty daughter and mother fuck from father threesome FFM yamyhub. watch the best Sera Ryder rider porn video at daftsex with her father. Father fucker her wife and daughter at home. Best threesome porn video for family strokes.</p>
<p>The post <a rel="nofollow" href="https://www.yamyhub.com/video/family-strokes-father-fuck-daughter-when-mom-sleep/">Family strokes Father fuck daughter when mom sleep</a> appeared first on <a rel="nofollow" href="https://www.yamyhub.com">Yamyhub</a>.</p>
]]></content:encoded>
					
		
		
			</item>
	</channel>
</rss>
