<?xml version="1.0" encoding="UTF-8"?><rss version="2.0"
	xmlns:content="http://purl.org/rss/1.0/modules/content/"
	xmlns:wfw="http://wellformedweb.org/CommentAPI/"
	xmlns:dc="http://purl.org/dc/elements/1.1/"
	xmlns:atom="http://www.w3.org/2005/Atom"
	xmlns:sy="http://purl.org/rss/1.0/modules/syndication/"
	xmlns:slash="http://purl.org/rss/1.0/modules/slash/"
	>

<channel>
	<title>Leah Gotti &#8211; Yamyhub</title>
	<atom:link href="https://www.yamyhub.com/categories/leah-gotti/feed/" rel="self" type="application/rss+xml" />
	<link>https://www.yamyhub.com</link>
	<description>Watch latest free HD Full length Porn video. Big ass, Big cock, MILF, Lesbian, Step sister and Step mother Porn videos. Yamyhub porn videos.</description>
	<lastBuildDate>Sat, 19 Jun 2021 03:58:39 +0000</lastBuildDate>
	<language>en-US</language>
	<sy:updatePeriod>
	hourly	</sy:updatePeriod>
	<sy:updateFrequency>
	1	</sy:updateFrequency>
	<generator>https://wordpress.org/?v=5.7.2</generator>

<image>
	<url>https://www.yamyhub.com/wp-content/uploads/2021/06/favicon.png</url>
	<title>Leah Gotti &#8211; Yamyhub</title>
	<link>https://www.yamyhub.com</link>
	<width>32</width>
	<height>32</height>
</image> 
	<item>
		<title>Sluty student Leah gotti Get Cock From Teacher passion-hd</title>
		<link>https://www.yamyhub.com/video/sluty-student-leah-gotti-get-cock-from-teacher-passion-hd/</link>
		
		<dc:creator><![CDATA[yamyhub]]></dc:creator>
		<pubDate>Mon, 14 Jun 2021 07:16:51 +0000</pubDate>
				<guid isPermaLink="false">https://www.yamyhub.com/?post_type=video&#038;p=3344</guid>

					<description><![CDATA[<p>Sluty student Leah gotti Get Cock From Teacher passion-hd student slut leah gotti fucked hardcore by teacher big cock. teacher porn .school porn video. watch latest porn videos. leah gotti porn videos passion hd porn videos watch latest HD full length porn videos.</p>
<p>The post <a rel="nofollow" href="https://www.yamyhub.com/video/sluty-student-leah-gotti-get-cock-from-teacher-passion-hd/">Sluty student Leah gotti Get Cock From Teacher passion-hd</a> appeared first on <a rel="nofollow" href="https://www.yamyhub.com">Yamyhub</a>.</p>
]]></description>
										<content:encoded><![CDATA[<h2>Sluty student Leah gotti Get Cock From Teacher passion-hd</h2>
<p>student slut leah gotti fucked hardcore by teacher big cock. teacher porn .school porn video. watch latest porn videos. leah gotti porn videos passion hd porn videos watch latest HD full length porn videos.</p>
<p>The post <a rel="nofollow" href="https://www.yamyhub.com/video/sluty-student-leah-gotti-get-cock-from-teacher-passion-hd/">Sluty student Leah gotti Get Cock From Teacher passion-hd</a> appeared first on <a rel="nofollow" href="https://www.yamyhub.com">Yamyhub</a>.</p>
]]></content:encoded>
					
		
		
			</item>
		<item>
		<title>Step sister Leah Gotti Fucked brother Black cock Passion-hd</title>
		<link>https://www.yamyhub.com/video/step-sister-leah-gotti-fucked-brother-black-cock-passion-hd/</link>
		
		<dc:creator><![CDATA[yamyhub]]></dc:creator>
		<pubDate>Mon, 14 Jun 2021 06:52:03 +0000</pubDate>
				<guid isPermaLink="false">https://www.yamyhub.com/?post_type=video&#038;p=3342</guid>

					<description><![CDATA[<p>Step sister Leah Gotti Fucked brother Black cock Passion-hd Stepsister porn video step sister porn step sister fucked by brother black cock leah gotti fucked black cock leah gotti porn video. leah gotti porn. busty step sister fucked hardcore by step brother black cock.</p>
<p>The post <a rel="nofollow" href="https://www.yamyhub.com/video/step-sister-leah-gotti-fucked-brother-black-cock-passion-hd/">Step sister Leah Gotti Fucked brother Black cock Passion-hd</a> appeared first on <a rel="nofollow" href="https://www.yamyhub.com">Yamyhub</a>.</p>
]]></description>
										<content:encoded><![CDATA[<h2>Step sister Leah Gotti Fucked brother Black cock Passion-hd</h2>
<p>Stepsister porn video step sister porn step sister fucked by brother black cock leah gotti fucked black cock leah gotti porn video. leah gotti porn. busty step sister fucked hardcore by step brother black cock.</p>
<p>The post <a rel="nofollow" href="https://www.yamyhub.com/video/step-sister-leah-gotti-fucked-brother-black-cock-passion-hd/">Step sister Leah Gotti Fucked brother Black cock Passion-hd</a> appeared first on <a rel="nofollow" href="https://www.yamyhub.com">Yamyhub</a>.</p>
]]></content:encoded>
					
		
		
			</item>
		<item>
		<title>Leah Gotti &#038; Lana Rhoades Fucked Interracial Gangbang Blacked</title>
		<link>https://www.yamyhub.com/video/leah-gotti-lana-rhoades-fucked-interracial-gangbang-blacked/</link>
		
		<dc:creator><![CDATA[yamyhub]]></dc:creator>
		<pubDate>Mon, 14 Jun 2021 06:23:30 +0000</pubDate>
				<guid isPermaLink="false">https://www.yamyhub.com/?post_type=video&#038;p=3325</guid>

					<description><![CDATA[<p>Leah Gotti &#38; Lana Rhoades Fucked Interracial Gangbang Blacked Watch HD full length Lana rhoades and leah gotti Fucked interical by big monster black cocks. blacked foursome porn videos. big ass leah gotti porn videos. lana rhoades porn videos. big boobs porn. big ass porn.</p>
<p>The post <a rel="nofollow" href="https://www.yamyhub.com/video/leah-gotti-lana-rhoades-fucked-interracial-gangbang-blacked/">Leah Gotti &#038; Lana Rhoades Fucked Interracial Gangbang Blacked</a> appeared first on <a rel="nofollow" href="https://www.yamyhub.com">Yamyhub</a>.</p>
]]></description>
										<content:encoded><![CDATA[<h2>Leah Gotti &amp; Lana Rhoades Fucked Interracial Gangbang Blacked</h2>
<p>Watch HD full length Lana rhoades and leah gotti Fucked interical by big monster black cocks. blacked foursome porn videos.</p>
<p>big ass leah gotti porn videos. lana rhoades porn videos. big boobs porn. big ass porn.</p>
<p>The post <a rel="nofollow" href="https://www.yamyhub.com/video/leah-gotti-lana-rhoades-fucked-interracial-gangbang-blacked/">Leah Gotti &#038; Lana Rhoades Fucked Interracial Gangbang Blacked</a> appeared first on <a rel="nofollow" href="https://www.yamyhub.com">Yamyhub</a>.</p>
]]></content:encoded>
					
		
		
			</item>
	</channel>
</rss>
