<?xml version="1.0" encoding="UTF-8"?><rss version="2.0"
	xmlns:content="http://purl.org/rss/1.0/modules/content/"
	xmlns:wfw="http://wellformedweb.org/CommentAPI/"
	xmlns:dc="http://purl.org/dc/elements/1.1/"
	xmlns:atom="http://www.w3.org/2005/Atom"
	xmlns:sy="http://purl.org/rss/1.0/modules/syndication/"
	xmlns:slash="http://purl.org/rss/1.0/modules/slash/"
	>

<channel>
	<title>Anikka Albrite &#8211; Yamyhub</title>
	<atom:link href="https://www.yamyhub.com/categories/anikka-albrite/feed/" rel="self" type="application/rss+xml" />
	<link>https://www.yamyhub.com</link>
	<description>Watch latest free HD Full length Porn video. Big ass, Big cock, MILF, Lesbian, Step sister and Step mother Porn videos. Yamyhub porn videos.</description>
	<lastBuildDate>Thu, 01 Jul 2021 04:57:57 +0000</lastBuildDate>
	<language>en-US</language>
	<sy:updatePeriod>
	hourly	</sy:updatePeriod>
	<sy:updateFrequency>
	1	</sy:updateFrequency>
	<generator>https://wordpress.org/?v=5.7.2</generator>

<image>
	<url>https://www.yamyhub.com/wp-content/uploads/2021/06/favicon.png</url>
	<title>Anikka Albrite &#8211; Yamyhub</title>
	<link>https://www.yamyhub.com</link>
	<width>32</width>
	<height>32</height>
</image> 
	<item>
		<title>Jules Jordan Anikka Albrite &#038; Alexis Texas Create Ass Sandwich</title>
		<link>https://www.yamyhub.com/video/jules-jordan-anikka-albrite-alexis-texas-create-ass-sandwich/</link>
		
		<dc:creator><![CDATA[yamyhub]]></dc:creator>
		<pubDate>Mon, 17 May 2021 16:56:24 +0000</pubDate>
				<guid isPermaLink="false">http://localhost/github/?post_type=video&#038;p=2926</guid>

					<description><![CDATA[<p>Jules Jordan &#8211; Anikka Albrite &#38; Alexis Texas Create an Ass Sandwich Big Ass porn videos, Cumshot HD Porn, Big Dick, Blonde Blowjob, Hardcore Pornstar Threesome, Jules jordan, Natural Tits, Big Cocks Blondes, Big Dick Blonde, 3some Small Tits, Blowjobs Facial Hd Natural, Big Cock Butt, 3 Way Big Butts, Outdoors Big Booty Big Ass</p>
<p>The post <a rel="nofollow" href="https://www.yamyhub.com/video/jules-jordan-anikka-albrite-alexis-texas-create-ass-sandwich/">Jules Jordan Anikka Albrite &#038; Alexis Texas Create Ass Sandwich</a> appeared first on <a rel="nofollow" href="https://www.yamyhub.com">Yamyhub</a>.</p>
]]></description>
										<content:encoded><![CDATA[<h3>Jules Jordan &#8211; Anikka Albrite &amp; Alexis Texas Create an Ass Sandwich</h3>
<p>Big Ass porn videos, Cumshot HD Porn, Big Dick, Blonde Blowjob, Hardcore Pornstar Threesome, Jules jordan, Natural Tits, Big Cocks Blondes, Big Dick Blonde, 3some Small Tits, Blowjobs Facial Hd Natural, Big Cock Butt, 3 Way Big Butts, Outdoors Big Booty Big Ass</p>
<p>The post <a rel="nofollow" href="https://www.yamyhub.com/video/jules-jordan-anikka-albrite-alexis-texas-create-ass-sandwich/">Jules Jordan Anikka Albrite &#038; Alexis Texas Create Ass Sandwich</a> appeared first on <a rel="nofollow" href="https://www.yamyhub.com">Yamyhub</a>.</p>
]]></content:encoded>
					
		
		
			</item>
	</channel>
</rss>
