<?xml version="1.0" encoding="UTF-8"?><rss version="2.0"
	xmlns:content="http://purl.org/rss/1.0/modules/content/"
	xmlns:wfw="http://wellformedweb.org/CommentAPI/"
	xmlns:dc="http://purl.org/dc/elements/1.1/"
	xmlns:atom="http://www.w3.org/2005/Atom"
	xmlns:sy="http://purl.org/rss/1.0/modules/syndication/"
	xmlns:slash="http://purl.org/rss/1.0/modules/slash/"
	>

<channel>
	<title>Tori Black &#8211; Yamyhub</title>
	<atom:link href="https://adult.yamyhub.com/categories/tori-black/feed/" rel="self" type="application/rss+xml" />
	<link>https://adult.yamyhub.com</link>
	<description>Watch latest free HD Full length Porn video. Big ass, Big cock, MILF, Lesbian, Step sister and Step mother Porn videos. Yamyhub porn videos.</description>
	<lastBuildDate>Tue, 22 Jun 2021 04:45:02 +0000</lastBuildDate>
	<language>en-US</language>
	<sy:updatePeriod>
	hourly	</sy:updatePeriod>
	<sy:updateFrequency>
	1	</sy:updateFrequency>
	<generator>https://wordpress.org/?v=5.7.2</generator>

<image>
	<url>https://adult.yamyhub.com/wp-content/uploads/2021/06/favicon.png</url>
	<title>Tori Black &#8211; Yamyhub</title>
	<link>https://adult.yamyhub.com</link>
	<width>32</width>
	<height>32</height>
</image> 
	<item>
		<title>Lesbian x Lana rhoades &#038; Tori black have lesbian sex</title>
		<link>https://adult.yamyhub.com/video/lesbian-x-lana-rhoades-tori-black-have-lesbian-sex/</link>
		
		<dc:creator><![CDATA[yamyhub]]></dc:creator>
		<pubDate>Tue, 22 Jun 2021 04:43:47 +0000</pubDate>
				<guid isPermaLink="false">https://adult.yamyhub.com/?post_type=video&#038;p=3433</guid>

					<description><![CDATA[<p>Lesbian x Lana rhoades &#38; Tori black have lesbian sex lesbian videos lana rhoades and tori black tori black and lana rhoades lic and fuck each pussies on bed tori black lesbian porn videos lana rhoades porn videos. lesbian x porn videos</p>
<p>The post <a rel="nofollow" href="https://adult.yamyhub.com/video/lesbian-x-lana-rhoades-tori-black-have-lesbian-sex/">Lesbian x Lana rhoades &#038; Tori black have lesbian sex</a> appeared first on <a rel="nofollow" href="https://adult.yamyhub.com">Yamyhub</a>.</p>
]]></description>
										<content:encoded><![CDATA[<h2>Lesbian x Lana rhoades &amp; Tori black have lesbian sex</h2>
<p>lesbian videos lana rhoades and tori black tori black and lana rhoades lic and fuck each pussies on bed tori black lesbian porn videos lana rhoades porn videos. lesbian x porn videos</p>
<p>The post <a rel="nofollow" href="https://adult.yamyhub.com/video/lesbian-x-lana-rhoades-tori-black-have-lesbian-sex/">Lesbian x Lana rhoades &#038; Tori black have lesbian sex</a> appeared first on <a rel="nofollow" href="https://adult.yamyhub.com">Yamyhub</a>.</p>
]]></content:encoded>
					
		
		
			</item>
	</channel>
</rss>
