<?xml version="1.0" encoding="UTF-8"?><rss version="2.0"
	xmlns:content="http://purl.org/rss/1.0/modules/content/"
	xmlns:wfw="http://wellformedweb.org/CommentAPI/"
	xmlns:dc="http://purl.org/dc/elements/1.1/"
	xmlns:atom="http://www.w3.org/2005/Atom"
	xmlns:sy="http://purl.org/rss/1.0/modules/syndication/"
	xmlns:slash="http://purl.org/rss/1.0/modules/slash/"
	>

<channel>
	<title>barbie sins &#8211; Yamyhub</title>
	<atom:link href="https://www.yamyhub.com/categories/barbie-sins/feed/" rel="self" type="application/rss+xml" />
	<link>https://www.yamyhub.com</link>
	<description>Watch latest free HD Full length Porn video. Big ass, Big cock, MILF, Lesbian, Step sister and Step mother Porn videos. Yamyhub porn videos.</description>
	<lastBuildDate>Sat, 14 Aug 2021 04:52:52 +0000</lastBuildDate>
	<language>en-US</language>
	<sy:updatePeriod>
	hourly	</sy:updatePeriod>
	<sy:updateFrequency>
	1	</sy:updateFrequency>
	<generator>https://wordpress.org/?v=5.8</generator>

<image>
	<url>https://www.yamyhub.com/wp-content/uploads/2021/07/cropped-favicon-32x32.png</url>
	<title>barbie sins &#8211; Yamyhub</title>
	<link>https://www.yamyhub.com</link>
	<width>32</width>
	<height>32</height>
</image> 
	<item>
		<title>Bangbros fake boobs barbie sins double anal</title>
		<link>https://www.yamyhub.com/video/bangbros-fake-boobs-barbie-sins-double-anal/</link>
		
		<dc:creator><![CDATA[yamyhub]]></dc:creator>
		<pubDate>Fri, 13 Aug 2021 17:03:59 +0000</pubDate>
				<guid isPermaLink="false">https://www.yamyhub.com/?post_type=video&#038;p=4480</guid>

					<description><![CDATA[<p>Bangbros fake boobs barbie sins double anal Bangbros Pornstar Barbie sins porn video on spankbang. Fake boobs Young teen take double penetration &#38; double anal in ass hole yamyhub. Two big cock insert in young pussy and ass hole . Threesome gangbang for male male female spankbang porn. Double anal and double penetration for Barbie [&#8230;]</p>
<p>The post <a rel="nofollow" href="https://www.yamyhub.com/video/bangbros-fake-boobs-barbie-sins-double-anal/">Bangbros fake boobs barbie sins double anal</a> appeared first on <a rel="nofollow" href="https://www.yamyhub.com">Yamyhub</a>.</p>
]]></description>
										<content:encoded><![CDATA[<h2>Bangbros fake boobs barbie sins double anal</h2>
<p>Bangbros Pornstar Barbie sins porn video on spankbang. Fake boobs Young teen take double penetration &amp; double anal in ass hole yamyhub. Two big cock insert in young pussy and ass hole . Threesome gangbang for male male female spankbang porn. Double anal and double penetration for Barbie sins on premium porn bangbros.</p>
<p>The post <a rel="nofollow" href="https://www.yamyhub.com/video/bangbros-fake-boobs-barbie-sins-double-anal/">Bangbros fake boobs barbie sins double anal</a> appeared first on <a rel="nofollow" href="https://www.yamyhub.com">Yamyhub</a>.</p>
]]></content:encoded>
					
		
		
			</item>
	</channel>
</rss>
