<?xml version="1.0" encoding="UTF-8"?><rss version="2.0"
	xmlns:content="http://purl.org/rss/1.0/modules/content/"
	xmlns:wfw="http://wellformedweb.org/CommentAPI/"
	xmlns:dc="http://purl.org/dc/elements/1.1/"
	xmlns:atom="http://www.w3.org/2005/Atom"
	xmlns:sy="http://purl.org/rss/1.0/modules/syndication/"
	xmlns:slash="http://purl.org/rss/1.0/modules/slash/"
	>

<channel>
	<title>Brooke Sinclaire &#8211; Yamyhub</title>
	<atom:link href="https://www.yamyhub.com/categories/brooke-sinclaire/feed/" rel="self" type="application/rss+xml" />
	<link>https://www.yamyhub.com</link>
	<description>Watch latest free HD Full length Porn video. Big ass, Big cock, MILF, Lesbian, Step sister and Step mother Porn videos. Yamyhub porn videos.</description>
	<lastBuildDate>Tue, 10 Aug 2021 11:12:50 +0000</lastBuildDate>
	<language>en-US</language>
	<sy:updatePeriod>
	hourly	</sy:updatePeriod>
	<sy:updateFrequency>
	1	</sy:updateFrequency>
	<generator>https://wordpress.org/?v=5.8</generator>

<image>
	<url>https://www.yamyhub.com/wp-content/uploads/2021/07/cropped-favicon-32x32.png</url>
	<title>Brooke Sinclaire &#8211; Yamyhub</title>
	<link>https://www.yamyhub.com</link>
	<width>32</width>
	<height>32</height>
</image> 
	<item>
		<title>Brazzers Ebony cheating wife with her husband anal sex</title>
		<link>https://www.yamyhub.com/video/brazzers-ebony-cheating-wife-with-her-husband-anal-sex/</link>
		
		<dc:creator><![CDATA[yamyhub]]></dc:creator>
		<pubDate>Sun, 01 Aug 2021 03:38:55 +0000</pubDate>
				<guid isPermaLink="false">https://www.yamyhub.com/?post_type=video&#038;p=4069</guid>

					<description><![CDATA[<p>Brazzers Ebony cheating wife with her husband anal sex Brazzers porn star Brooke Sinclaire &#38; Alex legend porn videos. Wife cheat her husband and coved by cum. Anal awesome porn sex video yamyhub. Alex legend fuck rich women in ass hole. white beautiful teen Brooke Sinclaire Ass hole. Ebony Porn star Brooke Sinclaire get love [&#8230;]</p>
<p>The post <a rel="nofollow" href="https://www.yamyhub.com/video/brazzers-ebony-cheating-wife-with-her-husband-anal-sex/">Brazzers Ebony cheating wife with her husband anal sex</a> appeared first on <a rel="nofollow" href="https://www.yamyhub.com">Yamyhub</a>.</p>
]]></description>
										<content:encoded><![CDATA[<h2>Brazzers Ebony cheating wife with her husband anal sex</h2>
<p>Brazzers porn star Brooke Sinclaire &amp; Alex legend porn videos. Wife cheat her husband and coved by cum. Anal awesome porn sex video yamyhub. Alex legend fuck rich women in ass hole. white beautiful teen Brooke Sinclaire Ass hole. Ebony Porn star Brooke Sinclaire get love in anal sex. Porn star Alex legend sex video. Brazzers TXXX porn video.</p>
<p>The post <a rel="nofollow" href="https://www.yamyhub.com/video/brazzers-ebony-cheating-wife-with-her-husband-anal-sex/">Brazzers Ebony cheating wife with her husband anal sex</a> appeared first on <a rel="nofollow" href="https://www.yamyhub.com">Yamyhub</a>.</p>
]]></content:encoded>
					
		
		
			</item>
	</channel>
</rss>
