<?xml version="1.0" encoding="UTF-8"?><rss version="2.0"
	xmlns:content="http://purl.org/rss/1.0/modules/content/"
	xmlns:wfw="http://wellformedweb.org/CommentAPI/"
	xmlns:dc="http://purl.org/dc/elements/1.1/"
	xmlns:atom="http://www.w3.org/2005/Atom"
	xmlns:sy="http://purl.org/rss/1.0/modules/syndication/"
	xmlns:slash="http://purl.org/rss/1.0/modules/slash/"
	>

<channel>
	<title>Alexis Texas &#8211; Yamyhub</title>
	<atom:link href="https://www.yamyhub.com/categories/alexis-texas/feed/" rel="self" type="application/rss+xml" />
	<link>https://www.yamyhub.com</link>
	<description>Watch latest free HD Full length Porn video. Big ass, Big cock, MILF, Lesbian, Step sister and Step mother Porn videos. Yamyhub porn videos.</description>
	<lastBuildDate>Tue, 10 Aug 2021 16:48:38 +0000</lastBuildDate>
	<language>en-US</language>
	<sy:updatePeriod>
	hourly	</sy:updatePeriod>
	<sy:updateFrequency>
	1	</sy:updateFrequency>
	<generator>https://wordpress.org/?v=5.8</generator>

<image>
	<url>https://www.yamyhub.com/wp-content/uploads/2021/07/cropped-favicon-32x32.png</url>
	<title>Alexis Texas &#8211; Yamyhub</title>
	<link>https://www.yamyhub.com</link>
	<width>32</width>
	<height>32</height>
</image> 
	<item>
		<title>Jules Jordan Anikka Albrite &#038; Alexis Texas Create Ass Sandwich</title>
		<link>https://www.yamyhub.com/video/jules-jordan-anikka-albrite-alexis-texas-create-ass-sandwich/</link>
		
		<dc:creator><![CDATA[yamyhub]]></dc:creator>
		<pubDate>Mon, 17 May 2021 16:56:24 +0000</pubDate>
				<guid isPermaLink="false">http://localhost/github/?post_type=video&#038;p=2926</guid>

					<description><![CDATA[<p>Jules Jordan &#8211; Anikka Albrite &#38; Alexis Texas Create an Ass Sandwich Big Ass porn videos, Cumshot HD Porn, Big Dick, Blonde Blowjob, Hardcore Pornstar Threesome, Jules jordan, Natural Tits, Big Cocks Blondes, Big Dick Blonde, 3some Small Tits, Blowjobs Facial Hd Natural, Big Cock Butt, 3 Way Big Butts, Outdoors Big Booty Big Ass</p>
<p>The post <a rel="nofollow" href="https://www.yamyhub.com/video/jules-jordan-anikka-albrite-alexis-texas-create-ass-sandwich/">Jules Jordan Anikka Albrite &#038; Alexis Texas Create Ass Sandwich</a> appeared first on <a rel="nofollow" href="https://www.yamyhub.com">Yamyhub</a>.</p>
]]></description>
										<content:encoded><![CDATA[<h3>Jules Jordan &#8211; Anikka Albrite &amp; Alexis Texas Create an Ass Sandwich</h3>
<p>Big Ass porn videos, Cumshot HD Porn, Big Dick, Blonde Blowjob, Hardcore Pornstar Threesome, Jules jordan, Natural Tits, Big Cocks Blondes, Big Dick Blonde, 3some Small Tits, Blowjobs Facial Hd Natural, Big Cock Butt, 3 Way Big Butts, Outdoors Big Booty Big Ass</p>
<p>The post <a rel="nofollow" href="https://www.yamyhub.com/video/jules-jordan-anikka-albrite-alexis-texas-create-ass-sandwich/">Jules Jordan Anikka Albrite &#038; Alexis Texas Create Ass Sandwich</a> appeared first on <a rel="nofollow" href="https://www.yamyhub.com">Yamyhub</a>.</p>
]]></content:encoded>
					
		
		
			</item>
		<item>
		<title>Jules Jordan Teasing Jules Big Butt Slut Alexis Texas Anal Sex</title>
		<link>https://www.yamyhub.com/video/jules-jordan-teasing-jules-big-butt-slut-alexis-texas-anal-sex/</link>
		
		<dc:creator><![CDATA[yamyhub]]></dc:creator>
		<pubDate>Mon, 17 May 2021 16:56:18 +0000</pubDate>
				<guid isPermaLink="false">http://localhost/github/?post_type=video&#038;p=2925</guid>

					<description><![CDATA[<p>Jules Jordan &#8211; Teasing Jules Big Butt Slut Alexis Texas with Anal Sex, Hardcore Pornstar Blonde Anal Big Ass HD Porn 4k Blonde Natural Tits Anal Blowjob Deep Big Butts Big Ass Small Tits Blondes Ass To Mouth Natural Jules jordan Throat Facial Ass Fuck Riding Outdoors Bj Oral Cock sucking</p>
<p>The post <a rel="nofollow" href="https://www.yamyhub.com/video/jules-jordan-teasing-jules-big-butt-slut-alexis-texas-anal-sex/">Jules Jordan Teasing Jules Big Butt Slut Alexis Texas Anal Sex</a> appeared first on <a rel="nofollow" href="https://www.yamyhub.com">Yamyhub</a>.</p>
]]></description>
										<content:encoded><![CDATA[<h3>Jules Jordan &#8211; Teasing Jules Big Butt Slut Alexis Texas with Anal Sex,</h3>
<p>Hardcore Pornstar Blonde Anal Big Ass HD Porn 4k Blonde Natural Tits Anal Blowjob Deep Big Butts Big Ass Small Tits Blondes Ass To Mouth Natural Jules jordan Throat Facial Ass Fuck Riding Outdoors Bj Oral Cock sucking</p>
<p>The post <a rel="nofollow" href="https://www.yamyhub.com/video/jules-jordan-teasing-jules-big-butt-slut-alexis-texas-anal-sex/">Jules Jordan Teasing Jules Big Butt Slut Alexis Texas Anal Sex</a> appeared first on <a rel="nofollow" href="https://www.yamyhub.com">Yamyhub</a>.</p>
]]></content:encoded>
					
		
		
			</item>
		<item>
		<title>Girls Angela white &#038; Alexis Texas Share Cock James Deen</title>
		<link>https://www.yamyhub.com/video/girls-angela-white-alexis-texas-share-cock-james-deen/</link>
		
		<dc:creator><![CDATA[yamyhub]]></dc:creator>
		<pubDate>Mon, 17 May 2021 08:20:05 +0000</pubDate>
				<guid isPermaLink="false">http://localhost/github/?post_type=video&#038;p=2912</guid>

					<description><![CDATA[<p>Girls Angela white &#38; Alexis Texas Share Cock James Deen Oiled Girls Angela white and Alexis Texas Share Cock, Alexis Texas, Angela White, Hardcore, Blowjob, Blonde Brunette, Threesome Cumshot, Twoo females one male Angela white porn videos Alexis texas porn videos james deen porn videos Pornstar, Big Tits, Big cock, Oiled Share Blonde threesome</p>
<p>The post <a rel="nofollow" href="https://www.yamyhub.com/video/girls-angela-white-alexis-texas-share-cock-james-deen/">Girls Angela white &#038; Alexis Texas Share Cock James Deen</a> appeared first on <a rel="nofollow" href="https://www.yamyhub.com">Yamyhub</a>.</p>
]]></description>
										<content:encoded><![CDATA[<h2>Girls Angela white &amp; Alexis Texas Share Cock James Deen</h2>
<p>Oiled Girls Angela white and Alexis Texas Share Cock, Alexis Texas,</p>
<p>Angela White, Hardcore, Blowjob, Blonde Brunette, Threesome Cumshot,</p>
<p>Twoo females one male</p>
<p>Angela white porn videos</p>
<p>Alexis texas porn videos</p>
<p>james deen porn videos</p>
<p>Pornstar, Big Tits, Big cock, Oiled Share Blonde</p>
<p>threesome</p>
<p>The post <a rel="nofollow" href="https://www.yamyhub.com/video/girls-angela-white-alexis-texas-share-cock-james-deen/">Girls Angela white &#038; Alexis Texas Share Cock James Deen</a> appeared first on <a rel="nofollow" href="https://www.yamyhub.com">Yamyhub</a>.</p>
]]></content:encoded>
					
		
		
			</item>
		<item>
		<title>BANGBROS Big Fat ass Porno Alexis Texas, Damon Dice</title>
		<link>https://www.yamyhub.com/video/bangbros-big-fat-ass-porno-alexis-texas-damon-dice/</link>
		
		<dc:creator><![CDATA[yamyhub]]></dc:creator>
		<pubDate>Fri, 14 May 2021 17:27:04 +0000</pubDate>
				<guid isPermaLink="false">http://localhost/github/?post_type=video&#038;p=2861</guid>

					<description><![CDATA[<p>BANGBROS &#8211; Big Fat ass, Porno Alexis Texas is for You &#8211; Damon Dice Babe Big Ass porn videos Blowjob Blonde pornstar MILF POV Pornstar POV HD Porn Hardcore Bang Big Ass Pawg Booty Ass, Blonde Ass Parade Assparade, Small Tits Big Big Butt</p>
<p>The post <a rel="nofollow" href="https://www.yamyhub.com/video/bangbros-big-fat-ass-porno-alexis-texas-damon-dice/">BANGBROS Big Fat ass Porno Alexis Texas, Damon Dice</a> appeared first on <a rel="nofollow" href="https://www.yamyhub.com">Yamyhub</a>.</p>
]]></description>
										<content:encoded><![CDATA[<p>BANGBROS &#8211; Big Fat ass, Porno Alexis Texas is for You &#8211; Damon Dice</p>
<p>Babe Big Ass porn videos Blowjob Blonde pornstar</p>
<p>MILF POV Pornstar POV HD Porn Hardcore</p>
<p>Bang Big Ass Pawg Booty Ass, Blonde</p>
<p>Ass Parade Assparade, Small Tits Big Big Butt</p>
<p>The post <a rel="nofollow" href="https://www.yamyhub.com/video/bangbros-big-fat-ass-porno-alexis-texas-damon-dice/">BANGBROS Big Fat ass Porno Alexis Texas, Damon Dice</a> appeared first on <a rel="nofollow" href="https://www.yamyhub.com">Yamyhub</a>.</p>
]]></content:encoded>
					
		
		
			</item>
		<item>
		<title>BANGBROS Alexis Texas Ass and pussy fucked Anal Porn Mike Adriano</title>
		<link>https://www.yamyhub.com/video/bangbros-alexis-texas-ass-and-pussy-fucked-anal-porn-mike-adriano/</link>
		
		<dc:creator><![CDATA[yamyhub]]></dc:creator>
		<pubDate>Fri, 14 May 2021 17:26:59 +0000</pubDate>
				<guid isPermaLink="false">http://localhost/github/?post_type=video&#038;p=2862</guid>

					<description><![CDATA[<p>BANGBROS Alexis Texas Ass and pussy fucked Anal Porn Mike Adriano BANGBROS &#8211; Alexis Texas Ass and pussy fucked, Anal Porn &#8211; Mike Adriano, Big Ass, Bangbros BangBros HD Porn, Blonde, Big Ass Big Dick Natural Tits Blowjob, Hardcore, Porn star Natural Big Butt Tits, Blonde, Ass Parade big Booty</p>
<p>The post <a rel="nofollow" href="https://www.yamyhub.com/video/bangbros-alexis-texas-ass-and-pussy-fucked-anal-porn-mike-adriano/">BANGBROS Alexis Texas Ass and pussy fucked Anal Porn Mike Adriano</a> appeared first on <a rel="nofollow" href="https://www.yamyhub.com">Yamyhub</a>.</p>
]]></description>
										<content:encoded><![CDATA[<h2>BANGBROS Alexis Texas Ass and pussy fucked Anal Porn Mike Adriano</h2>
<p>BANGBROS &#8211; Alexis Texas Ass and pussy fucked, Anal Porn &#8211; Mike Adriano, Big Ass, Bangbros BangBros HD Porn, Blonde, Big Ass Big Dick Natural Tits Blowjob, Hardcore, Porn star Natural Big Butt Tits, Blonde, Ass Parade big Booty</p>
<p>The post <a rel="nofollow" href="https://www.yamyhub.com/video/bangbros-alexis-texas-ass-and-pussy-fucked-anal-porn-mike-adriano/">BANGBROS Alexis Texas Ass and pussy fucked Anal Porn Mike Adriano</a> appeared first on <a rel="nofollow" href="https://www.yamyhub.com">Yamyhub</a>.</p>
]]></content:encoded>
					
		
		
			</item>
		<item>
		<title>BANGBROS &#8211; Big Ass Battle Alexis Texas Vs Phoenix Marie</title>
		<link>https://www.yamyhub.com/video/bangbros-big-ass-battle-alexis-texas-vs-phoenix-marie/</link>
		
		<dc:creator><![CDATA[yamyhub]]></dc:creator>
		<pubDate>Fri, 14 May 2021 17:19:13 +0000</pubDate>
				<guid isPermaLink="false">http://localhost/github/?post_type=video&#038;p=2857</guid>

					<description><![CDATA[<p>BANGBROS &#8211; the Big Ass Battle Alexis Texas Vs. Phoenix Marie &#8211; Tony Rubino Big Ass porn, Big Tits videos, MILF Orgy Pornstar HD Porn Hardcore blonde, Big Boobs Blonde Pornstar Busty Natural Tits Big Butt, Fake Tits Milf Small Tits Booty Bikini Beach, Bang Bros Bangbros Ass Parade</p>
<p>The post <a rel="nofollow" href="https://www.yamyhub.com/video/bangbros-big-ass-battle-alexis-texas-vs-phoenix-marie/">BANGBROS &#8211; Big Ass Battle Alexis Texas Vs Phoenix Marie</a> appeared first on <a rel="nofollow" href="https://www.yamyhub.com">Yamyhub</a>.</p>
]]></description>
										<content:encoded><![CDATA[<p>BANGBROS &#8211; the Big Ass Battle Alexis Texas Vs. Phoenix Marie &#8211; Tony Rubino</p>
<p>Big Ass porn, Big Tits videos, MILF Orgy Pornstar HD Porn Hardcore</p>
<p>blonde, Big Boobs Blonde Pornstar Busty Natural Tits Big Butt,</p>
<p>Fake Tits Milf Small Tits Booty Bikini Beach, Bang Bros Bangbros Ass Parade</p>
<p>The post <a rel="nofollow" href="https://www.yamyhub.com/video/bangbros-big-ass-battle-alexis-texas-vs-phoenix-marie/">BANGBROS &#8211; Big Ass Battle Alexis Texas Vs Phoenix Marie</a> appeared first on <a rel="nofollow" href="https://www.yamyhub.com">Yamyhub</a>.</p>
]]></content:encoded>
					
		
		
			</item>
		<item>
		<title>Hot teacher fucked Student Alexis Texas naughty America</title>
		<link>https://www.yamyhub.com/video/hot-big-ass-teacher-fucked-hardcore-student-alexis-texas-naughtyamerica/</link>
		
		<dc:creator><![CDATA[yamyhub]]></dc:creator>
		<pubDate>Wed, 12 May 2021 10:01:10 +0000</pubDate>
				<guid isPermaLink="false">http://localhost/github/?post_type=video&#038;p=2831</guid>

					<description><![CDATA[<p>Beautiful big ass school teacher fuck from her student in class sex movie xxx Hot Big ass teacher Alexis Texas fucked Hardcore by Student. Alexis Texas Porn videos Full HD, Watch latest New. Full HD porn videos of naughty America, Porn video. big ass Alexis Fucked Hardcore Big cock &#8211; Alexis Texas &#8211; naughty America [&#8230;]</p>
<p>The post <a rel="nofollow" href="https://www.yamyhub.com/video/hot-big-ass-teacher-fucked-hardcore-student-alexis-texas-naughtyamerica/">Hot teacher fucked Student Alexis Texas naughty America</a> appeared first on <a rel="nofollow" href="https://www.yamyhub.com">Yamyhub</a>.</p>
]]></description>
										<content:encoded><![CDATA[<h2>Beautiful big ass school teacher fuck from her student in class sex movie xxx</h2>
<p>Hot Big ass teacher Alexis Texas fucked Hardcore by Student. Alexis Texas Porn videos Full HD, Watch latest New. Full HD porn videos of naughty America, Porn video. big ass Alexis Fucked Hardcore Big cock &#8211; Alexis Texas &#8211; naughty America Eporner videos. Alexis Texas Cumshot. Big Ass Porn star, Big ass porn video. big tits porn, Alexis Texas porn.  HD Porn Teen Hot Hardcore Blonde girlfriend.</p>
<p>The post <a rel="nofollow" href="https://www.yamyhub.com/video/hot-big-ass-teacher-fucked-hardcore-student-alexis-texas-naughtyamerica/">Hot teacher fucked Student Alexis Texas naughty America</a> appeared first on <a rel="nofollow" href="https://www.yamyhub.com">Yamyhub</a>.</p>
]]></content:encoded>
					
		
		
			</item>
		<item>
		<title>Alexis Texas fucked hardcore Big cock latest porn video</title>
		<link>https://www.yamyhub.com/video/big-ass-alexis-fucked-hardcore-big-cock-alexis-texas/</link>
		
		<dc:creator><![CDATA[yamyhub]]></dc:creator>
		<pubDate>Wed, 12 May 2021 08:23:58 +0000</pubDate>
				<guid isPermaLink="false">http://localhost/github/?post_type=video&#038;p=2828</guid>

					<description><![CDATA[<p>Alexis Texas Fucked Hardcore Big cock latest porn video big ass Alexis Fucked Hardcore Big cock &#8211; Alexis Texas &#8211; naughty America. Alexis Texas Cumshot  Big Ass Porn star  Big ass porn video. Teen Hot girlfriend, big tits porn. Alexis Texas porn, Hardcore Blonde HD Porn. Here You Watch more Porn videos of Alexis Texas. [&#8230;]</p>
<p>The post <a rel="nofollow" href="https://www.yamyhub.com/video/big-ass-alexis-fucked-hardcore-big-cock-alexis-texas/">Alexis Texas fucked hardcore Big cock latest porn video</a> appeared first on <a rel="nofollow" href="https://www.yamyhub.com">Yamyhub</a>.</p>
]]></description>
										<content:encoded><![CDATA[<h2>Alexis Texas Fucked Hardcore Big cock latest porn video</h2>
<p>big ass Alexis Fucked Hardcore Big cock &#8211; Alexis Texas &#8211; naughty America. Alexis Texas Cumshot  Big Ass Porn star  Big ass porn video. Teen Hot girlfriend, big tits porn. Alexis Texas porn, Hardcore Blonde HD Porn. Here You Watch more Porn videos of Alexis Texas. Naughty America Alexis Texas porn videos. big ass school teacher. Alexis Texas Fucked Hardcore By his student Teen Hot Latest porn. Yamyhub eporner videos. Watch more Naughty America porn videos. Watch the Alexis Texas world-famous porn-star HD porn. We offer you most attractive free porn movies, Alexis Texas sex videos.</p>
<p>The post <a rel="nofollow" href="https://www.yamyhub.com/video/big-ass-alexis-fucked-hardcore-big-cock-alexis-texas/">Alexis Texas fucked hardcore Big cock latest porn video</a> appeared first on <a rel="nofollow" href="https://www.yamyhub.com">Yamyhub</a>.</p>
]]></content:encoded>
					
		
		
			</item>
	</channel>
</rss>
