<?xml version="1.0" encoding="UTF-8"?><rss version="2.0"
	xmlns:content="http://purl.org/rss/1.0/modules/content/"
	xmlns:wfw="http://wellformedweb.org/CommentAPI/"
	xmlns:dc="http://purl.org/dc/elements/1.1/"
	xmlns:atom="http://www.w3.org/2005/Atom"
	xmlns:sy="http://purl.org/rss/1.0/modules/syndication/"
	xmlns:slash="http://purl.org/rss/1.0/modules/slash/"
	>

<channel>
	<title>Adria rae &#8211; Yamyhub</title>
	<atom:link href="https://www.yamyhub.com/categories/adria-rae/feed/" rel="self" type="application/rss+xml" />
	<link>https://www.yamyhub.com</link>
	<description>Watch latest free HD Full length Porn video. Big ass, Big cock, MILF, Lesbian, Step sister and Step mother Porn videos. Yamyhub porn videos.</description>
	<lastBuildDate>Tue, 10 Aug 2021 13:48:01 +0000</lastBuildDate>
	<language>en-US</language>
	<sy:updatePeriod>
	hourly	</sy:updatePeriod>
	<sy:updateFrequency>
	1	</sy:updateFrequency>
	<generator>https://wordpress.org/?v=5.8</generator>

<image>
	<url>https://www.yamyhub.com/wp-content/uploads/2021/07/cropped-favicon-32x32.png</url>
	<title>Adria rae &#8211; Yamyhub</title>
	<link>https://www.yamyhub.com</link>
	<width>32</width>
	<height>32</height>
</image> 
	<item>
		<title>Tushy crazy double penetration on Adria rae threesome</title>
		<link>https://www.yamyhub.com/video/tushy-crazy-double-penetration-on-adria-rae-threesome/</link>
		
		<dc:creator><![CDATA[yamyhub]]></dc:creator>
		<pubDate>Fri, 30 Jul 2021 06:23:42 +0000</pubDate>
				<guid isPermaLink="false">https://www.yamyhub.com/?post_type=video&#038;p=3969</guid>

					<description><![CDATA[<p>Tushy crazy double penetration on Adria rae threesome Tushy porn star Adria Rae &#38; Keiran Lee porn video. Threesome with MMF fuck Adria Rae double penetration on standing position. tushy yamyhub. Anal desire fuck pissed Adria Rae between two cock. She found perfect place to ass gaped. Ass gaped from two dicks. Tushy Keiran Lee [&#8230;]</p>
<p>The post <a rel="nofollow" href="https://www.yamyhub.com/video/tushy-crazy-double-penetration-on-adria-rae-threesome/">Tushy crazy double penetration on Adria rae threesome</a> appeared first on <a rel="nofollow" href="https://www.yamyhub.com">Yamyhub</a>.</p>
]]></description>
										<content:encoded><![CDATA[<h2>Tushy crazy double penetration on Adria rae threesome</h2>
<p>Tushy porn star Adria Rae &amp; Keiran Lee porn video. Threesome with MMF fuck Adria Rae double penetration on standing position. tushy yamyhub. Anal desire fuck pissed Adria Rae between two cock. She found perfect place to ass gaped. Ass gaped from two dicks. Tushy Keiran Lee Adria Rae threesome MMF porn video. Youporn video xhamster videos.</p>
<p>The post <a rel="nofollow" href="https://www.yamyhub.com/video/tushy-crazy-double-penetration-on-adria-rae-threesome/">Tushy crazy double penetration on Adria rae threesome</a> appeared first on <a rel="nofollow" href="https://www.yamyhub.com">Yamyhub</a>.</p>
]]></content:encoded>
					
		
		
			</item>
		<item>
		<title>Blacked Raw sexy Adria rae gets spit roasted by 3 BBCs</title>
		<link>https://www.yamyhub.com/video/blacked-raw-sexy-adria-rae-gets-spit-roasted-by-3-bbcs/</link>
		
		<dc:creator><![CDATA[yamyhub]]></dc:creator>
		<pubDate>Fri, 30 Jul 2021 05:58:04 +0000</pubDate>
				<guid isPermaLink="false">https://www.yamyhub.com/?post_type=video&#038;p=3967</guid>

					<description><![CDATA[<p>Blacked Raw sexy Adria rae gets spit roasted by 3 BBCs BLACKEDRAW Porn stars Rob Piper &#38; Adria Rae Porn video. Sexy young Adria Rae want double penetration from 3 BBCs. Black cock porn yamyhub. Adria rae wanted one black cock not excepted three black cock. Adria rae fuck double penetration from Black cock. Foursome [&#8230;]</p>
<p>The post <a rel="nofollow" href="https://www.yamyhub.com/video/blacked-raw-sexy-adria-rae-gets-spit-roasted-by-3-bbcs/">Blacked Raw sexy Adria rae gets spit roasted by 3 BBCs</a> appeared first on <a rel="nofollow" href="https://www.yamyhub.com">Yamyhub</a>.</p>
]]></description>
										<content:encoded><![CDATA[<h2>Blacked Raw sexy Adria rae gets spit roasted by 3 BBCs</h2>
<p>BLACKEDRAW Porn stars Rob Piper &amp; Adria Rae Porn video. Sexy young Adria Rae want double penetration from 3 BBCs. Black cock porn yamyhub. Adria rae wanted one black cock not excepted three black cock. Adria rae fuck double penetration from Black cock. Foursome porn videos. Group sex with three black cock and ass. Blacked Raw porn pornhub video eporner.</p>
<p>The post <a rel="nofollow" href="https://www.yamyhub.com/video/blacked-raw-sexy-adria-rae-gets-spit-roasted-by-3-bbcs/">Blacked Raw sexy Adria rae gets spit roasted by 3 BBCs</a> appeared first on <a rel="nofollow" href="https://www.yamyhub.com">Yamyhub</a>.</p>
]]></content:encoded>
					
		
		
			</item>
		<item>
		<title>Brazzers leaking sex with tight pussy Adria Rae</title>
		<link>https://www.yamyhub.com/video/brazzers-leaking-sex-with-tight-pussy-adria-rae/</link>
		
		<dc:creator><![CDATA[yamyhub]]></dc:creator>
		<pubDate>Fri, 30 Jul 2021 05:28:29 +0000</pubDate>
				<guid isPermaLink="false">https://www.yamyhub.com/?post_type=video&#038;p=3965</guid>

					<description><![CDATA[<p>Brazzers leaking sex with tight pussy Adria Rae Brazzers porn stars Adria Rae &#38; Keiran Lee porn video. Young tight Adria Rae&#8217;s pussy leak when cock fucked. Organism on cock sex yamyhub. young pussy leak and get creampie when cock penetrate. Honest real state agent want fuck from Keiran Lee. Brazzers Gorgeous cheating sex. Brazzers [&#8230;]</p>
<p>The post <a rel="nofollow" href="https://www.yamyhub.com/video/brazzers-leaking-sex-with-tight-pussy-adria-rae/">Brazzers leaking sex with tight pussy Adria Rae</a> appeared first on <a rel="nofollow" href="https://www.yamyhub.com">Yamyhub</a>.</p>
]]></description>
										<content:encoded><![CDATA[<h2>Brazzers leaking sex with tight pussy Adria Rae</h2>
<p>Brazzers porn stars Adria Rae &amp; Keiran Lee porn video. Young tight Adria Rae&#8217;s pussy leak when cock fucked. Organism on cock sex yamyhub. young pussy leak and get creampie when cock penetrate. Honest real state agent want fuck from Keiran Lee. Brazzers Gorgeous cheating sex. Brazzers Adria Rae &amp; Keiran Lee porn XNXX xhamster porn.</p>
<p>The post <a rel="nofollow" href="https://www.yamyhub.com/video/brazzers-leaking-sex-with-tight-pussy-adria-rae/">Brazzers leaking sex with tight pussy Adria Rae</a> appeared first on <a rel="nofollow" href="https://www.yamyhub.com">Yamyhub</a>.</p>
]]></content:encoded>
					
		
		
			</item>
		<item>
		<title>Skinny Adria rae use dildo &#038; fuck in yard outdoor porn</title>
		<link>https://www.yamyhub.com/video/skinny-adria-rae-use-dildo-fuck-in-yard-outdoor-porn/</link>
		
		<dc:creator><![CDATA[yamyhub]]></dc:creator>
		<pubDate>Sun, 25 Jul 2021 09:33:27 +0000</pubDate>
				<guid isPermaLink="false">https://www.yamyhub.com/?post_type=video&#038;p=3874</guid>

					<description><![CDATA[<p>Skinny Adria rae use dildo &#38; fuck in yard outdoor porn Tiny4k Kyle Mason &#38; Adria Rae porn video in Outdoor . Beautiful young teen  fucked pussy from dick in yard &#38; use dildo. Outdoor porn yamyhub. Tiny4k porn video with outdoor. Adria Rae sex videos in outdoor. Adria Rae pussy fuck from dick in [&#8230;]</p>
<p>The post <a rel="nofollow" href="https://www.yamyhub.com/video/skinny-adria-rae-use-dildo-fuck-in-yard-outdoor-porn/">Skinny Adria rae use dildo &#038; fuck in yard outdoor porn</a> appeared first on <a rel="nofollow" href="https://www.yamyhub.com">Yamyhub</a>.</p>
]]></description>
										<content:encoded><![CDATA[<h2>Skinny Adria rae use dildo &amp; fuck in yard outdoor porn</h2>
<p>Tiny4k Kyle Mason &amp; Adria Rae porn video in Outdoor . Beautiful young teen  fucked pussy from dick in yard &amp; use dildo. Outdoor porn yamyhub. Tiny4k porn video with outdoor. Adria Rae sex videos in outdoor. Adria Rae pussy fuck from dick in yard. Kyle Mason sex movies. Adria Rae use dildo to fuck pussy. Spankbang porn videos. daftsex porn videos.</p>
<p>The post <a rel="nofollow" href="https://www.yamyhub.com/video/skinny-adria-rae-use-dildo-fuck-in-yard-outdoor-porn/">Skinny Adria rae use dildo &#038; fuck in yard outdoor porn</a> appeared first on <a rel="nofollow" href="https://www.yamyhub.com">Yamyhub</a>.</p>
]]></content:encoded>
					
		
		
			</item>
	</channel>
</rss>
