<?xml version="1.0" encoding="UTF-8"?><rss version="2.0"
	xmlns:content="http://purl.org/rss/1.0/modules/content/"
	xmlns:wfw="http://wellformedweb.org/CommentAPI/"
	xmlns:dc="http://purl.org/dc/elements/1.1/"
	xmlns:atom="http://www.w3.org/2005/Atom"
	xmlns:sy="http://purl.org/rss/1.0/modules/syndication/"
	xmlns:slash="http://purl.org/rss/1.0/modules/slash/"
	>

<channel>
	<title>Keiran Lee &#8211; Yamyhub</title>
	<atom:link href="https://www.yamyhub.com/categories/keiran-lee/feed/" rel="self" type="application/rss+xml" />
	<link>https://www.yamyhub.com</link>
	<description>Watch latest free HD Full length Porn video. Big ass, Big cock, MILF, Lesbian, Step sister and Step mother Porn videos. Yamyhub porn videos.</description>
	<lastBuildDate>Sun, 27 Jun 2021 04:13:30 +0000</lastBuildDate>
	<language>en-US</language>
	<sy:updatePeriod>
	hourly	</sy:updatePeriod>
	<sy:updateFrequency>
	1	</sy:updateFrequency>
	<generator>https://wordpress.org/?v=5.7.2</generator>

<image>
	<url>https://www.yamyhub.com/wp-content/uploads/2021/06/favicon.png</url>
	<title>Keiran Lee &#8211; Yamyhub</title>
	<link>https://www.yamyhub.com</link>
	<width>32</width>
	<height>32</height>
</image> 
	<item>
		<title>Big ass Abigail Mac Cheats with Big Cock Brazzers</title>
		<link>https://www.yamyhub.com/video/big-ass-abigail-mac-cheats-with-big-cock-brazzers/</link>
		
		<dc:creator><![CDATA[yamyhub]]></dc:creator>
		<pubDate>Thu, 10 Jun 2021 05:54:13 +0000</pubDate>
				<guid isPermaLink="false">https://www.yamyhub.com/?post_type=video&#038;p=3281</guid>

					<description><![CDATA[<p>Big ass Abigail Mac Cheats with Big Cock Brazzers Big Tits Big Ass Hardcore Pornstar HD Porn Brazzers Big Tits Porhub Pornohub Big Boobs Real Wife Stories  Sneaky Couple Fantasy Deepthroat Butt Hardcore  Fantasy Big Dick Mgvideos. Watch big dick big ass big tits big butt doggy style  porn videos. full length pornhub, brazzers abigail [&#8230;]</p>
<p>The post <a rel="nofollow" href="https://www.yamyhub.com/video/big-ass-abigail-mac-cheats-with-big-cock-brazzers/">Big ass Abigail Mac Cheats with Big Cock Brazzers</a> appeared first on <a rel="nofollow" href="https://www.yamyhub.com">Yamyhub</a>.</p>
]]></description>
										<content:encoded><![CDATA[<h1>Big ass Abigail Mac Cheats with Big Cock Brazzers</h1>
<p>Big Tits Big Ass Hardcore Pornstar HD Porn</p>
<p>Brazzers Big Tits Porhub Pornohub Big Boobs Real Wife Stories  Sneaky Couple Fantasy Deepthroat Butt Hardcore  Fantasy Big Dick</p>
<p>Mgvideos. Watch big dick big ass big tits big butt doggy style  porn videos. full length pornhub, brazzers abigail mac porn videos Keiran Lee porn videos.</p>
<p>The post <a rel="nofollow" href="https://www.yamyhub.com/video/big-ass-abigail-mac-cheats-with-big-cock-brazzers/">Big ass Abigail Mac Cheats with Big Cock Brazzers</a> appeared first on <a rel="nofollow" href="https://www.yamyhub.com">Yamyhub</a>.</p>
]]></content:encoded>
					
		
		
			</item>
	</channel>
</rss>
