<?xml version="1.0" encoding="UTF-8"?><rss version="2.0"
	xmlns:content="http://purl.org/rss/1.0/modules/content/"
	xmlns:wfw="http://wellformedweb.org/CommentAPI/"
	xmlns:dc="http://purl.org/dc/elements/1.1/"
	xmlns:atom="http://www.w3.org/2005/Atom"
	xmlns:sy="http://purl.org/rss/1.0/modules/syndication/"
	xmlns:slash="http://purl.org/rss/1.0/modules/slash/"
	>

<channel>
	<title>Danny Rivers &#8211; Yamyhub</title>
	<atom:link href="https://www.yamyhub.com/categories/danny-rivers/feed/" rel="self" type="application/rss+xml" />
	<link>https://www.yamyhub.com</link>
	<description>Watch latest free HD Full length Porn video. Big ass, Big cock, MILF, Lesbian, Step sister and Step mother Porn videos. Yamyhub porn videos.</description>
	<lastBuildDate>Fri, 16 Jul 2021 12:41:23 +0000</lastBuildDate>
	<language>en-US</language>
	<sy:updatePeriod>
	hourly	</sy:updatePeriod>
	<sy:updateFrequency>
	1	</sy:updateFrequency>
	<generator>https://wordpress.org/?v=5.7.2</generator>

<image>
	<url>https://www.yamyhub.com/wp-content/uploads/2021/06/favicon.png</url>
	<title>Danny Rivers &#8211; Yamyhub</title>
	<link>https://www.yamyhub.com</link>
	<width>32</width>
	<height>32</height>
</image> 
	<item>
		<title>Mom Flew into sex with son Rion King Briana Banks Danny Rivers</title>
		<link>https://www.yamyhub.com/video/mom-flew-into-sex-with-son-rion-king-briana-banks-danny-rivers/</link>
		
		<dc:creator><![CDATA[yamyhub]]></dc:creator>
		<pubDate>Fri, 09 Jul 2021 13:40:45 +0000</pubDate>
				<guid isPermaLink="false">https://www.yamyhub.com/?post_type=video&#038;p=3564</guid>

					<description><![CDATA[<p>Mom Flew into sex with son Rion King Briana Banks Danny Rivers Reality king Threesome stepmom porn video Stepmom flew into sex with son Rion king Briana banks Danny rivers reality king FFFM threesome reality king porn videos draft sex porn threesome Youporn video latest Rion king threesome porn video Briana banks threesome porn video [&#8230;]</p>
<p>The post <a rel="nofollow" href="https://www.yamyhub.com/video/mom-flew-into-sex-with-son-rion-king-briana-banks-danny-rivers/">Mom Flew into sex with son Rion King Briana Banks Danny Rivers</a> appeared first on <a rel="nofollow" href="https://www.yamyhub.com">Yamyhub</a>.</p>
]]></description>
										<content:encoded><![CDATA[<h2>Mom Flew into sex with son Rion King Briana Banks Danny Rivers</h2>
<p>Reality king Threesome stepmom porn video Stepmom flew into sex with son Rion king Briana banks Danny rivers reality king FFFM threesome reality king porn videos draft sex porn threesome Youporn video latest Rion king threesome porn video Briana banks threesome porn video Danny rivers threesome porn video.</p>
<p>The post <a rel="nofollow" href="https://www.yamyhub.com/video/mom-flew-into-sex-with-son-rion-king-briana-banks-danny-rivers/">Mom Flew into sex with son Rion King Briana Banks Danny Rivers</a> appeared first on <a rel="nofollow" href="https://www.yamyhub.com">Yamyhub</a>.</p>
]]></content:encoded>
					
		
		
			</item>
	</channel>
</rss>
