<?xml version="1.0" encoding="UTF-8"?><rss version="2.0"
	xmlns:content="http://purl.org/rss/1.0/modules/content/"
	xmlns:wfw="http://wellformedweb.org/CommentAPI/"
	xmlns:dc="http://purl.org/dc/elements/1.1/"
	xmlns:atom="http://www.w3.org/2005/Atom"
	xmlns:sy="http://purl.org/rss/1.0/modules/syndication/"
	xmlns:slash="http://purl.org/rss/1.0/modules/slash/"
	>

<channel>
	<title>Johnny sins &#8211; Yamyhub</title>
	<atom:link href="https://adult.yamyhub.com/categories/johnny-sins/feed/" rel="self" type="application/rss+xml" />
	<link>https://adult.yamyhub.com</link>
	<description>Watch latest free HD Full length Porn video. Big ass, Big cock, MILF, Lesbian, Step sister and Step mother Porn videos. Yamyhub porn videos.</description>
	<lastBuildDate>Sun, 27 Jun 2021 10:11:01 +0000</lastBuildDate>
	<language>en-US</language>
	<sy:updatePeriod>
	hourly	</sy:updatePeriod>
	<sy:updateFrequency>
	1	</sy:updateFrequency>
	<generator>https://wordpress.org/?v=5.7.2</generator>

<image>
	<url>https://adult.yamyhub.com/wp-content/uploads/2021/06/favicon.png</url>
	<title>Johnny sins &#8211; Yamyhub</title>
	<link>https://adult.yamyhub.com</link>
	<width>32</width>
	<height>32</height>
</image> 
	<item>
		<title>Slutty Nuns Fucked – Johnny sins – kissa sins – dani daniels</title>
		<link>https://adult.yamyhub.com/video/slutty-nuns-fucked-johnny-sins-kissa-sins-dani-daniels/</link>
		
		<dc:creator><![CDATA[yamyhub]]></dc:creator>
		<pubDate>Thu, 20 May 2021 16:29:52 +0000</pubDate>
				<guid isPermaLink="false">http://localhost/github/?post_type=video&#038;p=2973</guid>

					<description><![CDATA[<p>Slutty Nuns Fucked – Johnny sins – kissa sins – dani daniels Slutty Nuns Fucked Hardcore by big dick, Johnny Porn videos, kissa sins Porn videos, dani daniels Porn videos, Threesome porn, HD porn, Porn hardcore, Big Dick porn Fucking Nuns Religious Priests, Brazzers Hardcore Threesome Priest Blonde Brunette And Dress Up Nun, Threesome porn, [&#8230;]</p>
<p>The post <a rel="nofollow" href="https://adult.yamyhub.com/video/slutty-nuns-fucked-johnny-sins-kissa-sins-dani-daniels/">Slutty Nuns Fucked – Johnny sins – kissa sins – dani daniels</a> appeared first on <a rel="nofollow" href="https://adult.yamyhub.com">Yamyhub</a>.</p>
]]></description>
										<content:encoded><![CDATA[<h3>Slutty Nuns Fucked – Johnny sins – kissa sins – dani daniels</h3>
<p>Slutty Nuns Fucked Hardcore by big dick, Johnny Porn videos, kissa sins Porn videos, dani daniels Porn videos, Threesome porn, HD porn, Porn hardcore, Big Dick porn Fucking Nuns Religious Priests, Brazzers Hardcore Threesome Priest Blonde Brunette And Dress Up Nun, Threesome porn, MILF porn</p>
<p>The post <a rel="nofollow" href="https://adult.yamyhub.com/video/slutty-nuns-fucked-johnny-sins-kissa-sins-dani-daniels/">Slutty Nuns Fucked – Johnny sins – kissa sins – dani daniels</a> appeared first on <a rel="nofollow" href="https://adult.yamyhub.com">Yamyhub</a>.</p>
]]></content:encoded>
					
		
		
			</item>
		<item>
		<title>Sexy Nurses Fucked Johnny sins Dani Daniels BRAZZERS</title>
		<link>https://adult.yamyhub.com/video/sexy-nurses-fucked-johnny-sins-dani-daniels-brazzers/</link>
		
		<dc:creator><![CDATA[yamyhub]]></dc:creator>
		<pubDate>Thu, 20 May 2021 16:23:46 +0000</pubDate>
				<guid isPermaLink="false">http://localhost/github/?post_type=video&#038;p=2971</guid>

					<description><![CDATA[<p>Sexy Nurses Fucked – Johnny sins – Luna star – Dani Daniels – BRAZZERS Sexy Nurses Fucked – Johnny sins – Luna star – Dani Daniels – BRAZZERS, Big Tits porn Pornstar Threesome HD Porn, Brazzers, Natural Tits, Latina, Big Boobs porn, Kissing Threesome, Nurse Oil Uniform, Doggystyle porn Big Dick</p>
<p>The post <a rel="nofollow" href="https://adult.yamyhub.com/video/sexy-nurses-fucked-johnny-sins-dani-daniels-brazzers/">Sexy Nurses Fucked Johnny sins Dani Daniels BRAZZERS</a> appeared first on <a rel="nofollow" href="https://adult.yamyhub.com">Yamyhub</a>.</p>
]]></description>
										<content:encoded><![CDATA[<h3>Sexy Nurses Fucked – Johnny sins – Luna star – Dani Daniels – BRAZZERS</h3>
<p>Sexy Nurses Fucked – Johnny sins – Luna star – Dani Daniels – BRAZZERS,</p>
<p>Big Tits porn Pornstar Threesome HD Porn, Brazzers, Natural Tits,</p>
<p>Latina, Big Boobs porn, Kissing Threesome, Nurse Oil Uniform, Doggystyle porn Big Dick</p>
<p>The post <a rel="nofollow" href="https://adult.yamyhub.com/video/sexy-nurses-fucked-johnny-sins-dani-daniels-brazzers/">Sexy Nurses Fucked Johnny sins Dani Daniels BRAZZERS</a> appeared first on <a rel="nofollow" href="https://adult.yamyhub.com">Yamyhub</a>.</p>
]]></content:encoded>
					
		
		
			</item>
		<item>
		<title>Hot babe Dani Daniels riding cock in office &#8211; Johnny sins</title>
		<link>https://adult.yamyhub.com/video/hot-babe-dani-daniels-riding-cock-in-office-johnny-sins/</link>
		
		<dc:creator><![CDATA[yamyhub]]></dc:creator>
		<pubDate>Sat, 15 May 2021 01:57:32 +0000</pubDate>
				<guid isPermaLink="false">http://localhost/github/?post_type=video&#038;p=2871</guid>

					<description><![CDATA[<p>Hot babe Dani Daniels riding cock in office &#8211; Johnny sins, Naughty America, Dani Daniels, suck fuck busty big-tits naughty-america office panty hose hardcore blonde dani-daniels</p>
<p>The post <a rel="nofollow" href="https://adult.yamyhub.com/video/hot-babe-dani-daniels-riding-cock-in-office-johnny-sins/">Hot babe Dani Daniels riding cock in office &#8211; Johnny sins</a> appeared first on <a rel="nofollow" href="https://adult.yamyhub.com">Yamyhub</a>.</p>
]]></description>
										<content:encoded><![CDATA[<p>Hot babe Dani Daniels riding cock in office &#8211; Johnny sins, Naughty America,</p>
<p>Dani Daniels, suck fuck busty big-tits naughty-america office panty hose hardcore blonde dani-daniels</p>
<p>The post <a rel="nofollow" href="https://adult.yamyhub.com/video/hot-babe-dani-daniels-riding-cock-in-office-johnny-sins/">Hot babe Dani Daniels riding cock in office &#8211; Johnny sins</a> appeared first on <a rel="nofollow" href="https://adult.yamyhub.com">Yamyhub</a>.</p>
]]></content:encoded>
					
		
		
			</item>
		<item>
		<title>BRAZZERS &#8211; Teen Pussy and Rides Big cock Dani Daniels Johnny sins</title>
		<link>https://adult.yamyhub.com/video/brazzers-teen-pussy-and-rides-big-cock-dani-daniels-johnny-sins/</link>
		
		<dc:creator><![CDATA[yamyhub]]></dc:creator>
		<pubDate>Sat, 15 May 2021 01:45:39 +0000</pubDate>
				<guid isPermaLink="false">http://localhost/github/?post_type=video&#038;p=2864</guid>

					<description><![CDATA[<p>BRAZZERS &#8211; Teen Shows off her Hairy Pussy and Rides Big cock &#8211; Dani Daniels &#8211; Johnny sins HD Porn Hardcore Pornstar, Babe Big Dick Brunette Teenager, Inmate Prison Uniform, Bubble Butt Natural Boobs Young Brazzers Brunette Teen, Brazzers Free Brazzers Network, Hairy Round Ass Pounded</p>
<p>The post <a rel="nofollow" href="https://adult.yamyhub.com/video/brazzers-teen-pussy-and-rides-big-cock-dani-daniels-johnny-sins/">BRAZZERS &#8211; Teen Pussy and Rides Big cock Dani Daniels Johnny sins</a> appeared first on <a rel="nofollow" href="https://adult.yamyhub.com">Yamyhub</a>.</p>
]]></description>
										<content:encoded><![CDATA[<p>BRAZZERS &#8211; Teen Shows off her Hairy Pussy and Rides Big cock &#8211; Dani Daniels &#8211; Johnny sins</p>
<p>HD Porn Hardcore Pornstar, Babe Big Dick Brunette</p>
<p>Teenager, Inmate Prison Uniform, Bubble Butt Natural Boobs</p>
<p>Young Brazzers Brunette Teen, Brazzers Free Brazzers Network, Hairy Round Ass Pounded</p>
<p>The post <a rel="nofollow" href="https://adult.yamyhub.com/video/brazzers-teen-pussy-and-rides-big-cock-dani-daniels-johnny-sins/">BRAZZERS &#8211; Teen Pussy and Rides Big cock Dani Daniels Johnny sins</a> appeared first on <a rel="nofollow" href="https://adult.yamyhub.com">Yamyhub</a>.</p>
]]></content:encoded>
					
		
		
			</item>
	</channel>
</rss>
