<?xml version="1.0" encoding="UTF-8"?><rss version="2.0"
	xmlns:content="http://purl.org/rss/1.0/modules/content/"
	xmlns:wfw="http://wellformedweb.org/CommentAPI/"
	xmlns:dc="http://purl.org/dc/elements/1.1/"
	xmlns:atom="http://www.w3.org/2005/Atom"
	xmlns:sy="http://purl.org/rss/1.0/modules/syndication/"
	xmlns:slash="http://purl.org/rss/1.0/modules/slash/"
	>

<channel>
	<title>Julianna Vega &#8211; Yamyhub</title>
	<atom:link href="https://www.yamyhub.com/categories/julianna-vega/feed/" rel="self" type="application/rss+xml" />
	<link>https://www.yamyhub.com</link>
	<description>Watch latest free HD Full length Porn video. Big ass, Big cock, MILF, Lesbian, Step sister and Step mother Porn videos. Yamyhub porn videos.</description>
	<lastBuildDate>Wed, 11 Aug 2021 12:20:26 +0000</lastBuildDate>
	<language>en-US</language>
	<sy:updatePeriod>
	hourly	</sy:updatePeriod>
	<sy:updateFrequency>
	1	</sy:updateFrequency>
	<generator>https://wordpress.org/?v=5.8</generator>

<image>
	<url>https://www.yamyhub.com/wp-content/uploads/2021/07/cropped-favicon-32x32.png</url>
	<title>Julianna Vega &#8211; Yamyhub</title>
	<link>https://www.yamyhub.com</link>
	<width>32</width>
	<height>32</height>
</image> 
	<item>
		<title>Stepmom &#038; daughter fuck from boyfriend Julianna Vega Mia Khalifa</title>
		<link>https://www.yamyhub.com/video/stepmom-stepdaughter-fuck-from-boyfriend-julianna-vega-mia-khalifa/</link>
		
		<dc:creator><![CDATA[yamyhub]]></dc:creator>
		<pubDate>Tue, 20 Jul 2021 10:33:42 +0000</pubDate>
				<guid isPermaLink="false">https://www.yamyhub.com/?post_type=video&#038;p=3778</guid>

					<description><![CDATA[<p>Stepmom &#38; daughter fuck from boyfriend Julianna Vega Mia Khalifa Bangbros Mia Khalifa Julianna Vega porn video. Stepmom &#38; stepdaughter fuck from boyfriend at home. Mia Khalifa Julianna Vega porn yamyhub. Bangbros latest porn video. Bangbros family porn video. Stepmom porn stepdaughter porn. Boyfriend fuck mom and daughter Julianna Vega Mia Khalifa porn video. Eporner [&#8230;]</p>
<p>The post <a rel="nofollow" href="https://www.yamyhub.com/video/stepmom-stepdaughter-fuck-from-boyfriend-julianna-vega-mia-khalifa/">Stepmom &#038; daughter fuck from boyfriend Julianna Vega Mia Khalifa</a> appeared first on <a rel="nofollow" href="https://www.yamyhub.com">Yamyhub</a>.</p>
]]></description>
										<content:encoded><![CDATA[<h2>Stepmom &amp; daughter fuck from boyfriend Julianna Vega Mia Khalifa</h2>
<p>Bangbros Mia Khalifa Julianna Vega porn video. Stepmom &amp; stepdaughter fuck from boyfriend at home. Mia Khalifa Julianna Vega porn yamyhub. Bangbros latest porn video. Bangbros family porn video. Stepmom porn stepdaughter porn. Boyfriend fuck mom and daughter Julianna Vega Mia Khalifa porn video. Eporner porn  Xhamster porn video.</p>
<p>The post <a rel="nofollow" href="https://www.yamyhub.com/video/stepmom-stepdaughter-fuck-from-boyfriend-julianna-vega-mia-khalifa/">Stepmom &#038; daughter fuck from boyfriend Julianna Vega Mia Khalifa</a> appeared first on <a rel="nofollow" href="https://www.yamyhub.com">Yamyhub</a>.</p>
]]></content:encoded>
					
		
		
			</item>
		<item>
		<title>Stepmom Julianna Vega teach step son how to fuck bangbros</title>
		<link>https://www.yamyhub.com/video/stepmom-julianna-vega-teach-step-son-how-to-fuck-bangbros/</link>
		
		<dc:creator><![CDATA[yamyhub]]></dc:creator>
		<pubDate>Tue, 20 Jul 2021 10:22:13 +0000</pubDate>
				<guid isPermaLink="false">https://www.yamyhub.com/?post_type=video&#038;p=3776</guid>

					<description><![CDATA[<p>Stepmom Julianna Vega teach step son how to fuck bangbros Bangbros Stepmom Julianna Vega porn video. Stepmom Julianna Vega teach her stepson how to fuck while father not at home. Family porn yamyhub. Bangbros latest porn video .Julianna Vega latest porn videos. stepmom Julianna Vega teach stepson for sex. Julianna Vega big ass porn video. [&#8230;]</p>
<p>The post <a rel="nofollow" href="https://www.yamyhub.com/video/stepmom-julianna-vega-teach-step-son-how-to-fuck-bangbros/">Stepmom Julianna Vega teach step son how to fuck bangbros</a> appeared first on <a rel="nofollow" href="https://www.yamyhub.com">Yamyhub</a>.</p>
]]></description>
										<content:encoded><![CDATA[<h2>Stepmom Julianna Vega teach step son how to fuck bangbros</h2>
<p>Bangbros Stepmom Julianna Vega porn video. Stepmom Julianna Vega teach her stepson how to fuck while father not at home. Family porn yamyhub. Bangbros latest porn video .Julianna Vega latest porn videos. stepmom Julianna Vega teach stepson for sex. Julianna Vega big ass porn video. XNXX porn video Xvideos.</p>
<p>The post <a rel="nofollow" href="https://www.yamyhub.com/video/stepmom-julianna-vega-teach-step-son-how-to-fuck-bangbros/">Stepmom Julianna Vega teach step son how to fuck bangbros</a> appeared first on <a rel="nofollow" href="https://www.yamyhub.com">Yamyhub</a>.</p>
]]></content:encoded>
					
		
		
			</item>
		<item>
		<title>Big ass Julianna Vega Fuck hardcore From big cock Bangbros</title>
		<link>https://www.yamyhub.com/video/big-ass-julianna-vega-fuck-hardcore-from-big-cock-bangbros/</link>
		
		<dc:creator><![CDATA[yamyhub]]></dc:creator>
		<pubDate>Tue, 20 Jul 2021 10:12:59 +0000</pubDate>
				<guid isPermaLink="false">https://www.yamyhub.com/?post_type=video&#038;p=3774</guid>

					<description><![CDATA[<p>Big ass Julianna Vega Fuck hardcore From big cock Bangbros Bangbros Julianna Vega Porn video. Big ass porn star Julianna Vega Fuck Hardcore from big cock. Latest Big ass porn stars porn video Yamyhub. Bangbros latest porn video. Bangbros big ass porn big ass Julianna Vega latest porn video. Big ass Julianna Vega fuck from [&#8230;]</p>
<p>The post <a rel="nofollow" href="https://www.yamyhub.com/video/big-ass-julianna-vega-fuck-hardcore-from-big-cock-bangbros/">Big ass Julianna Vega Fuck hardcore From big cock Bangbros</a> appeared first on <a rel="nofollow" href="https://www.yamyhub.com">Yamyhub</a>.</p>
]]></description>
										<content:encoded><![CDATA[<h2>Big ass Julianna Vega Fuck hardcore From big cock Bangbros</h2>
<p>Bangbros Julianna Vega Porn video. Big ass porn star Julianna Vega Fuck Hardcore from big cock. Latest Big ass porn stars porn video Yamyhub. Bangbros latest porn video. Bangbros big ass porn big ass Julianna Vega latest porn video. Big ass Julianna Vega fuck from big young cock. TXXX porn video Youporn video.</p>
<p>The post <a rel="nofollow" href="https://www.yamyhub.com/video/big-ass-julianna-vega-fuck-hardcore-from-big-cock-bangbros/">Big ass Julianna Vega Fuck hardcore From big cock Bangbros</a> appeared first on <a rel="nofollow" href="https://www.yamyhub.com">Yamyhub</a>.</p>
]]></content:encoded>
					
		
		
			</item>
		<item>
		<title>Arab stepmom Fuck from Daughter BF Mia khalifa Bangbros</title>
		<link>https://www.yamyhub.com/video/arab-stepmom-fuck-from-daughter-bf-mia-khalifa-bangbros/</link>
		
		<dc:creator><![CDATA[yamyhub]]></dc:creator>
		<pubDate>Sat, 12 Jun 2021 10:50:58 +0000</pubDate>
				<guid isPermaLink="false">https://www.yamyhub.com/?post_type=video&#038;p=3311</guid>

					<description><![CDATA[<p>Arab stepmom Fuck from Daughter BF Mia khalifa Bangbros Arab stepmom porn video, porn videos of mia khalifa Sean Lawless porn  videos with mia khalifa. Julianna Vega  porn videos. Arab stepmom and step daughter fyck boyfriend. threesome arab muslim big tits MILF Muslim Stepdaughter and Stepmom  In a Wild 3Some</p>
<p>The post <a rel="nofollow" href="https://www.yamyhub.com/video/arab-stepmom-fuck-from-daughter-bf-mia-khalifa-bangbros/">Arab stepmom Fuck from Daughter BF Mia khalifa Bangbros</a> appeared first on <a rel="nofollow" href="https://www.yamyhub.com">Yamyhub</a>.</p>
]]></description>
										<content:encoded><![CDATA[<h1>Arab stepmom Fuck from Daughter BF Mia khalifa Bangbros</h1>
<p>Arab stepmom porn video, porn videos of mia khalifa Sean Lawless porn  videos with mia khalifa. Julianna Vega  porn videos.</p>
<p>Arab stepmom and step daughter fyck boyfriend. threesome arab muslim big tits MILF</p>
<p>Muslim Stepdaughter and Stepmom  In a Wild 3Some</p>
<p>The post <a rel="nofollow" href="https://www.yamyhub.com/video/arab-stepmom-fuck-from-daughter-bf-mia-khalifa-bangbros/">Arab stepmom Fuck from Daughter BF Mia khalifa Bangbros</a> appeared first on <a rel="nofollow" href="https://www.yamyhub.com">Yamyhub</a>.</p>
]]></content:encoded>
					
		
		
			</item>
	</channel>
</rss>
