<?xml version="1.0" encoding="UTF-8"?><rss version="2.0"
	xmlns:content="http://purl.org/rss/1.0/modules/content/"
	xmlns:wfw="http://wellformedweb.org/CommentAPI/"
	xmlns:dc="http://purl.org/dc/elements/1.1/"
	xmlns:atom="http://www.w3.org/2005/Atom"
	xmlns:sy="http://purl.org/rss/1.0/modules/syndication/"
	xmlns:slash="http://purl.org/rss/1.0/modules/slash/"
	>

<channel>
	<title>Alina Lopez &#8211; Yamyhub</title>
	<atom:link href="https://www.yamyhub.com/categories/alina-lopez/feed/" rel="self" type="application/rss+xml" />
	<link>https://www.yamyhub.com</link>
	<description>Watch latest free HD Full length Porn video. Big ass, Big cock, MILF, Lesbian, Step sister and Step mother Porn videos. Yamyhub porn videos.</description>
	<lastBuildDate>Tue, 10 Aug 2021 10:35:37 +0000</lastBuildDate>
	<language>en-US</language>
	<sy:updatePeriod>
	hourly	</sy:updatePeriod>
	<sy:updateFrequency>
	1	</sy:updateFrequency>
	<generator>https://wordpress.org/?v=5.8</generator>

<image>
	<url>https://www.yamyhub.com/wp-content/uploads/2021/07/cropped-favicon-32x32.png</url>
	<title>Alina Lopez &#8211; Yamyhub</title>
	<link>https://www.yamyhub.com</link>
	<width>32</width>
	<height>32</height>
</image> 
	<item>
		<title>Brazzers Wife cheat her husband &#038; lick lesbian pussy</title>
		<link>https://www.yamyhub.com/video/brazzers-wife-cheat-her-husband-lick-lesbian-pussy/</link>
		
		<dc:creator><![CDATA[yamyhub]]></dc:creator>
		<pubDate>Thu, 05 Aug 2021 05:02:14 +0000</pubDate>
				<guid isPermaLink="false">https://www.yamyhub.com/?post_type=video&#038;p=4151</guid>

					<description><![CDATA[<p>Brazzers Wife cheat her husband &#38; lick lesbian pussy Brazzers Porn stars Molly Stewart &#38; Alina Lopez porn video. Cheating wife cheat husband and lick lesbian girlfriend. Pussy lick Yamyhub. Readhead Molly Stewart want to lick her girlfriend pussy when her husband at home. lesbian Cheat husband and fuck her girlfriend pussy. lesbian best porn [&#8230;]</p>
<p>The post <a rel="nofollow" href="https://www.yamyhub.com/video/brazzers-wife-cheat-her-husband-lick-lesbian-pussy/">Brazzers Wife cheat her husband &#038; lick lesbian pussy</a> appeared first on <a rel="nofollow" href="https://www.yamyhub.com">Yamyhub</a>.</p>
]]></description>
										<content:encoded><![CDATA[<h2>Brazzers Wife cheat her husband &amp; lick lesbian pussy</h2>
<p>Brazzers Porn stars Molly Stewart &amp; Alina Lopez porn video. Cheating wife cheat husband and lick lesbian girlfriend. Pussy lick Yamyhub. Readhead Molly Stewart want to lick her girlfriend pussy when her husband at home. lesbian Cheat husband and fuck her girlfriend pussy. lesbian best porn videos. Brazzers lesbian xnxx xhamster porn.</p>
<p>The post <a rel="nofollow" href="https://www.yamyhub.com/video/brazzers-wife-cheat-her-husband-lick-lesbian-pussy/">Brazzers Wife cheat her husband &#038; lick lesbian pussy</a> appeared first on <a rel="nofollow" href="https://www.yamyhub.com">Yamyhub</a>.</p>
]]></content:encoded>
					
		
		
			</item>
	</channel>
</rss>
