<?xml version="1.0" encoding="UTF-8"?><rss version="2.0"
	xmlns:content="http://purl.org/rss/1.0/modules/content/"
	xmlns:wfw="http://wellformedweb.org/CommentAPI/"
	xmlns:dc="http://purl.org/dc/elements/1.1/"
	xmlns:atom="http://www.w3.org/2005/Atom"
	xmlns:sy="http://purl.org/rss/1.0/modules/syndication/"
	xmlns:slash="http://purl.org/rss/1.0/modules/slash/"
	>

<channel>
	<title>Jessie Lee &#8211; Yamyhub</title>
	<atom:link href="https://www.yamyhub.com/categories/jessie-lee/feed/" rel="self" type="application/rss+xml" />
	<link>https://www.yamyhub.com</link>
	<description>Watch latest free HD Full length Porn video. Big ass, Big cock, MILF, Lesbian, Step sister and Step mother Porn videos. Yamyhub porn videos.</description>
	<lastBuildDate>Thu, 01 Jul 2021 09:52:16 +0000</lastBuildDate>
	<language>en-US</language>
	<sy:updatePeriod>
	hourly	</sy:updatePeriod>
	<sy:updateFrequency>
	1	</sy:updateFrequency>
	<generator>https://wordpress.org/?v=5.7.2</generator>

<image>
	<url>https://www.yamyhub.com/wp-content/uploads/2021/06/favicon.png</url>
	<title>Jessie Lee &#8211; Yamyhub</title>
	<link>https://www.yamyhub.com</link>
	<width>32</width>
	<height>32</height>
</image> 
	<item>
		<title>lesbian Jessie Lee Lick Busty MILF Natasha nice Twistys</title>
		<link>https://www.yamyhub.com/video/lesbian-jessie-lee-lick-busty-milf-natasha-nice-twistys/</link>
		
		<dc:creator><![CDATA[yamyhub]]></dc:creator>
		<pubDate>Thu, 01 Jul 2021 05:18:00 +0000</pubDate>
				<guid isPermaLink="false">https://www.yamyhub.com/?post_type=video&#038;p=3500</guid>

					<description><![CDATA[<p>lesbian Jessie Lee Lick Busty MILF Natasha nice Twistys Lesbian porn video  Big ass teen lesbian Jessie lee lick busty MILF natasha nice yamyhub lesbian porn video lesbian organism jessie lee porn video natasha nice porn video lesbian organism porn lesbian porn</p>
<p>The post <a rel="nofollow" href="https://www.yamyhub.com/video/lesbian-jessie-lee-lick-busty-milf-natasha-nice-twistys/">lesbian Jessie Lee Lick Busty MILF Natasha nice Twistys</a> appeared first on <a rel="nofollow" href="https://www.yamyhub.com">Yamyhub</a>.</p>
]]></description>
										<content:encoded><![CDATA[<h2>lesbian Jessie Lee Lick Busty MILF Natasha nice Twistys</h2>
<p>Lesbian porn video  Big ass teen lesbian Jessie lee lick busty MILF natasha nice yamyhub lesbian porn video lesbian organism jessie lee porn video natasha nice porn video lesbian organism porn lesbian porn</p>
<p>The post <a rel="nofollow" href="https://www.yamyhub.com/video/lesbian-jessie-lee-lick-busty-milf-natasha-nice-twistys/">lesbian Jessie Lee Lick Busty MILF Natasha nice Twistys</a> appeared first on <a rel="nofollow" href="https://www.yamyhub.com">Yamyhub</a>.</p>
]]></content:encoded>
					
		
		
			</item>
	</channel>
</rss>
