<?xml version="1.0" encoding="UTF-8"?><rss version="2.0"
	xmlns:content="http://purl.org/rss/1.0/modules/content/"
	xmlns:wfw="http://wellformedweb.org/CommentAPI/"
	xmlns:dc="http://purl.org/dc/elements/1.1/"
	xmlns:atom="http://www.w3.org/2005/Atom"
	xmlns:sy="http://purl.org/rss/1.0/modules/syndication/"
	xmlns:slash="http://purl.org/rss/1.0/modules/slash/"
	>

<channel>
	<title>Luna rival &#8211; Yamyhub</title>
	<atom:link href="https://www.yamyhub.com/categories/luna-rival/feed/" rel="self" type="application/rss+xml" />
	<link>https://www.yamyhub.com</link>
	<description>Watch latest free HD Full length Porn video. Big ass, Big cock, MILF, Lesbian, Step sister and Step mother Porn videos. Yamyhub porn videos.</description>
	<lastBuildDate>Wed, 23 Jun 2021 13:52:58 +0000</lastBuildDate>
	<language>en-US</language>
	<sy:updatePeriod>
	hourly	</sy:updatePeriod>
	<sy:updateFrequency>
	1	</sy:updateFrequency>
	<generator>https://wordpress.org/?v=5.7.2</generator>

<image>
	<url>https://www.yamyhub.com/wp-content/uploads/2021/06/favicon.png</url>
	<title>Luna rival &#8211; Yamyhub</title>
	<link>https://www.yamyhub.com</link>
	<width>32</width>
	<height>32</height>
</image> 
	<item>
		<title>Brunettes teen luna rival Fucked by Jordi El Nino Polla mofos</title>
		<link>https://www.yamyhub.com/video/brunettes-teen-luna-rival-fucked-by-jordi-el-nino-polla-mofos/</link>
		
		<dc:creator><![CDATA[yamyhub]]></dc:creator>
		<pubDate>Wed, 23 Jun 2021 13:51:47 +0000</pubDate>
				<guid isPermaLink="false">https://www.yamyhub.com/?post_type=video&#038;p=3460</guid>

					<description><![CDATA[<p>Brunettes teen luna rival Fucked by Jordi El Nino Polla mofos Brunette teen luna rival fucked jordi el nino polla luna riva fucked luna rival porn videos jordi el nino polla porn video jordi el nino polla fuck teen luna rivalporn video mofos porn videos.</p>
<p>The post <a rel="nofollow" href="https://www.yamyhub.com/video/brunettes-teen-luna-rival-fucked-by-jordi-el-nino-polla-mofos/">Brunettes teen luna rival Fucked by Jordi El Nino Polla mofos</a> appeared first on <a rel="nofollow" href="https://www.yamyhub.com">Yamyhub</a>.</p>
]]></description>
										<content:encoded><![CDATA[<h2>Brunettes teen luna rival Fucked by Jordi El Nino Polla mofos</h2>
<p>Brunette teen luna rival fucked jordi el nino polla luna riva fucked luna rival porn videos jordi el nino polla porn video jordi el nino polla fuck teen luna rivalporn video mofos porn videos.</p>
<p>The post <a rel="nofollow" href="https://www.yamyhub.com/video/brunettes-teen-luna-rival-fucked-by-jordi-el-nino-polla-mofos/">Brunettes teen luna rival Fucked by Jordi El Nino Polla mofos</a> appeared first on <a rel="nofollow" href="https://www.yamyhub.com">Yamyhub</a>.</p>
]]></content:encoded>
					
		
		
			</item>
	</channel>
</rss>
