<?xml version="1.0" encoding="UTF-8"?><rss version="2.0"
	xmlns:content="http://purl.org/rss/1.0/modules/content/"
	xmlns:wfw="http://wellformedweb.org/CommentAPI/"
	xmlns:dc="http://purl.org/dc/elements/1.1/"
	xmlns:atom="http://www.w3.org/2005/Atom"
	xmlns:sy="http://purl.org/rss/1.0/modules/syndication/"
	xmlns:slash="http://purl.org/rss/1.0/modules/slash/"
	>

<channel>
	<title>Honey Blossom &#8211; Yamyhub</title>
	<atom:link href="https://www.yamyhub.com/categories/honey-blossom/feed/" rel="self" type="application/rss+xml" />
	<link>https://www.yamyhub.com</link>
	<description>Watch latest free HD Full length Porn video. Big ass, Big cock, MILF, Lesbian, Step sister and Step mother Porn videos. Yamyhub porn videos.</description>
	<lastBuildDate>Fri, 16 Jul 2021 03:44:57 +0000</lastBuildDate>
	<language>en-US</language>
	<sy:updatePeriod>
	hourly	</sy:updatePeriod>
	<sy:updateFrequency>
	1	</sy:updateFrequency>
	<generator>https://wordpress.org/?v=5.7.2</generator>

<image>
	<url>https://www.yamyhub.com/wp-content/uploads/2021/06/favicon.png</url>
	<title>Honey Blossom &#8211; Yamyhub</title>
	<link>https://www.yamyhub.com</link>
	<width>32</width>
	<height>32</height>
</image> 
	<item>
		<title>Big tits MILF Honey Blossom Take her son cock brazzers</title>
		<link>https://www.yamyhub.com/video/big-tits-milf-honey-blossom-take-her-son-cock-brazzers/</link>
		
		<dc:creator><![CDATA[yamyhub]]></dc:creator>
		<pubDate>Tue, 06 Jul 2021 11:09:24 +0000</pubDate>
				<guid isPermaLink="false">https://www.yamyhub.com/?post_type=video&#038;p=3542</guid>

					<description><![CDATA[<p>Big tits MILF Honey Blossom Take her son cock brazzers Brazzers stepmom porn video Big boobs milf stepmom Honey blossom Take her son cock inside ass and pussy yamyhub MILF brazzers porn video big tits porn video MILF porn video stepmom fuck from son brazzers stepmom porn video brazzers MILF porn</p>
<p>The post <a rel="nofollow" href="https://www.yamyhub.com/video/big-tits-milf-honey-blossom-take-her-son-cock-brazzers/">Big tits MILF Honey Blossom Take her son cock brazzers</a> appeared first on <a rel="nofollow" href="https://www.yamyhub.com">Yamyhub</a>.</p>
]]></description>
										<content:encoded><![CDATA[<h2>Big tits MILF Honey Blossom Take her son cock brazzers</h2>
<p>Brazzers stepmom porn video Big boobs milf stepmom Honey blossom Take her son cock inside ass and pussy yamyhub MILF brazzers porn video big tits porn video MILF porn video stepmom fuck from son brazzers stepmom porn video brazzers MILF porn</p>
<p>The post <a rel="nofollow" href="https://www.yamyhub.com/video/big-tits-milf-honey-blossom-take-her-son-cock-brazzers/">Big tits MILF Honey Blossom Take her son cock brazzers</a> appeared first on <a rel="nofollow" href="https://www.yamyhub.com">Yamyhub</a>.</p>
]]></content:encoded>
					
		
		
			</item>
	</channel>
</rss>
