<?xml version="1.0" encoding="UTF-8"?><rss version="2.0"
	xmlns:content="http://purl.org/rss/1.0/modules/content/"
	xmlns:wfw="http://wellformedweb.org/CommentAPI/"
	xmlns:dc="http://purl.org/dc/elements/1.1/"
	xmlns:atom="http://www.w3.org/2005/Atom"
	xmlns:sy="http://purl.org/rss/1.0/modules/syndication/"
	xmlns:slash="http://purl.org/rss/1.0/modules/slash/"
	>

<channel>
	<title>Keisha grey &#8211; Yamyhub</title>
	<atom:link href="https://adult.yamyhub.com/categories/keisha-grey/feed/" rel="self" type="application/rss+xml" />
	<link>https://adult.yamyhub.com</link>
	<description>Watch latest free HD Full length Porn video. Big ass, Big cock, MILF, Lesbian, Step sister and Step mother Porn videos. Yamyhub porn videos.</description>
	<lastBuildDate>Tue, 22 Jun 2021 02:00:28 +0000</lastBuildDate>
	<language>en-US</language>
	<sy:updatePeriod>
	hourly	</sy:updatePeriod>
	<sy:updateFrequency>
	1	</sy:updateFrequency>
	<generator>https://wordpress.org/?v=5.7.2</generator>

<image>
	<url>https://adult.yamyhub.com/wp-content/uploads/2021/06/favicon.png</url>
	<title>Keisha grey &#8211; Yamyhub</title>
	<link>https://adult.yamyhub.com</link>
	<width>32</width>
	<height>32</height>
</image> 
	<item>
		<title>Angela white &#038; Keisha grey have lesbian sex During massage</title>
		<link>https://adult.yamyhub.com/video/angela-white-keisha-grey-have-lesbian-sex-during-massage/</link>
		
		<dc:creator><![CDATA[yamyhub]]></dc:creator>
		<pubDate>Mon, 21 Jun 2021 13:56:10 +0000</pubDate>
				<guid isPermaLink="false">https://adult.yamyhub.com/?post_type=video&#038;p=3419</guid>

					<description><![CDATA[<p>Angela white &#38; Keisha grey have lesbian sex During massage Angela white porn videos, Angela white lesbian sex, watch latest angela white lesbian porn videos new lesbian porn videos. Keisha grey porn videos, Keisha grey lesbian sex with angela white.</p>
<p>The post <a rel="nofollow" href="https://adult.yamyhub.com/video/angela-white-keisha-grey-have-lesbian-sex-during-massage/">Angela white &#038; Keisha grey have lesbian sex During massage</a> appeared first on <a rel="nofollow" href="https://adult.yamyhub.com">Yamyhub</a>.</p>
]]></description>
										<content:encoded><![CDATA[<h2>Angela white &amp; Keisha grey have lesbian sex During massage</h2>
<p>Angela white porn videos, Angela white lesbian sex, watch latest angela white lesbian porn videos new lesbian porn videos. Keisha grey porn videos, Keisha grey lesbian sex with angela white.</p>
<p>The post <a rel="nofollow" href="https://adult.yamyhub.com/video/angela-white-keisha-grey-have-lesbian-sex-during-massage/">Angela white &#038; Keisha grey have lesbian sex During massage</a> appeared first on <a rel="nofollow" href="https://adult.yamyhub.com">Yamyhub</a>.</p>
]]></content:encoded>
					
		
		
			</item>
	</channel>
</rss>
