<?xml version="1.0" encoding="UTF-8"?><rss version="2.0"
	xmlns:content="http://purl.org/rss/1.0/modules/content/"
	xmlns:wfw="http://wellformedweb.org/CommentAPI/"
	xmlns:dc="http://purl.org/dc/elements/1.1/"
	xmlns:atom="http://www.w3.org/2005/Atom"
	xmlns:sy="http://purl.org/rss/1.0/modules/syndication/"
	xmlns:slash="http://purl.org/rss/1.0/modules/slash/"
	>

<channel>
	<title>Savannah Bond &#8211; Yamyhub</title>
	<atom:link href="https://adult.yamyhub.com/categories/savannah-bond/feed/" rel="self" type="application/rss+xml" />
	<link>https://adult.yamyhub.com</link>
	<description>Watch latest free HD Full length Porn video. Big ass, Big cock, MILF, Lesbian, Step sister and Step mother Porn videos. Yamyhub porn videos.</description>
	<lastBuildDate>Wed, 23 Jun 2021 06:08:49 +0000</lastBuildDate>
	<language>en-US</language>
	<sy:updatePeriod>
	hourly	</sy:updatePeriod>
	<sy:updateFrequency>
	1	</sy:updateFrequency>
	<generator>https://wordpress.org/?v=5.7.2</generator>

<image>
	<url>https://adult.yamyhub.com/wp-content/uploads/2021/06/favicon.png</url>
	<title>Savannah Bond &#8211; Yamyhub</title>
	<link>https://adult.yamyhub.com</link>
	<width>32</width>
	<height>32</height>
</image> 
	<item>
		<title>Nicolette shea &#038; Savannah Bond fucked by jordi threesome</title>
		<link>https://adult.yamyhub.com/video/nicolette-shea-savannah-bond-fucked-by-jordi-threesome/</link>
		
		<dc:creator><![CDATA[yamyhub]]></dc:creator>
		<pubDate>Wed, 23 Jun 2021 06:08:06 +0000</pubDate>
				<guid isPermaLink="false">https://adult.yamyhub.com/?post_type=video&#038;p=3452</guid>

					<description><![CDATA[<p>Nicolette shea &#38; Savannah Bond fucked by jordi threesome Savannah Bond and nicolette shea fuck hardcore by  Jordi El Nino Polla.  Jordi El Nino Polla porn videos  Jordi El Nino Polla threesome fuck pussy Savannah Bond porn videos Savannah Bond threesome Savannah Bond anal Nicolette Shea porn videos Nicolette Shea anal Nicolette Shea threesome brazzers [&#8230;]</p>
<p>The post <a rel="nofollow" href="https://adult.yamyhub.com/video/nicolette-shea-savannah-bond-fucked-by-jordi-threesome/">Nicolette shea &#038; Savannah Bond fucked by jordi threesome</a> appeared first on <a rel="nofollow" href="https://adult.yamyhub.com">Yamyhub</a>.</p>
]]></description>
										<content:encoded><![CDATA[<h2>Nicolette shea &amp; Savannah Bond fucked by jordi threesome</h2>
<p>Savannah Bond and nicolette shea fuck hardcore by  Jordi El Nino Polla.  Jordi El Nino Polla porn videos  Jordi El Nino Polla threesome fuck pussy Savannah Bond porn videos Savannah Bond threesome Savannah Bond anal Nicolette Shea porn videos Nicolette Shea anal Nicolette Shea threesome brazzers porn videos Brazzers big ass busty moms</p>
<p>The post <a rel="nofollow" href="https://adult.yamyhub.com/video/nicolette-shea-savannah-bond-fucked-by-jordi-threesome/">Nicolette shea &#038; Savannah Bond fucked by jordi threesome</a> appeared first on <a rel="nofollow" href="https://adult.yamyhub.com">Yamyhub</a>.</p>
]]></content:encoded>
					
		
		
			</item>
	</channel>
</rss>
