<?xml version="1.0" encoding="UTF-8"?><rss version="2.0"
	xmlns:content="http://purl.org/rss/1.0/modules/content/"
	xmlns:wfw="http://wellformedweb.org/CommentAPI/"
	xmlns:dc="http://purl.org/dc/elements/1.1/"
	xmlns:atom="http://www.w3.org/2005/Atom"
	xmlns:sy="http://purl.org/rss/1.0/modules/syndication/"
	xmlns:slash="http://purl.org/rss/1.0/modules/slash/"
	>

<channel>
	<title>Jelena Jensen &#8211; Yamyhub</title>
	<atom:link href="https://www.yamyhub.com/categories/jelena-jensen/feed/" rel="self" type="application/rss+xml" />
	<link>https://www.yamyhub.com</link>
	<description>Watch latest free HD Full length Porn video. Big ass, Big cock, MILF, Lesbian, Step sister and Step mother Porn videos. Yamyhub porn videos.</description>
	<lastBuildDate>Tue, 10 Aug 2021 06:12:25 +0000</lastBuildDate>
	<language>en-US</language>
	<sy:updatePeriod>
	hourly	</sy:updatePeriod>
	<sy:updateFrequency>
	1	</sy:updateFrequency>
	<generator>https://wordpress.org/?v=5.8</generator>

<image>
	<url>https://www.yamyhub.com/wp-content/uploads/2021/07/cropped-favicon-32x32.png</url>
	<title>Jelena Jensen &#8211; Yamyhub</title>
	<link>https://www.yamyhub.com</link>
	<width>32</width>
	<height>32</height>
</image> 
	<item>
		<title>Jelena Jensen &#038; Angela White Lesbians Sex Natural Big Tits</title>
		<link>https://www.yamyhub.com/video/jelena-jensen-angela-white-lesbians-sex-natural-big-tits/</link>
		
		<dc:creator><![CDATA[yamyhub]]></dc:creator>
		<pubDate>Fri, 14 May 2021 11:48:23 +0000</pubDate>
				<guid isPermaLink="false">http://localhost/github/?post_type=video&#038;p=2849</guid>

					<description><![CDATA[<p>Jelena Jensen &#38; Angela White Lesbians Sex Natural Big Tits Pornhub Pornstars Angela white &#38; jelena jensen porn video. Lesbian with big boobs and skinny pussy lick each other ass and boobs yamyub. Jelena Jensen &#38; Angela White Lesbians Sex Natural Big Tits. lesbian porn videos, lesbian sex videos, Big Natural Tits, Jelena Jensen and [&#8230;]</p>
<p>The post <a rel="nofollow" href="https://www.yamyhub.com/video/jelena-jensen-angela-white-lesbians-sex-natural-big-tits/">Jelena Jensen &#038; Angela White Lesbians Sex Natural Big Tits</a> appeared first on <a rel="nofollow" href="https://www.yamyhub.com">Yamyhub</a>.</p>
]]></description>
										<content:encoded><![CDATA[<h2>Jelena Jensen &amp; Angela White Lesbians Sex Natural Big Tits</h2>
<p>Pornhub Pornstars Angela white &amp; jelena jensen porn video. Lesbian with big boobs and skinny pussy lick each other ass and boobs yamyub. Jelena Jensen &amp; Angela White Lesbians Sex Natural Big Tits. lesbian porn videos, lesbian sex videos, Big Natural Tits, Jelena Jensen and Angela White fingure each other. British Babe Angela White lesbian porn. Lesbea, Big Tits Blonde Teen Jelena Jensen lesbian porn, Massage Rooms, lesbian organism. The Lesbian Experience, fucking lesbian.</p>
<p>The post <a rel="nofollow" href="https://www.yamyhub.com/video/jelena-jensen-angela-white-lesbians-sex-natural-big-tits/">Jelena Jensen &#038; Angela White Lesbians Sex Natural Big Tits</a> appeared first on <a rel="nofollow" href="https://www.yamyhub.com">Yamyhub</a>.</p>
]]></content:encoded>
					
		
		
			</item>
	</channel>
</rss>
