<?xml version="1.0" encoding="UTF-8"?><rss version="2.0"
	xmlns:content="http://purl.org/rss/1.0/modules/content/"
	xmlns:wfw="http://wellformedweb.org/CommentAPI/"
	xmlns:dc="http://purl.org/dc/elements/1.1/"
	xmlns:atom="http://www.w3.org/2005/Atom"
	xmlns:sy="http://purl.org/rss/1.0/modules/syndication/"
	xmlns:slash="http://purl.org/rss/1.0/modules/slash/"
	>

<channel>
	<title>Olivia Austin &#8211; Yamyhub</title>
	<atom:link href="https://www.yamyhub.com/categories/olivia-austin/feed/" rel="self" type="application/rss+xml" />
	<link>https://www.yamyhub.com</link>
	<description>Watch latest free HD Full length Porn video. Big ass, Big cock, MILF, Lesbian, Step sister and Step mother Porn videos. Yamyhub porn videos.</description>
	<lastBuildDate>Fri, 16 Jul 2021 04:02:17 +0000</lastBuildDate>
	<language>en-US</language>
	<sy:updatePeriod>
	hourly	</sy:updatePeriod>
	<sy:updateFrequency>
	1	</sy:updateFrequency>
	<generator>https://wordpress.org/?v=5.7.2</generator>

<image>
	<url>https://www.yamyhub.com/wp-content/uploads/2021/06/favicon.png</url>
	<title>Olivia Austin &#8211; Yamyhub</title>
	<link>https://www.yamyhub.com</link>
	<width>32</width>
	<height>32</height>
</image> 
	<item>
		<title>Markus Dupree fuck chick Olivia Austin in the corner of store</title>
		<link>https://www.yamyhub.com/video/markus-dupree-fuck-chick-olivia-austin-in-corner-store/</link>
		
		<dc:creator><![CDATA[yamyhub]]></dc:creator>
		<pubDate>Mon, 12 Jul 2021 02:54:56 +0000</pubDate>
				<guid isPermaLink="false">https://www.yamyhub.com/?post_type=video&#038;p=3603</guid>

					<description><![CDATA[<p>MarKus Dupree fuck chick Olivia Austin in the corner of store Reality king Porn video Markus Dupree Fuck Chubby Chick Olivia Austin in the corner of store reality king porn video public yamyhub reality king porn video Markus Dupree porn public porn video public place porn video Olivia Austin porn video Olivia Austin Fucked by [&#8230;]</p>
<p>The post <a rel="nofollow" href="https://www.yamyhub.com/video/markus-dupree-fuck-chick-olivia-austin-in-corner-store/">Markus Dupree fuck chick Olivia Austin in the corner of store</a> appeared first on <a rel="nofollow" href="https://www.yamyhub.com">Yamyhub</a>.</p>
]]></description>
										<content:encoded><![CDATA[<h2>MarKus Dupree fuck chick Olivia Austin in the corner of store</h2>
<p>Reality king Porn video Markus Dupree Fuck Chubby Chick Olivia Austin in the corner of store reality king porn video public yamyhub reality king porn video Markus Dupree porn public porn video public place porn video Olivia Austin porn video Olivia Austin Fucked by Markus Dupree</p>
<p>The post <a rel="nofollow" href="https://www.yamyhub.com/video/markus-dupree-fuck-chick-olivia-austin-in-corner-store/">Markus Dupree fuck chick Olivia Austin in the corner of store</a> appeared first on <a rel="nofollow" href="https://www.yamyhub.com">Yamyhub</a>.</p>
]]></content:encoded>
					
		
		
			</item>
	</channel>
</rss>
