<?xml version="1.0" encoding="UTF-8"?><rss version="2.0"
	xmlns:content="http://purl.org/rss/1.0/modules/content/"
	xmlns:wfw="http://wellformedweb.org/CommentAPI/"
	xmlns:dc="http://purl.org/dc/elements/1.1/"
	xmlns:atom="http://www.w3.org/2005/Atom"
	xmlns:sy="http://purl.org/rss/1.0/modules/syndication/"
	xmlns:slash="http://purl.org/rss/1.0/modules/slash/"
	>

<channel>
	<title>Jessie Lee &#8211; Yamyhub</title>
	<atom:link href="https://www.yamyhub.com/categories/jessie-lee/feed/" rel="self" type="application/rss+xml" />
	<link>https://www.yamyhub.com</link>
	<description>Watch latest free HD Full length Porn video. Big ass, Big cock, MILF, Lesbian, Step sister and Step mother Porn videos. Yamyhub porn videos.</description>
	<lastBuildDate>Sun, 15 Aug 2021 12:00:05 +0000</lastBuildDate>
	<language>en-US</language>
	<sy:updatePeriod>
	hourly	</sy:updatePeriod>
	<sy:updateFrequency>
	1	</sy:updateFrequency>
	<generator>https://wordpress.org/?v=5.8</generator>

<image>
	<url>https://www.yamyhub.com/wp-content/uploads/2021/07/cropped-favicon-32x32.png</url>
	<title>Jessie Lee &#8211; Yamyhub</title>
	<link>https://www.yamyhub.com</link>
	<width>32</width>
	<height>32</height>
</image> 
	<item>
		<title>lesbian Jessie Lee Lick Busty MILF Natasha nice Twistys</title>
		<link>https://www.yamyhub.com/video/lesbian-jessie-lee-lick-busty-milf-natasha-nice-twistys/</link>
		
		<dc:creator><![CDATA[yamyhub]]></dc:creator>
		<pubDate>Thu, 01 Jul 2021 05:18:00 +0000</pubDate>
				<guid isPermaLink="false">https://www.yamyhub.com/?post_type=video&#038;p=3500</guid>

					<description><![CDATA[<p>lesbian Jessie Lee Lick Busty MILF Natasha nice Twistys Twistys pornstars Jessie lee &#38; Natasha nice Lesbian porn video. Big ass teen lesbian Jessie lee lick busty MILF Natasha nice MILF yamyhub. Lesbian porn video. lesbian porn video. Natasha nice porn video lesbian organism porn lesbian porn. lesbian organism jessie lee porn video. xhamster porn [&#8230;]</p>
<p>The post <a rel="nofollow" href="https://www.yamyhub.com/video/lesbian-jessie-lee-lick-busty-milf-natasha-nice-twistys/">lesbian Jessie Lee Lick Busty MILF Natasha nice Twistys</a> appeared first on <a rel="nofollow" href="https://www.yamyhub.com">Yamyhub</a>.</p>
]]></description>
										<content:encoded><![CDATA[<h2>lesbian Jessie Lee Lick Busty MILF Natasha nice Twistys</h2>
<p>Twistys pornstars Jessie lee &amp; Natasha nice Lesbian porn video. Big ass teen lesbian Jessie lee lick busty MILF Natasha nice MILF yamyhub. Lesbian porn video. lesbian porn video. Natasha nice porn video lesbian organism porn lesbian porn. lesbian organism jessie lee porn video. xhamster porn Twistys lesbian sex xxx xvideos.</p>
<p>The post <a rel="nofollow" href="https://www.yamyhub.com/video/lesbian-jessie-lee-lick-busty-milf-natasha-nice-twistys/">lesbian Jessie Lee Lick Busty MILF Natasha nice Twistys</a> appeared first on <a rel="nofollow" href="https://www.yamyhub.com">Yamyhub</a>.</p>
]]></content:encoded>
					
		
		
			</item>
	</channel>
</rss>
