<?xml version="1.0" encoding="UTF-8"?><rss version="2.0"
	xmlns:content="http://purl.org/rss/1.0/modules/content/"
	xmlns:wfw="http://wellformedweb.org/CommentAPI/"
	xmlns:dc="http://purl.org/dc/elements/1.1/"
	xmlns:atom="http://www.w3.org/2005/Atom"
	xmlns:sy="http://purl.org/rss/1.0/modules/syndication/"
	xmlns:slash="http://purl.org/rss/1.0/modules/slash/"
	>

<channel>
	<title>Anal Visions &#8211; Yamyhub</title>
	<atom:link href="https://adult.yamyhub.com/categories/anal-visions/feed/" rel="self" type="application/rss+xml" />
	<link>https://adult.yamyhub.com</link>
	<description>Watch latest free HD Full length Porn video. Big ass, Big cock, MILF, Lesbian, Step sister and Step mother Porn videos. Yamyhub porn videos.</description>
	<lastBuildDate>Wed, 16 Jun 2021 04:22:29 +0000</lastBuildDate>
	<language>en-US</language>
	<sy:updatePeriod>
	hourly	</sy:updatePeriod>
	<sy:updateFrequency>
	1	</sy:updateFrequency>
	<generator>https://wordpress.org/?v=5.7.2</generator>

<image>
	<url>https://adult.yamyhub.com/wp-content/uploads/2021/06/favicon.png</url>
	<title>Anal Visions &#8211; Yamyhub</title>
	<link>https://adult.yamyhub.com</link>
	<width>32</width>
	<height>32</height>
</image> 
	<item>
		<title>Anal Visions Older dick fucked Teen Chloe Foster &#8211; Mick Blue</title>
		<link>https://adult.yamyhub.com/video/anal-visions-older-dick-fucked-teen-chloe-foster-mick-blue/</link>
		
		<dc:creator><![CDATA[yamyhub]]></dc:creator>
		<pubDate>Fri, 14 May 2021 06:58:59 +0000</pubDate>
				<guid isPermaLink="false">http://localhost/github/?post_type=video&#038;p=2844</guid>

					<description><![CDATA[<p>Anal Visions Older dick fucked Teen Chloe Foster &#8211; Mick Blue, Amateur, Anal Big Dick, Blonde Cumshot, Small Tits Teen, HD Porn Pornstar, Big Skinny Ass, Fuck Dick Petite, Teen Big Dick, Cumshot Shaved, Big Cock Teenager, Anal visions, Doggy style Small Tits, Anal Ass To Mouth, Pussy Cum In Mouth Watch Chloe Foster HD sex [&#8230;]</p>
<p>The post <a rel="nofollow" href="https://adult.yamyhub.com/video/anal-visions-older-dick-fucked-teen-chloe-foster-mick-blue/">Anal Visions Older dick fucked Teen Chloe Foster &#8211; Mick Blue</a> appeared first on <a rel="nofollow" href="https://adult.yamyhub.com">Yamyhub</a>.</p>
]]></description>
										<content:encoded><![CDATA[<p>Anal Visions Older dick fucked Teen Chloe Foster &#8211; Mick Blue, Amateur,</p>
<p>Anal Big Dick, Blonde Cumshot, Small Tits Teen, HD Porn Pornstar,</p>
<p>Big Skinny Ass, Fuck Dick Petite, Teen Big Dick, Cumshot Shaved,</p>
<p>Big Cock Teenager, Anal visions, Doggy style Small Tits,</p>
<p>Anal Ass To Mouth, Pussy Cum In Mouth</p>
<p>Watch <em>Chloe Foster</em> HD sex videos,  <em>porn</em> videos for free on pornhub, xvideos, Eporner, xhamster.  full length sex videos, porn videos hd movies with <em>Chloe Foster.</em></p>
<p>The post <a rel="nofollow" href="https://adult.yamyhub.com/video/anal-visions-older-dick-fucked-teen-chloe-foster-mick-blue/">Anal Visions Older dick fucked Teen Chloe Foster &#8211; Mick Blue</a> appeared first on <a rel="nofollow" href="https://adult.yamyhub.com">Yamyhub</a>.</p>
]]></content:encoded>
					
		
		
			</item>
	</channel>
</rss>
