<?xml version="1.0" encoding="UTF-8"?><rss version="2.0"
	xmlns:content="http://purl.org/rss/1.0/modules/content/"
	xmlns:wfw="http://wellformedweb.org/CommentAPI/"
	xmlns:dc="http://purl.org/dc/elements/1.1/"
	xmlns:atom="http://www.w3.org/2005/Atom"
	xmlns:sy="http://purl.org/rss/1.0/modules/syndication/"
	xmlns:slash="http://purl.org/rss/1.0/modules/slash/"
	>

<channel>
	<title>Manuel Ferrara &#8211; Yamyhub</title>
	<atom:link href="https://www.yamyhub.com/categories/manuel-ferrara/feed/" rel="self" type="application/rss+xml" />
	<link>https://www.yamyhub.com</link>
	<description>Watch latest free HD Full length Porn video. Big ass, Big cock, MILF, Lesbian, Step sister and Step mother Porn videos. Yamyhub porn videos.</description>
	<lastBuildDate>Fri, 16 Jul 2021 13:56:09 +0000</lastBuildDate>
	<language>en-US</language>
	<sy:updatePeriod>
	hourly	</sy:updatePeriod>
	<sy:updateFrequency>
	1	</sy:updateFrequency>
	<generator>https://wordpress.org/?v=5.7.2</generator>

<image>
	<url>https://www.yamyhub.com/wp-content/uploads/2021/06/favicon.png</url>
	<title>Manuel Ferrara &#8211; Yamyhub</title>
	<link>https://www.yamyhub.com</link>
	<width>32</width>
	<height>32</height>
</image> 
	<item>
		<title>Big boobs mature women Angela white ava Addams fuck threesome</title>
		<link>https://www.yamyhub.com/video/big-boobs-mature-women-angela-white-ava-addams-fuck-threesome/</link>
		
		<dc:creator><![CDATA[yamyhub]]></dc:creator>
		<pubDate>Fri, 16 Jul 2021 13:15:00 +0000</pubDate>
				<guid isPermaLink="false">https://www.yamyhub.com/?post_type=video&#038;p=3712</guid>

					<description><![CDATA[<p>Big boobs mature women Angela white ava Addams fuck threesome Big boobs porn stars Angela white &#38; Ava Addams porn video Big boobs mature women Angela white Ava Addams fuck threesome FFM Manuel Ferrara Angela white porn video Ava Addams porn video big boobs porn stars mature women porn video threesome porn FFM Female female [&#8230;]</p>
<p>The post <a rel="nofollow" href="https://www.yamyhub.com/video/big-boobs-mature-women-angela-white-ava-addams-fuck-threesome/">Big boobs mature women Angela white ava Addams fuck threesome</a> appeared first on <a rel="nofollow" href="https://www.yamyhub.com">Yamyhub</a>.</p>
]]></description>
										<content:encoded><![CDATA[<h2>Big boobs mature women Angela white ava Addams fuck threesome</h2>
<p>Big boobs porn stars Angela white &amp; Ava Addams porn video Big boobs mature women Angela white Ava Addams fuck threesome FFM Manuel Ferrara Angela white porn video Ava Addams porn video big boobs porn stars mature women porn video threesome porn FFM Female female male porn Manuel Ferrara porn video TXXX video xvideos.</p>
<p>The post <a rel="nofollow" href="https://www.yamyhub.com/video/big-boobs-mature-women-angela-white-ava-addams-fuck-threesome/">Big boobs mature women Angela white ava Addams fuck threesome</a> appeared first on <a rel="nofollow" href="https://www.yamyhub.com">Yamyhub</a>.</p>
]]></content:encoded>
					
		
		
			</item>
		<item>
		<title>big tits big butt Angela white Fuck Manuel Ferrara Dick</title>
		<link>https://www.yamyhub.com/video/big-tits-big-butt-angela-white-fuck-manuel-ferrara-dick/</link>
		
		<dc:creator><![CDATA[yamyhub]]></dc:creator>
		<pubDate>Fri, 16 Jul 2021 12:55:58 +0000</pubDate>
				<guid isPermaLink="false">https://www.yamyhub.com/?post_type=video&#038;p=3710</guid>

					<description><![CDATA[<p>big tits big butt Angela white Fuck Manuel Ferrara Dick Angela white &#38; Manuel Ferrara porn video Big tits big butt mature Girl Angela white Fuck Manuel Ferrara Big dick fuck pussy porn yamyhub big tits mature women porn video Angela white porn video latest Angela white porn video Manuel Ferrara fuck Angela white Manuel [&#8230;]</p>
<p>The post <a rel="nofollow" href="https://www.yamyhub.com/video/big-tits-big-butt-angela-white-fuck-manuel-ferrara-dick/">big tits big butt Angela white Fuck Manuel Ferrara Dick</a> appeared first on <a rel="nofollow" href="https://www.yamyhub.com">Yamyhub</a>.</p>
]]></description>
										<content:encoded><![CDATA[<h2>big tits big butt Angela white Fuck Manuel Ferrara Dick</h2>
<p>Angela white &amp; Manuel Ferrara porn video Big tits big butt mature Girl Angela white Fuck Manuel Ferrara Big dick fuck pussy porn yamyhub big tits mature women porn video Angela white porn video latest Angela white porn video Manuel Ferrara fuck Angela white Manuel Ferrara porn video big butt porn video big tits porn video Eporner video xhamster video.</p>
<p>The post <a rel="nofollow" href="https://www.yamyhub.com/video/big-tits-big-butt-angela-white-fuck-manuel-ferrara-dick/">big tits big butt Angela white Fuck Manuel Ferrara Dick</a> appeared first on <a rel="nofollow" href="https://www.yamyhub.com">Yamyhub</a>.</p>
]]></content:encoded>
					
		
		
			</item>
	</channel>
</rss>
