<?xml version="1.0" encoding="UTF-8"?><rss version="2.0"
	xmlns:content="http://purl.org/rss/1.0/modules/content/"
	xmlns:wfw="http://wellformedweb.org/CommentAPI/"
	xmlns:dc="http://purl.org/dc/elements/1.1/"
	xmlns:atom="http://www.w3.org/2005/Atom"
	xmlns:sy="http://purl.org/rss/1.0/modules/syndication/"
	xmlns:slash="http://purl.org/rss/1.0/modules/slash/"
	>

<channel>
	<title>Tony Rubino &#8211; Yamyhub</title>
	<atom:link href="https://www.yamyhub.com/categories/tony-rubino/feed/" rel="self" type="application/rss+xml" />
	<link>https://www.yamyhub.com</link>
	<description>Watch latest free HD Full length Porn video. Big ass, Big cock, MILF, Lesbian, Step sister and Step mother Porn videos. Yamyhub porn videos.</description>
	<lastBuildDate>Mon, 28 Jun 2021 05:04:47 +0000</lastBuildDate>
	<language>en-US</language>
	<sy:updatePeriod>
	hourly	</sy:updatePeriod>
	<sy:updateFrequency>
	1	</sy:updateFrequency>
	<generator>https://wordpress.org/?v=5.7.2</generator>

<image>
	<url>https://www.yamyhub.com/wp-content/uploads/2021/06/favicon.png</url>
	<title>Tony Rubino &#8211; Yamyhub</title>
	<link>https://www.yamyhub.com</link>
	<width>32</width>
	<height>32</height>
</image> 
	<item>
		<title>BANGBROS &#8211; Big Ass Battle Alexis Texas Vs Phoenix Marie</title>
		<link>https://www.yamyhub.com/video/bangbros-big-ass-battle-alexis-texas-vs-phoenix-marie/</link>
		
		<dc:creator><![CDATA[yamyhub]]></dc:creator>
		<pubDate>Fri, 14 May 2021 17:19:13 +0000</pubDate>
				<guid isPermaLink="false">http://localhost/github/?post_type=video&#038;p=2857</guid>

					<description><![CDATA[<p>BANGBROS &#8211; the Big Ass Battle Alexis Texas Vs. Phoenix Marie &#8211; Tony Rubino Big Ass porn, Big Tits videos, MILF Orgy Pornstar HD Porn Hardcore blonde, Big Boobs Blonde Pornstar Busty Natural Tits Big Butt, Fake Tits Milf Small Tits Booty Bikini Beach, Bang Bros Bangbros Ass Parade</p>
<p>The post <a rel="nofollow" href="https://www.yamyhub.com/video/bangbros-big-ass-battle-alexis-texas-vs-phoenix-marie/">BANGBROS &#8211; Big Ass Battle Alexis Texas Vs Phoenix Marie</a> appeared first on <a rel="nofollow" href="https://www.yamyhub.com">Yamyhub</a>.</p>
]]></description>
										<content:encoded><![CDATA[<p>BANGBROS &#8211; the Big Ass Battle Alexis Texas Vs. Phoenix Marie &#8211; Tony Rubino</p>
<p>Big Ass porn, Big Tits videos, MILF Orgy Pornstar HD Porn Hardcore</p>
<p>blonde, Big Boobs Blonde Pornstar Busty Natural Tits Big Butt,</p>
<p>Fake Tits Milf Small Tits Booty Bikini Beach, Bang Bros Bangbros Ass Parade</p>
<p>The post <a rel="nofollow" href="https://www.yamyhub.com/video/bangbros-big-ass-battle-alexis-texas-vs-phoenix-marie/">BANGBROS &#8211; Big Ass Battle Alexis Texas Vs Phoenix Marie</a> appeared first on <a rel="nofollow" href="https://www.yamyhub.com">Yamyhub</a>.</p>
]]></content:encoded>
					
		
		
			</item>
	</channel>
</rss>
