27b1
<?xml version="1.0" encoding="UTF-8"?><rss version="2.0"
	xmlns:content="http://purl.org/rss/1.0/modules/content/"
	xmlns:wfw="http://wellformedweb.org/CommentAPI/"
	xmlns:dc="http://purl.org/dc/elements/1.1/"
	xmlns:atom="http://www.w3.org/2005/Atom"
	xmlns:sy="http://purl.org/rss/1.0/modules/syndication/"
	xmlns:slash="http://purl.org/rss/1.0/modules/slash/"
	>

<channel>
	<title>legalporno &#8211; Yamyhub</title>
	<atom:link href="https://www.yamyhub.com/categories/legalporno/feed/" rel="self" type="application/rss+xml" />
	<link>https://www.yamyhub.com</link>
	<description>Watch latest free HD Full length Porn video. Big ass, Big cock, MILF, Lesbian, Step sister and Step mother Porn videos. Yamyhub porn videos.</description>
	<lastBuildDate>Fri, 16 Jul 2021 03:50:45 +0000</lastBuildDate>
	<language>en-US</language>
	<sy:updatePeriod>
	hourly	</sy:updatePeriod>
	<sy:updateFrequency>
	1	</sy:updateFrequency>
	<generator>https://wordpress.org/?v=5.7.2</generator>

<image>
	<url>https://www.yamyhub.com/wp-content/uploads/2021/06/favicon.png</url>
	<title>legalporno &#8211; Yamyhub</title>
	<link>https://www.yamyhub.com</link>
	<width>32</width>
	<height>32</height>
</image> 
	<item>
		<title>MILF Veronica Avluv Fuck double penetration by big cock</title>
		<link>https://www.yamyhub.com/video/milf-veronica-avluv-fuck-double-penetration-by-big-cock/</link>
		
		<dc:creator><![CDATA[yamyhub]]></dc:creator>
		<pubDate>Wed, 07 Jul 2021 08:15:40 +0000</pubDate>
				<guid isPermaLink="false">https://www.yamyhub.com/?post_type=video&#038;p=3560</guid>

					<description><![CDATA[<p>MILF Veronica Avluv Fuck double penetration by big cock Legal porno Double penetration threesome porn video MILF Veronica Avluv fuck Double penetration By big cock threesome MMF porn Yamyhub legalporno porn video legal porno mmf porn video male male female porn video double penetration porn video Veronica Avluv double penetration MILF</p>
<p>The post <a rel="nofollow" href="https://www.yamyhub.com/video/milf-veronica-avluv-fuck-double-penetration-by-big-cock/">MILF Veronica Avluv Fuck double penetration by big cock</a> appeared first on <a rel="nofollow" href="https://www.yamyhub.com">Yamyhub</a>.</p>
]]></description>
										<content:encoded><![CDATA[<h2>MILF Veronica Avluv Fuck double penetration by big cock</h2>
<p>Legal porno Double penetration threesome porn video MILF Veronica Avluv fuck Double penetration By big cock threesome MMF porn Yamyhub legalporno porn video legal porno mmf porn video male male female porn video double penetration porn video Veronica Avluv double penetration MILF</p>
<p>The post <a rel="nofollow" href="https://www.yamyhub.com/video/milf-veronica-avluv-fuck-double-penetration-by-big-cock/">MILF Veronica Avluv Fuck double penetration by big cock</a> appeared first on <a rel="nofollow" href="https://www.yamyhub.com">Yamyhub</a>.</p>
]]></content:encoded>
					
		
		
			</item>
		<item>
		<title>legalporno big cock fucked teen double penetration, DAP, TP</title>
		<link>https://www.yamyhub.com/video/legalporno-big-cock-fucked-teen-double-penetration-dap-tp/</link>
		
		<dc:creator><![CDATA[yamyhub]]></dc:creator>
		<pubDate>Tue, 25 May 2021 00:36:44 +0000</pubDate>
				<guid isPermaLink="false">http://localhost/github/?post_type=video&#038;p=2996</guid>

					<description><![CDATA[<p>legalporno big cock fucked teen double penetration, DAP, TP Anal Vids Trailers double penetration tattoo high heels deep throat brunette bra cum swallowing shaved pussy anal natural tits anal eye long hair fisting  under wear indoor small tits ass hole bbc latvia double  sex toy triple penetration dap straight  gapes gaping tap brown triple anal interracial [&#8230;]</p>
<p>The post <a rel="nofollow" href="https://www.yamyhub.com/video/legalporno-big-cock-fucked-teen-double-penetration-dap-tp/">legalporno big cock fucked teen double penetration, DAP, TP</a> appeared first on <a rel="nofollow" href="https://www.yamyhub.com">Yamyhub</a>.</p>
]]></description>
										<content:encoded><![CDATA[<h1>legalporno big cock fucked teen double penetration, DAP, TP</h1>
<p>Anal Vids Trailers double penetration tattoo high heels deep throat brunette bra cum swallowing shaved pussy anal natural tits anal eye long hair fisting  under wear indoor small tits ass hole bbc latvia double  sex toy triple penetration dap straight  gapes gaping tap brown triple anal interracial blowjob ass to mouth panties small ass white skin dp</p>
<p>Teen Double penetration , big cocks, triple penetration, double anal porn</p>
<p>The post <a rel="nofollow" href="https://www.yamyhub.com/video/legalporno-big-cock-fucked-teen-double-penetration-dap-tp/">legalporno big cock fucked teen double penetration, DAP, TP</a> appeared first on <a rel="nofollow" href="https://www.yamyhub.com">Yamyhub</a>.</p>
]]></content:encoded>
					
		
		
			</item>
		<item>
		<title>Big butt sluts Isabella Clark &#038; Proxy Paige in ass fisting</title>
		<link>https://www.yamyhub.com/video/big-butt-sluts-isabella-clark-proxy-page-in-ass-fisting/</link>
		
		<dc:creator><![CDATA[yamyhub]]></dc:creator>
		<pubDate>Mon, 24 May 2021 12:26:56 +0000</pubDate>
				<guid isPermaLink="false">http://localhost/github/?post_type=video&#038;p=2993</guid>

					<description><![CDATA[<p>Big butt sluts Isabella Clark &#38; Proxy Paige in ass fisting legalporno porn videos, analvids porn, gonzo porn. Isabella Clark porn videos, proxy paige porn. dp dap anal porn yanick shaft blonde porn isabella clark blowjob porn gapes porn proxy paige deep throat porn  porn big butt porn babe big tits porn curvy porn cristian [&#8230;]</p>
<p>The post <a rel="nofollow" href="https://www.yamyhub.com/video/big-butt-sluts-isabella-clark-proxy-page-in-ass-fisting/">Big butt sluts Isabella Clark &#038; Proxy Paige in ass fisting</a> appeared first on <a rel="nofollow" href="https://www.yamyhub.com">Yamyhub</a>.</p>
]]></description>
										<content:encoded><![CDATA[<h2>Big butt sluts Isabella Clark &amp; Proxy Paige in ass fisting</h2>
<p>legalporno porn videos, analvids porn, gonzo porn.</p>
<p>Isabella Clark porn videos, proxy paige porn.</p>
<p>dp dap anal porn yanick shaft blonde porn isabella clark blowjob porn gapes porn proxy paige deep throat porn  porn big butt porn babe big tits porn curvy porn cristian clay gangbang porn legal porno</p>
<p>The post <a rel="nofollow" href="https://www.yamyhub.com/video/big-butt-sluts-isabella-clark-proxy-page-in-ass-fisting/">Big butt sluts Isabella Clark &#038; Proxy Paige in ass fisting</a> appeared first on <a rel="nofollow" href="https://www.yamyhub.com">Yamyhub</a>.</p>
]]></content:encoded>
					
		
		
			</item>
		<item>
		<title>Legalporno analvids double anal mia piper gangbang</title>
		<link>https://www.yamyhub.com/video/legalporno-analvids-double-mia-piper-gangbang/</link>
		
		<dc:creator><![CDATA[yamyhub]]></dc:creator>
		<pubDate>Sun, 23 May 2021 13:09:39 +0000</pubDate>
				<guid isPermaLink="false">http://localhost/github/?post_type=video&#038;p=2988</guid>

					<description><![CDATA[<p>LEGALPORNO &#8211; Jordan Pryce Anal Video and Big Tits Legalporno  gonzo analvids hardcore double anal breaking with slut mia piper gangbang,  all sex anal dap, dap pussy pussy fuck porn, double anal porn, mia piper porn gangbnag porn legalporno videos analvids porn, anal videos, double penetration porn, triple penetration porn. latest porn videos.</p>
<p>The post <a rel="nofollow" href="https://www.yamyhub.com/video/legalporno-analvids-double-mia-piper-gangbang/">Legalporno analvids double anal mia piper gangbang</a> appeared first on <a rel="nofollow" href="https://www.yamyhub.com">Yamyhub</a>.</p>
]]></description>
										<content:encoded><![CDATA[<h3>LEGALPORNO &#8211; Jordan Pryce Anal Video and Big Tits</h3>
<p>Legalporno  gonzo analvids hardcore double anal breaking with slut mia piper gangbang,  all sex anal dap, dap pussy</p>
<p>pussy fuck porn, double anal porn, mia piper porn gangbnag porn legalporno videos analvids porn, anal videos, double penetration porn, triple penetration porn. latest porn videos.</p>
<p>The post <a rel="nofollow" href="https://www.yamyhub.com/video/legalporno-analvids-double-mia-piper-gangbang/">Legalporno analvids double anal mia piper gangbang</a> appeared first on <a rel="nofollow" href="https://www.yamyhub.com">Yamyhub</a>.</p>
]]></content:encoded>
					
		
		
			</item>
		<item>
		<title>GangBang porn ultra slut Gabriella Lati 10 on 1</title>
		<link>https://www.yamyhub.com/video/gangbang-porn-ultra-slut-gabriella-lati-10-on-1/</link>
		
		<dc:creator><![CDATA[yamyhub]]></dc:creator>
		<pubDate>Sun, 23 May 2021 09:46:43 +0000</pubDate>
				<guid isPermaLink="false">http://localhost/github/?post_type=video&#038;p=2983</guid>

					<description><![CDATA[<p>GangBang porn ultra slut Gabriella Lati 10 on 1 Gangbang porn video Watch Gabriella lati gangbang porn videos on xvideos and legalporno. 10 men fuck 1 slut. Triple penetration Double anal ass hole anal hardcore gaping gangbang ass gape ass fucked hard anal gaping double anal ass hole legal porno porn videos xvideos porn videos</p>
<p>The post <a rel="nofollow" href="https://www.yamyhub.com/video/gangbang-porn-ultra-slut-gabriella-lati-10-on-1/">GangBang porn ultra slut Gabriella Lati 10 on 1</a> appeared first on <a rel="nofollow" href="https://www.yamyhub.com">Yamyhub</a>.</p>
]]></description>
										<content:encoded><![CDATA[<h3>GangBang porn ultra slut Gabriella Lati 10 on 1</h3>
<p>Gangbang porn video Watch Gabriella lati gangbang porn videos on xvideos and legalporno. 10 men fuck 1 slut. Triple penetration Double anal</p>
<p>ass hole anal hardcore gaping gangbang ass gape ass fucked hard anal gaping double anal ass hole</p>
<p>legal porno porn videos</p>
<p>xvideos porn videos</p>
<p>The post <a rel="nofollow" href="https://www.yamyhub.com/video/gangbang-porn-ultra-slut-gabriella-lati-10-on-1/">GangBang porn ultra slut Gabriella Lati 10 on 1</a> appeared first on <a rel="nofollow" href="https://www.yamyhub.com">Yamyhub</a>.</p>
]]></content:encoded>
					
		
		
			</item>
	</channel>
</rss>

0

