<?xml version="1.0" encoding="UTF-8"?><rss version="2.0"
	xmlns:content="http://purl.org/rss/1.0/modules/content/"
	xmlns:wfw="http://wellformedweb.org/CommentAPI/"
	xmlns:dc="http://purl.org/dc/elements/1.1/"
	xmlns:atom="http://www.w3.org/2005/Atom"
	xmlns:sy="http://purl.org/rss/1.0/modules/syndication/"
	xmlns:slash="http://purl.org/rss/1.0/modules/slash/"
	>

<channel>
	<title>Blacked &#8211; Yamyhub</title>
	<atom:link href="https://www.yamyhub.com/categories/blacked/feed/" rel="self" type="application/rss+xml" />
	<link>https://www.yamyhub.com</link>
	<description>Watch latest free HD Full length Porn video. Big ass, Big cock, MILF, Lesbian, Step sister and Step mother Porn videos. Yamyhub porn videos.</description>
	<lastBuildDate>Mon, 16 Aug 2021 13:34:07 +0000</lastBuildDate>
	<language>en-US</language>
	<sy:updatePeriod>
	hourly	</sy:updatePeriod>
	<sy:updateFrequency>
	1	</sy:updateFrequency>
	<generator>https://wordpress.org/?v=5.8</generator>

<image>
	<url>https://www.yamyhub.com/wp-content/uploads/2021/07/cropped-favicon-32x32.png</url>
	<title>Blacked &#8211; Yamyhub</title>
	<link>https://www.yamyhub.com</link>
	<width>32</width>
	<height>32</height>
</image> 
	<item>
		<title>Blacked Interracial threesome MMF from BBC Nicole Aniston</title>
		<link>https://www.yamyhub.com/video/blacked-interracial-threesome-mmf-from-bbc-nicole-aniston/</link>
		
		<dc:creator><![CDATA[yamyhub]]></dc:creator>
		<pubDate>Mon, 16 Aug 2021 13:33:28 +0000</pubDate>
				<guid isPermaLink="false">https://www.yamyhub.com/?post_type=video&#038;p=4563</guid>

					<description><![CDATA[<p>Blacked Interracial threesome MMF from BBC Nicole Aniston Blacked pornstar Nicole Aniston porn video. Busty blonde get two big black cock. MILF get pussy fuck from threesome interracial yamyhub. Blacked MILF want to ride on black cock. Black cock penetrate inside Nicole Aniston pussy. She love to get fucked hardcore from Blacked. Hot blonde MILF [&#8230;]</p>
<p>The post <a rel="nofollow" href="https://www.yamyhub.com/video/blacked-interracial-threesome-mmf-from-bbc-nicole-aniston/">Blacked Interracial threesome MMF from BBC Nicole Aniston</a> appeared first on <a rel="nofollow" href="https://www.yamyhub.com">Yamyhub</a>.</p>
]]></description>
										<content:encoded><![CDATA[<h2>Blacked Interracial threesome MMF from BBC Nicole Aniston</h2>
<p>Blacked pornstar Nicole Aniston porn video. Busty blonde get two big black cock. MILF get pussy fuck from threesome interracial yamyhub. Blacked MILF want to ride on black cock. Black cock penetrate inside Nicole Aniston pussy. She love to get fucked hardcore from Blacked. Hot blonde MILF pornstar Nicole Aniston can&#8217;t resist against black cock.</p>
<p>The post <a rel="nofollow" href="https://www.yamyhub.com/video/blacked-interracial-threesome-mmf-from-bbc-nicole-aniston/">Blacked Interracial threesome MMF from BBC Nicole Aniston</a> appeared first on <a rel="nofollow" href="https://www.yamyhub.com">Yamyhub</a>.</p>
]]></content:encoded>
					
		
		
			</item>
		<item>
		<title>Blacked Ass leak during black cock anal Rebecca Volpetti</title>
		<link>https://www.yamyhub.com/video/blacked-ass-leak-during-black-cock-anal-rebecca-volpetti/</link>
		
		<dc:creator><![CDATA[yamyhub]]></dc:creator>
		<pubDate>Tue, 10 Aug 2021 04:08:49 +0000</pubDate>
				<guid isPermaLink="false">https://www.yamyhub.com/?post_type=video&#038;p=4231</guid>

					<description><![CDATA[<p>Blacked Ass leak during black cock anal Rebecca Volpetti Blacked porn star Rebecca Volpetti porn video. White blonde teen get take down by black cock in her ass and pussy. ass to mouth yamyhub. Blonde skinny Ebony teen want to get fucked hardcore anal by black cock. Rebecca Volpetti ass fucked by black cock when [&#8230;]</p>
<p>The post <a rel="nofollow" href="https://www.yamyhub.com/video/blacked-ass-leak-during-black-cock-anal-rebecca-volpetti/">Blacked Ass leak during black cock anal Rebecca Volpetti</a> appeared first on <a rel="nofollow" href="https://www.yamyhub.com">Yamyhub</a>.</p>
]]></description>
										<content:encoded><![CDATA[<h2>Blacked Ass leak during black cock anal Rebecca Volpetti</h2>
<p>Blacked porn star Rebecca Volpetti porn video. White blonde teen get take down by black cock in her ass and pussy. ass to mouth yamyhub. Blonde skinny Ebony teen want to get fucked hardcore anal by black cock. Rebecca Volpetti ass fucked by black cock when outdoor in a resort. Rebecca Volpetti take cock.</p>
<p>The post <a rel="nofollow" href="https://www.yamyhub.com/video/blacked-ass-leak-during-black-cock-anal-rebecca-volpetti/">Blacked Ass leak during black cock anal Rebecca Volpetti</a> appeared first on <a rel="nofollow" href="https://www.yamyhub.com">Yamyhub</a>.</p>
]]></content:encoded>
					
		
		
			</item>
		<item>
		<title>Blacked Blonde pornstar Kali roses Gangbanged by 6 BBC</title>
		<link>https://www.yamyhub.com/video/blacked-blonde-pornstar-kali-roses-gangbanged-by-6-bbc/</link>
		
		<dc:creator><![CDATA[yamyhub]]></dc:creator>
		<pubDate>Wed, 04 Aug 2021 09:37:41 +0000</pubDate>
				<guid isPermaLink="false">https://www.yamyhub.com/?post_type=video&#038;p=4141</guid>

					<description><![CDATA[<p>Blacked Blonde pornstar Kali roses Gangbanged by 6 BBC Blacked pornstar Kali roses porn video. Six big black cocks fuck young blonde girl pussy and cum on mouth. Blacked Gangbang porn yamyhub. Blonde girl want to fuck her pussy from big black cock. P0rnstar Kali roses love to get BBC Gangbanged. Women want to gangbang [&#8230;]</p>
<p>The post <a rel="nofollow" href="https://www.yamyhub.com/video/blacked-blonde-pornstar-kali-roses-gangbanged-by-6-bbc/">Blacked Blonde pornstar Kali roses Gangbanged by 6 BBC</a> appeared first on <a rel="nofollow" href="https://www.yamyhub.com">Yamyhub</a>.</p>
]]></description>
										<content:encoded><![CDATA[<h2>Blacked Blonde pornstar Kali roses Gangbanged by 6 BBC</h2>
<p>Blacked pornstar Kali roses porn video. Six big black cocks fuck young blonde girl pussy and cum on mouth. Blacked Gangbang porn yamyhub. Blonde girl want to fuck her pussy from big black cock. P0rnstar Kali roses love to get BBC Gangbanged. Women want to gangbang from big black cock. Blacked sex videos xxx xhamster porn.</p>
<p>The post <a rel="nofollow" href="https://www.yamyhub.com/video/blacked-blonde-pornstar-kali-roses-gangbanged-by-6-bbc/">Blacked Blonde pornstar Kali roses Gangbanged by 6 BBC</a> appeared first on <a rel="nofollow" href="https://www.yamyhub.com">Yamyhub</a>.</p>
]]></content:encoded>
					
		
		
			</item>
		<item>
		<title>Jennifer white fucked double penetration from black cock</title>
		<link>https://www.yamyhub.com/video/jennifer-white-fucked-double-penetration-from-black-cock/</link>
		
		<dc:creator><![CDATA[yamyhub]]></dc:creator>
		<pubDate>Mon, 26 Jul 2021 06:13:27 +0000</pubDate>
				<guid isPermaLink="false">https://www.yamyhub.com/?post_type=video&#038;p=3907</guid>

					<description><![CDATA[<p>Jennifer white fucked double penetration from black cock Blacked Porn star Jennifer white &#38; Prince Yahshua Porn video Double penetration. Two black cocks fuck Hardcore in ass hole. Threesome MMF yamyhub. Threesome latest porn videos with Male male female. FFM (Male male female) Latest threesome porn. Black cock penetrate Pussy and ass. Double penetration from [&#8230;]</p>
<p>The post <a rel="nofollow" href="https://www.yamyhub.com/video/jennifer-white-fucked-double-penetration-from-black-cock/">Jennifer white fucked double penetration from black cock</a> appeared first on <a rel="nofollow" href="https://www.yamyhub.com">Yamyhub</a>.</p>
]]></description>
										<content:encoded><![CDATA[<h2>Jennifer white fucked double penetration from black cock</h2>
<p>Blacked Porn star Jennifer white &amp; Prince Yahshua Porn video Double penetration. Two black cocks fuck Hardcore in ass hole. Threesome MMF yamyhub. Threesome latest porn videos with Male male female. FFM (Male male female) Latest threesome porn. Black cock penetrate Pussy and ass. Double penetration from Black cock. Prince Yahshua porn video. Jennifer white sex videos. Blacked porn video. TXXX porn Xhamster porn.</p>
<p>The post <a rel="nofollow" href="https://www.yamyhub.com/video/jennifer-white-fucked-double-penetration-from-black-cock/">Jennifer white fucked double penetration from black cock</a> appeared first on <a rel="nofollow" href="https://www.yamyhub.com">Yamyhub</a>.</p>
]]></content:encoded>
					
		
		
			</item>
		<item>
		<title>Big ass tattoo Women fuck &#038; lick Pussy from BBC Blacked</title>
		<link>https://www.yamyhub.com/video/big-ass-tattoo-women-fuck-lick-pussy-from-bbc-blacked/</link>
		
		<dc:creator><![CDATA[yamyhub]]></dc:creator>
		<pubDate>Sat, 24 Jul 2021 12:45:02 +0000</pubDate>
				<guid isPermaLink="false">https://www.yamyhub.com/?post_type=video&#038;p=3830</guid>

					<description><![CDATA[<p>Big ass tattoo Women fuck &#38; lick Pussy from BBC Blacked Blacked big ass Valerie kay porn video. Mature big ass boobs women fucked and licked pussy from big black cock. Blacked Valerie kay yamyhub. Big ass big boobs porn star Valerie kay latest porn video. Blacked cock fucked and lick pussy. Big black cock [&#8230;]</p>
<p>The post <a rel="nofollow" href="https://www.yamyhub.com/video/big-ass-tattoo-women-fuck-lick-pussy-from-bbc-blacked/">Big ass tattoo Women fuck &#038; lick Pussy from BBC Blacked</a> appeared first on <a rel="nofollow" href="https://www.yamyhub.com">Yamyhub</a>.</p>
]]></description>
										<content:encoded><![CDATA[<h2>Big ass tattoo Women fuck &amp; lick Pussy from BBC Blacked</h2>
<p>Blacked big ass Valerie kay porn video. Mature big ass boobs women fucked and licked pussy from big black cock. Blacked Valerie kay yamyhub. Big ass big boobs porn star Valerie kay latest porn video. Blacked cock fucked and lick pussy. Big black cock fuck mature women pusssy and lick BBC. xhamster porn video youporn video.</p>
<p>The post <a rel="nofollow" href="https://www.yamyhub.com/video/big-ass-tattoo-women-fuck-lick-pussy-from-bbc-blacked/">Big ass tattoo Women fuck &#038; lick Pussy from BBC Blacked</a> appeared first on <a rel="nofollow" href="https://www.yamyhub.com">Yamyhub</a>.</p>
]]></content:encoded>
					
		
		
			</item>
		<item>
		<title>Huge black dick fuck interracial in doggy style Jill kassidy</title>
		<link>https://www.yamyhub.com/video/huge-black-dick-fuck-interracial-in-doggy-style-jill-kassidy/</link>
		
		<dc:creator><![CDATA[yamyhub]]></dc:creator>
		<pubDate>Sat, 24 Jul 2021 03:51:09 +0000</pubDate>
				<guid isPermaLink="false">https://www.yamyhub.com/?post_type=video&#038;p=3811</guid>

					<description><![CDATA[<p>Huge black dick fuck interracial in doggy style Jill kassidy Blacked Jill kassidy interracial porn video. Huge black cock fuck interracial in blowjob &#38; doggy style cum. Jill kassidy sex movie yamyhub Blacked. porn video latest blacked porn video. Jill kassidy fuck interracial in doggy style. Doggy style sex movies blowjob sex xxx video. Big [&#8230;]</p>
<p>The post <a rel="nofollow" href="https://www.yamyhub.com/video/huge-black-dick-fuck-interracial-in-doggy-style-jill-kassidy/">Huge black dick fuck interracial in doggy style Jill kassidy</a> appeared first on <a rel="nofollow" href="https://www.yamyhub.com">Yamyhub</a>.</p>
]]></description>
										<content:encoded><![CDATA[<h2>Huge black dick fuck interracial in doggy style Jill kassidy</h2>
<p>Blacked Jill kassidy interracial porn video. Huge black cock fuck interracial in blowjob &amp; doggy style cum. Jill kassidy sex movie yamyhub Blacked. porn video latest blacked porn video. Jill kassidy fuck interracial in doggy style. Doggy style sex movies blowjob sex xxx video. Big black dick latest porn video. TXXX porn video daftsex porn video.</p>
<p>The post <a rel="nofollow" href="https://www.yamyhub.com/video/huge-black-dick-fuck-interracial-in-doggy-style-jill-kassidy/">Huge black dick fuck interracial in doggy style Jill kassidy</a> appeared first on <a rel="nofollow" href="https://www.yamyhub.com">Yamyhub</a>.</p>
]]></content:encoded>
					
		
		
			</item>
		<item>
		<title>Leah Gotti &#038; Lana Rhoades Fucked Interracial Gangbang Blacked</title>
		<link>https://www.yamyhub.com/video/leah-gotti-lana-rhoades-fucked-interracial-gangbang-blacked/</link>
		
		<dc:creator><![CDATA[yamyhub]]></dc:creator>
		<pubDate>Mon, 14 Jun 2021 06:23:30 +0000</pubDate>
				<guid isPermaLink="false">https://www.yamyhub.com/?post_type=video&#038;p=3325</guid>

					<description><![CDATA[<p>Leah Gotti &#38; Lana Rhoades Fucked Interracial Gangbang Blacked Watch HD full length Lana rhoades and leah gotti Fucked interical by big monster black cocks. blacked foursome porn videos. big ass leah gotti porn videos. lana rhoades porn videos. big boobs porn. big ass porn.</p>
<p>The post <a rel="nofollow" href="https://www.yamyhub.com/video/leah-gotti-lana-rhoades-fucked-interracial-gangbang-blacked/">Leah Gotti &#038; Lana Rhoades Fucked Interracial Gangbang Blacked</a> appeared first on <a rel="nofollow" href="https://www.yamyhub.com">Yamyhub</a>.</p>
]]></description>
										<content:encoded><![CDATA[<h2>Leah Gotti &amp; Lana Rhoades Fucked Interracial Gangbang Blacked</h2>
<p>Watch HD full length Lana rhoades and leah gotti Fucked interical by big monster black cocks. blacked foursome porn videos.</p>
<p>big ass leah gotti porn videos. lana rhoades porn videos. big boobs porn. big ass porn.</p>
<p>The post <a rel="nofollow" href="https://www.yamyhub.com/video/leah-gotti-lana-rhoades-fucked-interracial-gangbang-blacked/">Leah Gotti &#038; Lana Rhoades Fucked Interracial Gangbang Blacked</a> appeared first on <a rel="nofollow" href="https://www.yamyhub.com">Yamyhub</a>.</p>
]]></content:encoded>
					
		
		
			</item>
	</channel>
</rss>
