<?xml version="1.0" encoding="UTF-8"?><rss version="2.0"
	xmlns:content="http://purl.org/rss/1.0/modules/content/"
	xmlns:wfw="http://wellformedweb.org/CommentAPI/"
	xmlns:dc="http://purl.org/dc/elements/1.1/"
	xmlns:atom="http://www.w3.org/2005/Atom"
	xmlns:sy="http://purl.org/rss/1.0/modules/syndication/"
	xmlns:slash="http://purl.org/rss/1.0/modules/slash/"
	>

<channel>
	<title>Katie Morgan &#8211; Yamyhub</title>
	<atom:link href="https://www.yamyhub.com/categories/katie-morgan/feed/" rel="self" type="application/rss+xml" />
	<link>https://www.yamyhub.com</link>
	<description>Watch latest free HD Full length Porn video. Big ass, Big cock, MILF, Lesbian, Step sister and Step mother Porn videos. Yamyhub porn videos.</description>
	<lastBuildDate>Sun, 15 Aug 2021 04:59:01 +0000</lastBuildDate>
	<language>en-US</language>
	<sy:updatePeriod>
	hourly	</sy:updatePeriod>
	<sy:updateFrequency>
	1	</sy:updateFrequency>
	<generator>https://wordpress.org/?v=5.8</generator>

<image>
	<url>https://www.yamyhub.com/wp-content/uploads/2021/07/cropped-favicon-32x32.png</url>
	<title>Katie Morgan &#8211; Yamyhub</title>
	<link>https://www.yamyhub.com</link>
	<width>32</width>
	<height>32</height>
</image> 
	<item>
		<title>Bangbros MILF Katie Morgan get her son cock XNXX</title>
		<link>https://www.yamyhub.com/video/bangbros-milf-katie-morgan-get-her-son-cock-xnxx/</link>
		
		<dc:creator><![CDATA[yamyhub]]></dc:creator>
		<pubDate>Sun, 15 Aug 2021 04:58:23 +0000</pubDate>
				<guid isPermaLink="false">https://www.yamyhub.com/?post_type=video&#038;p=4505</guid>

					<description><![CDATA[<p>Bangbros MILF Katie Morgan get her son cock XNXX Bangbros pornstar Katie Morgan porn video by XNX. MILF with big ass love to fuck from her son and take dick inside pussy yamyhub porn . best MILF katie morgan with big ass get cock inside pussy fuck . Son take down her MILF when no [&#8230;]</p>
<p>The post <a rel="nofollow" href="https://www.yamyhub.com/video/bangbros-milf-katie-morgan-get-her-son-cock-xnxx/">Bangbros MILF Katie Morgan get her son cock XNXX</a> appeared first on <a rel="nofollow" href="https://www.yamyhub.com">Yamyhub</a>.</p>
]]></description>
										<content:encoded><![CDATA[<h2>Bangbros MILF Katie Morgan get her son cock XNXX</h2>
<p>Bangbros pornstar Katie Morgan porn video by XNX. MILF with big ass love to fuck from her son and take dick inside pussy yamyhub porn . best MILF katie morgan with big ass get cock inside pussy fuck . Son take down her MILF when no one at home at xnxx. Son fuck her MILF ay home porn videos.</p>
<p>The post <a rel="nofollow" href="https://www.yamyhub.com/video/bangbros-milf-katie-morgan-get-her-son-cock-xnxx/">Bangbros MILF Katie Morgan get her son cock XNXX</a> appeared first on <a rel="nofollow" href="https://www.yamyhub.com">Yamyhub</a>.</p>
]]></content:encoded>
					
		
		
			</item>
	</channel>
</rss>
