<?xml version="1.0" encoding="UTF-8"?><rss version="2.0"
	xmlns:content="http://purl.org/rss/1.0/modules/content/"
	xmlns:wfw="http://wellformedweb.org/CommentAPI/"
	xmlns:dc="http://purl.org/dc/elements/1.1/"
	xmlns:atom="http://www.w3.org/2005/Atom"
	xmlns:sy="http://purl.org/rss/1.0/modules/syndication/"
	xmlns:slash="http://purl.org/rss/1.0/modules/slash/"
	>

<channel>
	<title>Casey calvert &#8211; Yamyhub</title>
	<atom:link href="https://www.yamyhub.com/categories/casey-calvert/feed/" rel="self" type="application/rss+xml" />
	<link>https://www.yamyhub.com</link>
	<description>Watch latest free HD Full length Porn video. Big ass, Big cock, MILF, Lesbian, Step sister and Step mother Porn videos. Yamyhub porn videos.</description>
	<lastBuildDate>Tue, 10 Aug 2021 16:40:03 +0000</lastBuildDate>
	<language>en-US</language>
	<sy:updatePeriod>
	hourly	</sy:updatePeriod>
	<sy:updateFrequency>
	1	</sy:updateFrequency>
	<generator>https://wordpress.org/?v=5.8</generator>

<image>
	<url>https://www.yamyhub.com/wp-content/uploads/2021/07/cropped-favicon-32x32.png</url>
	<title>Casey calvert &#8211; Yamyhub</title>
	<link>https://www.yamyhub.com</link>
	<width>32</width>
	<height>32</height>
</image> 
	<item>
		<title>Lesbian girlfriend get fuck in ass with strapon Casey calvert</title>
		<link>https://www.yamyhub.com/video/lesbian-girlfriend-get-fuck-in-ass-with-strapon-casey-calvert/</link>
		
		<dc:creator><![CDATA[yamyhub]]></dc:creator>
		<pubDate>Fri, 23 Jul 2021 14:09:46 +0000</pubDate>
				<guid isPermaLink="false">https://www.yamyhub.com/?post_type=video&#038;p=3810</guid>

					<description><![CDATA[<p>Lesbian girlfriend get fuck in ass with strapon Casey calvert Lesbian x ass fuck strapon Casey calvert porn video. Girlfriend get fuck in ass hole &#38; pussy from from big strapon. Lesbian organism yamyhub. Lesbian x latest porn video. Strapon Casey calvert fuck ass hole. Ass hole fuck from big strapon. lesbian use strapon to [&#8230;]</p>
<p>The post <a rel="nofollow" href="https://www.yamyhub.com/video/lesbian-girlfriend-get-fuck-in-ass-with-strapon-casey-calvert/">Lesbian girlfriend get fuck in ass with strapon Casey calvert</a> appeared first on <a rel="nofollow" href="https://www.yamyhub.com">Yamyhub</a>.</p>
]]></description>
										<content:encoded><![CDATA[<h2>Lesbian girlfriend get fuck in ass with strapon Casey calvert</h2>
<p>Lesbian x ass fuck strapon Casey calvert porn video. Girlfriend get fuck in ass hole &amp; pussy from from big strapon. Lesbian organism yamyhub. Lesbian x latest porn video. Strapon Casey calvert fuck ass hole. Ass hole fuck from big strapon. lesbian use strapon to fuck girlfriens. Lesbian x porn videos. pornhub video txxx porn video.</p>
<p>The post <a rel="nofollow" href="https://www.yamyhub.com/video/lesbian-girlfriend-get-fuck-in-ass-with-strapon-casey-calvert/">Lesbian girlfriend get fuck in ass with strapon Casey calvert</a> appeared first on <a rel="nofollow" href="https://www.yamyhub.com">Yamyhub</a>.</p>
]]></content:encoded>
					
		
		
			</item>
	</channel>
</rss>
