<?xml version="1.0" encoding="UTF-8"?><rss version="2.0"
	xmlns:content="http://purl.org/rss/1.0/modules/content/"
	xmlns:wfw="http://wellformedweb.org/CommentAPI/"
	xmlns:dc="http://purl.org/dc/elements/1.1/"
	xmlns:atom="http://www.w3.org/2005/Atom"
	xmlns:sy="http://purl.org/rss/1.0/modules/syndication/"
	xmlns:slash="http://purl.org/rss/1.0/modules/slash/"
	>

<channel>
	<title>Massage Rooms &#8211; Yamyhub</title>
	<atom:link href="https://www.yamyhub.com/categories/massage-rooms/feed/" rel="self" type="application/rss+xml" />
	<link>https://www.yamyhub.com</link>
	<description>Watch latest free HD Full length Porn video. Big ass, Big cock, MILF, Lesbian, Step sister and Step mother Porn videos. Yamyhub porn videos.</description>
	<lastBuildDate>Mon, 28 Jun 2021 05:22:49 +0000</lastBuildDate>
	<language>en-US</language>
	<sy:updatePeriod>
	hourly	</sy:updatePeriod>
	<sy:updateFrequency>
	1	</sy:updateFrequency>
	<generator>https://wordpress.org/?v=5.7.2</generator>

<image>
	<url>https://www.yamyhub.com/wp-content/uploads/2021/06/favicon.png</url>
	<title>Massage Rooms &#8211; Yamyhub</title>
	<link>https://www.yamyhub.com</link>
	<width>32</width>
	<height>32</height>
</image> 
	<item>
		<title>Lesbian Sofia Lee and Josephine Jackson Big Natural Tits</title>
		<link>https://www.yamyhub.com/video/lesbian-sofia-lee-and-josephine-jackson-big-natural-tits/</link>
		
		<dc:creator><![CDATA[yamyhub]]></dc:creator>
		<pubDate>Mon, 17 May 2021 08:41:37 +0000</pubDate>
				<guid isPermaLink="false">http://localhost/github/?post_type=video&#038;p=2914</guid>

					<description><![CDATA[<p>Lesbian Sofia Lee and Josephine Jackson with Big Natural Tits &#8211; Massage Rooms lesbian sex videos, lesbian porn videos, Lesbian Sofia Lee and Josephine Jackson porn videos, Big Natural Tits, British Babe Josephine Jackson lesbian porn, Lesbea, Big Tits Blonde Teen Sofia Lee lesbian porn, Massage Rooms, The Lesbian Experience, Sofia Lee and Josephine Jackson [&#8230;]</p>
<p>The post <a rel="nofollow" href="https://www.yamyhub.com/video/lesbian-sofia-lee-and-josephine-jackson-big-natural-tits/">Lesbian Sofia Lee and Josephine Jackson Big Natural Tits</a> appeared first on <a rel="nofollow" href="https://www.yamyhub.com">Yamyhub</a>.</p>
]]></description>
										<content:encoded><![CDATA[<h2>Lesbian Sofia Lee and Josephine Jackson with Big Natural Tits &#8211; Massage Rooms</h2>
<p>lesbian sex videos, lesbian porn videos, Lesbian Sofia Lee and Josephine Jackson porn videos, Big Natural Tits, British Babe Josephine Jackson lesbian porn, Lesbea, Big Tits Blonde Teen Sofia Lee lesbian porn, Massage Rooms, The Lesbian Experience, Sofia Lee and Josephine Jackson fingure eachother, lesbian organism, fucking lesbian</p>
<p>The post <a rel="nofollow" href="https://www.yamyhub.com/video/lesbian-sofia-lee-and-josephine-jackson-big-natural-tits/">Lesbian Sofia Lee and Josephine Jackson Big Natural Tits</a> appeared first on <a rel="nofollow" href="https://www.yamyhub.com">Yamyhub</a>.</p>
]]></content:encoded>
					
		
		
			</item>
	</channel>
</rss>
