<?xml version="1.0" encoding="UTF-8"?><rss version="2.0"
	xmlns:content="http://purl.org/rss/1.0/modules/content/"
	xmlns:wfw="http://wellformedweb.org/CommentAPI/"
	xmlns:dc="http://purl.org/dc/elements/1.1/"
	xmlns:atom="http://www.w3.org/2005/Atom"
	xmlns:sy="http://purl.org/rss/1.0/modules/syndication/"
	xmlns:slash="http://purl.org/rss/1.0/modules/slash/"
	>

<channel>
	<title>Chloe Foster &#8211; Yamyhub</title>
	<atom:link href="https://www.yamyhub.com/categories/chloe-foster/feed/" rel="self" type="application/rss+xml" />
	<link>https://www.yamyhub.com</link>
	<description>Watch latest free HD Full length Porn video. Big ass, Big cock, MILF, Lesbian, Step sister and Step mother Porn videos. Yamyhub porn videos.</description>
	<lastBuildDate>Tue, 10 Aug 2021 16:50:25 +0000</lastBuildDate>
	<language>en-US</language>
	<sy:updatePeriod>
	hourly	</sy:updatePeriod>
	<sy:updateFrequency>
	1	</sy:updateFrequency>
	<generator>https://wordpress.org/?v=5.8</generator>

<image>
	<url>https://www.yamyhub.com/wp-content/uploads/2021/07/cropped-favicon-32x32.png</url>
	<title>Chloe Foster &#8211; Yamyhub</title>
	<link>https://www.yamyhub.com</link>
	<width>32</width>
	<height>32</height>
</image> 
	<item>
		<title>VIXEN Natalia Starr Gets Dominated by Kenna James</title>
		<link>https://www.yamyhub.com/video/vixen-natalia-starr-gets-dominated-by-kenna-james/</link>
		
		<dc:creator><![CDATA[yamyhub]]></dc:creator>
		<pubDate>Thu, 20 May 2021 16:55:56 +0000</pubDate>
				<guid isPermaLink="false">http://localhost/github/?post_type=video&#038;p=2978</guid>

					<description><![CDATA[<p>VIXEN Natalia Starr Gets Dominated by Kenna James and her Boyfriend – Chloe foster VIXEN Natalia Starr Gets Dominated by Kenna James and her Boyfriend – Chloe foster, chloe foster porn, threesome porn videos, chloe foster threesome, natalia starr porn videos, kenna james porn videos, anal threesome</p>
<p>The post <a rel="nofollow" href="https://www.yamyhub.com/video/vixen-natalia-starr-gets-dominated-by-kenna-james/">VIXEN Natalia Starr Gets Dominated by Kenna James</a> appeared first on <a rel="nofollow" href="https://www.yamyhub.com">Yamyhub</a>.</p>
]]></description>
										<content:encoded><![CDATA[<h3>VIXEN Natalia Starr Gets Dominated by Kenna James and her Boyfriend – Chloe foster</h3>
<p>VIXEN Natalia Starr Gets Dominated by Kenna James and her Boyfriend – Chloe foster, chloe foster porn, threesome porn videos, chloe foster threesome, natalia starr porn videos, kenna james porn videos, anal threesome</p>
<p>The post <a rel="nofollow" href="https://www.yamyhub.com/video/vixen-natalia-starr-gets-dominated-by-kenna-james/">VIXEN Natalia Starr Gets Dominated by Kenna James</a> appeared first on <a rel="nofollow" href="https://www.yamyhub.com">Yamyhub</a>.</p>
]]></content:encoded>
					
		
		
			</item>
		<item>
		<title>Skinny Dani Daniels and Chloe Foster Kissed and fucked Each Other</title>
		<link>https://www.yamyhub.com/video/skinny-dani-daniels-and-chloe-foster-kissed-and-fucked-each-other/</link>
		
		<dc:creator><![CDATA[yamyhub]]></dc:creator>
		<pubDate>Thu, 20 May 2021 16:41:53 +0000</pubDate>
				<guid isPermaLink="false">http://localhost/github/?post_type=video&#038;p=2967</guid>

					<description><![CDATA[<p>Skinny Dani Daniels and Chloe Foster Kissed and fucked Each Other Skinny Babes Dani Daniels and Chloe Foster Kissed and fucked Each Other Dani daniels porn videos, chloe foster porn videos, Lesbian porn, pussy lich, Kissed Pussy, girl on girl porn pornstar,brunette big tits, babes lesbian, pussy kissing, blonde licking shaved</p>
<p>The post <a rel="nofollow" href="https://www.yamyhub.com/video/skinny-dani-daniels-and-chloe-foster-kissed-and-fucked-each-other/">Skinny Dani Daniels and Chloe Foster Kissed and fucked Each Other</a> appeared first on <a rel="nofollow" href="https://www.yamyhub.com">Yamyhub</a>.</p>
]]></description>
										<content:encoded><![CDATA[<h3>Skinny Dani Daniels and Chloe Foster Kissed and fucked Each Other</h3>
<p>Skinny Babes Dani Daniels and Chloe Foster Kissed and fucked Each Other</p>
<p>Dani daniels porn videos, chloe foster porn videos, Lesbian porn, pussy lich, Kissed Pussy, girl on girl porn</p>
<p>pornstar,brunette big tits, babes lesbian, pussy kissing, blonde licking shaved</p>
<p>The post <a rel="nofollow" href="https://www.yamyhub.com/video/skinny-dani-daniels-and-chloe-foster-kissed-and-fucked-each-other/">Skinny Dani Daniels and Chloe Foster Kissed and fucked Each Other</a> appeared first on <a rel="nofollow" href="https://www.yamyhub.com">Yamyhub</a>.</p>
]]></content:encoded>
					
		
		
			</item>
		<item>
		<title>Anal Threesome Chloe Foster Mofos Mike Adriano</title>
		<link>https://www.yamyhub.com/video/anal-threesome-chloe-foster-bangbros-mike-adriano/</link>
		
		<dc:creator><![CDATA[yamyhub]]></dc:creator>
		<pubDate>Fri, 14 May 2021 12:06:48 +0000</pubDate>
				<guid isPermaLink="false">http://localhost/github/?post_type=video&#038;p=2851</guid>

					<description><![CDATA[<p>Anal Threesome with MILF Dana Vespoli &#38; Young Chloe Foster &#8211; Mofos &#8211; Mike Adriano, Threesome, Hardcore, MILF Pornstar, Big Tits, Anal Big Ass, Blowjob, HD Porn, Big Tits Ass, Fuck Skinny Big Ass, Big Butt Booty, Blowjob Hardcore, Tattoo Anal Sex, Big Boobs, Big Dick, Small Tits, Threesome Doggy Style, Mofos Bang Bros, Blonde</p>
<p>The post <a rel="nofollow" href="https://www.yamyhub.com/video/anal-threesome-chloe-foster-bangbros-mike-adriano/">Anal Threesome Chloe Foster Mofos Mike Adriano</a> appeared first on <a rel="nofollow" href="https://www.yamyhub.com">Yamyhub</a>.</p>
]]></description>
										<content:encoded><![CDATA[<p>Anal Threesome with MILF Dana Vespoli &amp; Young Chloe Foster &#8211; Mofos &#8211; Mike Adriano,<br />
Threesome, Hardcore, MILF Pornstar, Big Tits, Anal Big Ass, Blowjob, HD Porn,<br />
Big Tits Ass, Fuck Skinny Big Ass, Big Butt Booty, Blowjob Hardcore,<br />
Tattoo Anal Sex, Big Boobs, Big Dick, Small Tits, Threesome Doggy Style,<br />
Mofos Bang Bros, Blonde</p>
<p>The post <a rel="nofollow" href="https://www.yamyhub.com/video/anal-threesome-chloe-foster-bangbros-mike-adriano/">Anal Threesome Chloe Foster Mofos Mike Adriano</a> appeared first on <a rel="nofollow" href="https://www.yamyhub.com">Yamyhub</a>.</p>
]]></content:encoded>
					
		
		
			</item>
		<item>
		<title>Tushy Older dick fucked anal Teen Chloe Foster Mick Blue</title>
		<link>https://www.yamyhub.com/video/anal-visions-older-dick-fucked-teen-chloe-foster-mick-blue/</link>
		
		<dc:creator><![CDATA[yamyhub]]></dc:creator>
		<pubDate>Fri, 14 May 2021 06:58:59 +0000</pubDate>
				<guid isPermaLink="false">http://localhost/github/?post_type=video&#038;p=2844</guid>

					<description><![CDATA[<p>Tushy Older dick fucked anal Teen Chloe Foster Mick Blue Tushy Chloe foster mick blue anal porn video. Amateur Young teen Chloe foster fucked anal from older dick ass hole fuck porn videos yamyhub. Tushy Older dick fucked Teen Chloe Foster &#8211; Mick Blue. Amateur Anal Big Dick, Blonde Cumshot, Small Tits Teen. HD Porn [&#8230;]</p>
<p>The post <a rel="nofollow" href="https://www.yamyhub.com/video/anal-visions-older-dick-fucked-teen-chloe-foster-mick-blue/">Tushy Older dick fucked anal Teen Chloe Foster Mick Blue</a> appeared first on <a rel="nofollow" href="https://www.yamyhub.com">Yamyhub</a>.</p>
]]></description>
										<content:encoded><![CDATA[<h2>Tushy Older dick fucked anal Teen Chloe Foster Mick Blue</h2>
<p>Tushy Chloe foster mick blue anal porn video. Amateur Young teen Chloe foster fucked anal from older dick ass hole fuck porn videos yamyhub. Tushy Older dick fucked Teen Chloe Foster &#8211; Mick Blue. Amateur Anal Big Dick, Blonde Cumshot, Small Tits Teen. HD Porn Porn star, Big Skinny Ass, Fuck Dick Petite, Teen Big Dick, sex videos. Cumshot Shaved, big Cock Teenager, Tushy, Doggy style Small Tits, Anal Ass To Mouth, Pussy Cum In Mouth. Watch <em>Chloe Foster</em> HD <em>porn</em> videos for free on pornhub, xvideos, Eporner, xhamster.  full length sex videos. Porn videos hd movies with <em>Chloe Foster.</em></p>
<p>The post <a rel="nofollow" href="https://www.yamyhub.com/video/anal-visions-older-dick-fucked-teen-chloe-foster-mick-blue/">Tushy Older dick fucked anal Teen Chloe Foster Mick Blue</a> appeared first on <a rel="nofollow" href="https://www.yamyhub.com">Yamyhub</a>.</p>
]]></content:encoded>
					
		
		
			</item>
	</channel>
</rss>
