<?xml version="1.0" encoding="UTF-8"?><rss version="2.0"
	xmlns:content="http://purl.org/rss/1.0/modules/content/"
	xmlns:wfw="http://wellformedweb.org/CommentAPI/"
	xmlns:dc="http://purl.org/dc/elements/1.1/"
	xmlns:atom="http://www.w3.org/2005/Atom"
	xmlns:sy="http://purl.org/rss/1.0/modules/syndication/"
	xmlns:slash="http://purl.org/rss/1.0/modules/slash/"
	>

<channel>
	<title>Angela White &#8211; Yamyhub</title>
	<atom:link href="https://www.yamyhub.com/categories/angela-white/feed/" rel="self" type="application/rss+xml" />
	<link>https://www.yamyhub.com</link>
	<description>Watch latest free HD Full length Porn video. Big ass, Big cock, MILF, Lesbian, Step sister and Step mother Porn videos. Yamyhub porn videos.</description>
	<lastBuildDate>Sun, 15 Aug 2021 11:44:54 +0000</lastBuildDate>
	<language>en-US</language>
	<sy:updatePeriod>
	hourly	</sy:updatePeriod>
	<sy:updateFrequency>
	1	</sy:updateFrequency>
	<generator>https://wordpress.org/?v=5.8</generator>

<image>
	<url>https://www.yamyhub.com/wp-content/uploads/2021/07/cropped-favicon-32x32.png</url>
	<title>Angela White &#8211; Yamyhub</title>
	<link>https://www.yamyhub.com</link>
	<width>32</width>
	<height>32</height>
</image> 
	<item>
		<title>Jules jordan Big boobs pornstar angela white ride BBC</title>
		<link>https://www.yamyhub.com/video/jules-jordan-big-boobs-pornstar-angela-white-ride-bbc/</link>
		
		<dc:creator><![CDATA[yamyhub]]></dc:creator>
		<pubDate>Sat, 14 Aug 2021 11:16:58 +0000</pubDate>
				<guid isPermaLink="false">https://www.yamyhub.com/?post_type=video&#038;p=4492</guid>

					<description><![CDATA[<p>Jules jordan Big boobs pornstar angela white ride BBC Jules jordan porn star Angela white sex porn video on daftsex. Ass hole filled with cum when black cock fucked anal big boobs porn yamyhub. Angela white has intense anal with monster big black cock at jules jordan powered by daftsex porn video. Pornstar angela white [&#8230;]</p>
<p>The post <a rel="nofollow" href="https://www.yamyhub.com/video/jules-jordan-big-boobs-pornstar-angela-white-ride-bbc/">Jules jordan Big boobs pornstar angela white ride BBC</a> appeared first on <a rel="nofollow" href="https://www.yamyhub.com">Yamyhub</a>.</p>
]]></description>
										<content:encoded><![CDATA[<h2>Jules jordan Big boobs pornstar angela white ride BBC</h2>
<p>Jules jordan porn star Angela white sex porn video on daftsex. Ass hole filled with cum when black cock fucked anal big boobs porn yamyhub. Angela white has intense anal with monster big black cock at jules jordan powered by daftsex porn video. Pornstar angela white give her fan big facial. Fantasty porn video with Angela white take down by black cock.</p>
<p>The post <a rel="nofollow" href="https://www.yamyhub.com/video/jules-jordan-big-boobs-pornstar-angela-white-ride-bbc/">Jules jordan Big boobs pornstar angela white ride BBC</a> appeared first on <a rel="nofollow" href="https://www.yamyhub.com">Yamyhub</a>.</p>
]]></content:encoded>
					
		
		
			</item>
		<item>
		<title>Big ass Busty star Angela white jump on a young guy dick</title>
		<link>https://www.yamyhub.com/video/big-ass-busty-star-angela-white-jump-on-a-young-guy-dick/</link>
		
		<dc:creator><![CDATA[yamyhub]]></dc:creator>
		<pubDate>Tue, 03 Aug 2021 11:14:21 +0000</pubDate>
				<guid isPermaLink="false">https://www.yamyhub.com/?post_type=video&#038;p=4115</guid>

					<description><![CDATA[<p>Big ass Busty star Angela white jump on a young guy dick Pornstar Angela white porn video. Big boobs &#38; big ass Angela white love to ride from Young guy dick. POV RED lingerie sex video yamyhub. Natural Big boobs Shaved pussy brunette porn star Angela white want big dick from young guy. Young guy [&#8230;]</p>
<p>The post <a rel="nofollow" href="https://www.yamyhub.com/video/big-ass-busty-star-angela-white-jump-on-a-young-guy-dick/">Big ass Busty star Angela white jump on a young guy dick</a> appeared first on <a rel="nofollow" href="https://www.yamyhub.com">Yamyhub</a>.</p>
]]></description>
										<content:encoded><![CDATA[<h2>Big ass Busty star Angela white jump on a young guy dick</h2>
<p>Pornstar Angela white porn video. Big boobs &amp; big ass Angela white love to ride from Young guy dick. POV RED lingerie sex video yamyhub. Natural Big boobs Shaved pussy brunette porn star Angela white want big dick from young guy. Young guy fuck POV to Angela white. RED lingerie big ass big boobs brunette POV porn video. Spankbang porn.</p>
<p>The post <a rel="nofollow" href="https://www.yamyhub.com/video/big-ass-busty-star-angela-white-jump-on-a-young-guy-dick/">Big ass Busty star Angela white jump on a young guy dick</a> appeared first on <a rel="nofollow" href="https://www.yamyhub.com">Yamyhub</a>.</p>
]]></content:encoded>
					
		
		
			</item>
		<item>
		<title>Big tits porn star Angela white fuck interracial black cock</title>
		<link>https://www.yamyhub.com/video/big-tits-porn-star-angela-white-fuck-interracial-black-cock/</link>
		
		<dc:creator><![CDATA[yamyhub]]></dc:creator>
		<pubDate>Mon, 26 Jul 2021 15:41:08 +0000</pubDate>
				<guid isPermaLink="false">https://www.yamyhub.com/?post_type=video&#038;p=3912</guid>

					<description><![CDATA[<p>Big tits porn star Angela white fuck interracial black cock Reality king Porn star Angela white Porn video. Big tits Busty Porn star Fucked interracial from big black cock. Angela white fuck yamyhub. Watch big tited busty mature Porn stars angela white HD new Full length porn videos. Angela white fuck interracial from big black [&#8230;]</p>
<p>The post <a rel="nofollow" href="https://www.yamyhub.com/video/big-tits-porn-star-angela-white-fuck-interracial-black-cock/">Big tits porn star Angela white fuck interracial black cock</a> appeared first on <a rel="nofollow" href="https://www.yamyhub.com">Yamyhub</a>.</p>
]]></description>
										<content:encoded><![CDATA[<h2>Big tits porn star Angela white fuck interracial black cock</h2>
<p>Reality king Porn star Angela white Porn video. Big tits Busty Porn star Fucked interracial from big black cock. Angela white fuck yamyhub. Watch big tited busty mature Porn stars angela white HD new Full length porn videos. Angela white fuck interracial from big black cock. Big boobs big tits fucked. Youporn videos Reality king porn video Xvideos porn.</p>
<p>The post <a rel="nofollow" href="https://www.yamyhub.com/video/big-tits-porn-star-angela-white-fuck-interracial-black-cock/">Big tits porn star Angela white fuck interracial black cock</a> appeared first on <a rel="nofollow" href="https://www.yamyhub.com">Yamyhub</a>.</p>
]]></content:encoded>
					
		
		
			</item>
		<item>
		<title>Big boobs mature women Angela white ava Addams fuck threesome</title>
		<link>https://www.yamyhub.com/video/big-boobs-mature-women-angela-white-ava-addams-fuck-threesome/</link>
		
		<dc:creator><![CDATA[yamyhub]]></dc:creator>
		<pubDate>Fri, 16 Jul 2021 13:15:00 +0000</pubDate>
				<guid isPermaLink="false">https://www.yamyhub.com/?post_type=video&#038;p=3712</guid>

					<description><![CDATA[<p>Big boobs mature women Angela white ava Addams fuck threesome Big boobs porn stars Angela white &#38; Ava Addams porn video. Big boobs mature women Angela white Ava Addams fuck threesome FFM. Manuel Ferrara Angela white porn video. Ava Addams porn video. big boobs porn stars mature women porn video. threesome porn FFM Female female [&#8230;]</p>
<p>The post <a rel="nofollow" href="https://www.yamyhub.com/video/big-boobs-mature-women-angela-white-ava-addams-fuck-threesome/">Big boobs mature women Angela white ava Addams fuck threesome</a> appeared first on <a rel="nofollow" href="https://www.yamyhub.com">Yamyhub</a>.</p>
]]></description>
										<content:encoded><![CDATA[<h2>Big boobs mature women Angela white ava Addams fuck threesome</h2>
<p>Big boobs porn stars Angela white &amp; Ava Addams porn video. Big boobs mature women Angela white Ava Addams fuck threesome FFM. Manuel Ferrara Angela white porn video. Ava Addams porn video. big boobs porn stars mature women porn video. threesome porn FFM Female female male porn Manuel Ferrara porn video. TXXX video xvideos.</p>
<p>The post <a rel="nofollow" href="https://www.yamyhub.com/video/big-boobs-mature-women-angela-white-ava-addams-fuck-threesome/">Big boobs mature women Angela white ava Addams fuck threesome</a> appeared first on <a rel="nofollow" href="https://www.yamyhub.com">Yamyhub</a>.</p>
]]></content:encoded>
					
		
		
			</item>
		<item>
		<title>big tits big butt Angela white Fuck Manuel Ferrara Dick</title>
		<link>https://www.yamyhub.com/video/big-tits-big-butt-angela-white-fuck-manuel-ferrara-dick/</link>
		
		<dc:creator><![CDATA[yamyhub]]></dc:creator>
		<pubDate>Fri, 16 Jul 2021 12:55:58 +0000</pubDate>
				<guid isPermaLink="false">https://www.yamyhub.com/?post_type=video&#038;p=3710</guid>

					<description><![CDATA[<p>big tits big butt Angela white Fuck Manuel Ferrara Dick Angela white &#38; Manuel Ferrara porn video. Big tits big butt mature Girl Angela white Fuck Manuel Ferrara Big dick fuck pussy porn yamyhub. big tits mature women porn video. Angela white porn video latest Angela white porn video. Manuel Ferrara fuck Angela white Manuel [&#8230;]</p>
<p>The post <a rel="nofollow" href="https://www.yamyhub.com/video/big-tits-big-butt-angela-white-fuck-manuel-ferrara-dick/">big tits big butt Angela white Fuck Manuel Ferrara Dick</a> appeared first on <a rel="nofollow" href="https://www.yamyhub.com">Yamyhub</a>.</p>
]]></description>
										<content:encoded><![CDATA[<h2>big tits big butt Angela white Fuck Manuel Ferrara Dick</h2>
<p>Angela white &amp; Manuel Ferrara porn video. Big tits big butt mature Girl Angela white Fuck Manuel Ferrara Big dick fuck pussy porn yamyhub. big tits mature women porn video. Angela white porn video latest Angela white porn video. Manuel Ferrara fuck Angela white Manuel Ferrara porn video. big butt porn video big tits porn video. Eporner video xhamster video.</p>
<p>The post <a rel="nofollow" href="https://www.yamyhub.com/video/big-tits-big-butt-angela-white-fuck-manuel-ferrara-dick/">big tits big butt Angela white Fuck Manuel Ferrara Dick</a> appeared first on <a rel="nofollow" href="https://www.yamyhub.com">Yamyhub</a>.</p>
]]></content:encoded>
					
		
		
			</item>
		<item>
		<title>Big ass big boobs oiled Angela white Anal fuck From big cock</title>
		<link>https://www.yamyhub.com/video/big-ass-big-boobs-oiled-angela-white-anal-fuck-from-big-cock/</link>
		
		<dc:creator><![CDATA[yamyhub]]></dc:creator>
		<pubDate>Fri, 16 Jul 2021 12:37:58 +0000</pubDate>
				<guid isPermaLink="false">https://www.yamyhub.com/?post_type=video&#038;p=3708</guid>

					<description><![CDATA[<p>Big ass big boobs oiled Angela white Anal fuck From big cock Elegant angel &#38; Angela white porn video. Big ass big boobs oiled girl Angela white fuck anal from big cock elegant angel porn videos. yamyhub Angela white anal porn video. latest big ass porn videos big boobs oiled girl Angela white porn. Angela [&#8230;]</p>
<p>The post <a rel="nofollow" href="https://www.yamyhub.com/video/big-ass-big-boobs-oiled-angela-white-anal-fuck-from-big-cock/">Big ass big boobs oiled Angela white Anal fuck From big cock</a> appeared first on <a rel="nofollow" href="https://www.yamyhub.com">Yamyhub</a>.</p>
]]></description>
										<content:encoded><![CDATA[<h2>Big ass big boobs oiled Angela white Anal fuck From big cock</h2>
<p>Elegant angel &amp; Angela white porn video. Big ass big boobs oiled girl Angela white fuck anal from big cock elegant angel porn videos. yamyhub Angela white anal porn video. latest big ass porn videos big boobs oiled girl Angela white porn. Angela white anal fuck from big cock asshole porn Youporn video  daftsex videos. elegant angel porn oiled porn videos.</p>
<p>The post <a rel="nofollow" href="https://www.yamyhub.com/video/big-ass-big-boobs-oiled-angela-white-anal-fuck-from-big-cock/">Big ass big boobs oiled Angela white Anal fuck From big cock</a> appeared first on <a rel="nofollow" href="https://www.yamyhub.com">Yamyhub</a>.</p>
]]></content:encoded>
					
		
		
			</item>
		<item>
		<title>Dr. Angela white Give body Exam to Michael Vegas adult time</title>
		<link>https://www.yamyhub.com/video/dr-angela-white-give-body-exam-to-michael-vegas-adult-time/</link>
		
		<dc:creator><![CDATA[yamyhub]]></dc:creator>
		<pubDate>Fri, 16 Jul 2021 12:02:57 +0000</pubDate>
				<guid isPermaLink="false">https://www.yamyhub.com/?post_type=video&#038;p=3704</guid>

					<description><![CDATA[<p>Dr. Angela white Give body Exam to Michael Vegas adult time Adult time &#38; Angela white porn videos. Dr. Angela white fuck from examiner Michael Vegas while doing full body exam nurse porn video. Yamyhub Angela white porn video. latest Angela porn video Michael Vegas fuck Angela white nurse porn video. adult time porn video [&#8230;]</p>
<p>The post <a rel="nofollow" href="https://www.yamyhub.com/video/dr-angela-white-give-body-exam-to-michael-vegas-adult-time/">Dr. Angela white Give body Exam to Michael Vegas adult time</a> appeared first on <a rel="nofollow" href="https://www.yamyhub.com">Yamyhub</a>.</p>
]]></description>
										<content:encoded><![CDATA[<h2>Dr. Angela white Give body Exam to Michael Vegas adult time</h2>
<p>Adult time &amp; Angela white porn videos. Dr. Angela white fuck from examiner Michael Vegas while doing full body exam nurse porn video. Yamyhub Angela white porn video. latest Angela porn video Michael Vegas fuck Angela white nurse porn video. adult time porn video TXXX porn spankbang porn video. blowjob big tits free porn videos.</p>
<p>The post <a rel="nofollow" href="https://www.yamyhub.com/video/dr-angela-white-give-body-exam-to-michael-vegas-adult-time/">Dr. Angela white Give body Exam to Michael Vegas adult time</a> appeared first on <a rel="nofollow" href="https://www.yamyhub.com">Yamyhub</a>.</p>
]]></content:encoded>
					
		
		
			</item>
		<item>
		<title>Angela white &#038; Madison Ivy Fuck each other pussy lesbian</title>
		<link>https://www.yamyhub.com/video/angela-white-madison-ivy-fuck-each-other-pussy-lesbian/</link>
		
		<dc:creator><![CDATA[yamyhub]]></dc:creator>
		<pubDate>Mon, 05 Jul 2021 12:04:41 +0000</pubDate>
				<guid isPermaLink="false">https://www.yamyhub.com/?post_type=video&#038;p=3536</guid>

					<description><![CDATA[<p>Angela white &#38; Madison Ivy Fuck each other pussy lesbian Lesbian Porn video Angela white &#38; Madison Ivy use sex toys to lick and fuck each other pussy oiled girl porn lesbian girl yamyhub lesbian porn videos sex toys porn video dildo and vibrator dildo porn video sex toys fuck pussy lesbian use vibrator fuck [&#8230;]</p>
<p>The post <a rel="nofollow" href="https://www.yamyhub.com/video/angela-white-madison-ivy-fuck-each-other-pussy-lesbian/">Angela white &#038; Madison Ivy Fuck each other pussy lesbian</a> appeared first on <a rel="nofollow" href="https://www.yamyhub.com">Yamyhub</a>.</p>
]]></description>
										<content:encoded><![CDATA[<h2>Angela white &amp; Madison Ivy Fuck each other pussy lesbian</h2>
<p>Lesbian Porn video Angela white &amp; Madison Ivy use sex toys to lick and fuck each other pussy oiled girl porn lesbian girl yamyhub lesbian porn videos sex toys porn video dildo and vibrator dildo porn video sex toys fuck pussy lesbian use vibrator fuck pussy using vibrator.</p>
<p>The post <a rel="nofollow" href="https://www.yamyhub.com/video/angela-white-madison-ivy-fuck-each-other-pussy-lesbian/">Angela white &#038; Madison Ivy Fuck each other pussy lesbian</a> appeared first on <a rel="nofollow" href="https://www.yamyhub.com">Yamyhub</a>.</p>
]]></content:encoded>
					
		
		
			</item>
		<item>
		<title>Angela white &#038; Keisha grey have lesbian sex During massage</title>
		<link>https://www.yamyhub.com/video/angela-white-keisha-grey-have-lesbian-sex-during-massage/</link>
		
		<dc:creator><![CDATA[yamyhub]]></dc:creator>
		<pubDate>Mon, 21 Jun 2021 13:56:10 +0000</pubDate>
				<guid isPermaLink="false">https://www.yamyhub.com/?post_type=video&#038;p=3419</guid>

					<description><![CDATA[<p>Angela white &#38; Keisha grey have lesbian sex During massage Angela white porn videos, Angela white lesbian sex, watch latest angela white lesbian porn videos new lesbian porn videos. Keisha grey porn videos, Keisha grey lesbian sex with angela white.</p>
<p>The post <a rel="nofollow" href="https://www.yamyhub.com/video/angela-white-keisha-grey-have-lesbian-sex-during-massage/">Angela white &#038; Keisha grey have lesbian sex During massage</a> appeared first on <a rel="nofollow" href="https://www.yamyhub.com">Yamyhub</a>.</p>
]]></description>
										<content:encoded><![CDATA[<h2>Angela white &amp; Keisha grey have lesbian sex During massage</h2>
<p>Angela white porn videos, Angela white lesbian sex, watch latest angela white lesbian porn videos new lesbian porn videos. Keisha grey porn videos, Keisha grey lesbian sex with angela white.</p>
<p>The post <a rel="nofollow" href="https://www.yamyhub.com/video/angela-white-keisha-grey-have-lesbian-sex-during-massage/">Angela white &#038; Keisha grey have lesbian sex During massage</a> appeared first on <a rel="nofollow" href="https://www.yamyhub.com">Yamyhub</a>.</p>
]]></content:encoded>
					
		
		
			</item>
		<item>
		<title>Abella danger, Angela white &#038; krissy lynn Fuck girlsway office</title>
		<link>https://www.yamyhub.com/video/abella-danger-angela-white-krissy-lynn-fuck-girlsway-office/</link>
		
		<dc:creator><![CDATA[yamyhub]]></dc:creator>
		<pubDate>Thu, 17 Jun 2021 09:54:04 +0000</pubDate>
				<guid isPermaLink="false">https://www.yamyhub.com/?post_type=video&#038;p=3391</guid>

					<description><![CDATA[<p>Abella danger, Angela white &#38; krissy lynn Fuck girlsway office Big ass porn video, lesbian porn videos, big tits porn big ass angela white porn video. angela white lesbian porn. abella danger lesbian porn abella danger. krissy lynn porn lesbian krissy lynn porn.</p>
<p>The post <a rel="nofollow" href="https://www.yamyhub.com/video/abella-danger-angela-white-krissy-lynn-fuck-girlsway-office/">Abella danger, Angela white &#038; krissy lynn Fuck girlsway office</a> appeared first on <a rel="nofollow" href="https://www.yamyhub.com">Yamyhub</a>.</p>
]]></description>
										<content:encoded><![CDATA[<h2>Abella danger, Angela white &amp; krissy lynn Fuck girlsway office</h2>
<p>Big ass porn video, lesbian porn videos, big tits porn big ass angela white porn video. angela white lesbian porn. abella danger lesbian porn abella danger. krissy lynn porn lesbian krissy lynn porn.</p>
<p>The post <a rel="nofollow" href="https://www.yamyhub.com/video/abella-danger-angela-white-krissy-lynn-fuck-girlsway-office/">Abella danger, Angela white &#038; krissy lynn Fuck girlsway office</a> appeared first on <a rel="nofollow" href="https://www.yamyhub.com">Yamyhub</a>.</p>
]]></content:encoded>
					
		
		
			</item>
	</channel>
</rss>
