<?xml version="1.0" encoding="UTF-8"?><rss version="2.0"
	xmlns:content="http://purl.org/rss/1.0/modules/content/"
	xmlns:wfw="http://wellformedweb.org/CommentAPI/"
	xmlns:dc="http://purl.org/dc/elements/1.1/"
	xmlns:atom="http://www.w3.org/2005/Atom"
	xmlns:sy="http://purl.org/rss/1.0/modules/syndication/"
	xmlns:slash="http://purl.org/rss/1.0/modules/slash/"
	>

<channel>
	<title>Elsa Jean &#8211; Yamyhub</title>
	<atom:link href="https://www.yamyhub.com/categories/elsa-jean/feed/" rel="self" type="application/rss+xml" />
	<link>https://www.yamyhub.com</link>
	<description>Watch latest free HD Full length Porn video. Big ass, Big cock, MILF, Lesbian, Step sister and Step mother Porn videos. Yamyhub porn videos.</description>
	<lastBuildDate>Tue, 10 Aug 2021 10:56:34 +0000</lastBuildDate>
	<language>en-US</language>
	<sy:updatePeriod>
	hourly	</sy:updatePeriod>
	<sy:updateFrequency>
	1	</sy:updateFrequency>
	<generator>https://wordpress.org/?v=5.8</generator>

<image>
	<url>https://www.yamyhub.com/wp-content/uploads/2021/07/cropped-favicon-32x32.png</url>
	<title>Elsa Jean &#8211; Yamyhub</title>
	<link>https://www.yamyhub.com</link>
	<width>32</width>
	<height>32</height>
</image> 
	<item>
		<title>Bratty sis Stepsister want cock for valentine day Elsa jean</title>
		<link>https://www.yamyhub.com/video/bratty-sis-stepsister-want-cock-for-valentine-day-elsa-jean/</link>
		
		<dc:creator><![CDATA[yamyhub]]></dc:creator>
		<pubDate>Mon, 02 Aug 2021 11:39:10 +0000</pubDate>
				<guid isPermaLink="false">https://www.yamyhub.com/?post_type=video&#038;p=4098</guid>

					<description><![CDATA[<p>Bratty sis Stepsister want cock for valentine day Elsa jean Bratty sis pornstar Elsa jean Porn video. Hot stepsister Love to her pussy &#38; want cock For valentine day gift. Stepsister porn video yamyhub. Fuck stepsister and cum inside her pussy. Stepsister want massage from stepbrother and fucked inside her pussy. Valentine day stepsister love [&#8230;]</p>
<p>The post <a rel="nofollow" href="https://www.yamyhub.com/video/bratty-sis-stepsister-want-cock-for-valentine-day-elsa-jean/">Bratty sis Stepsister want cock for valentine day Elsa jean</a> appeared first on <a rel="nofollow" href="https://www.yamyhub.com">Yamyhub</a>.</p>
]]></description>
										<content:encoded><![CDATA[<h2>Bratty sis Stepsister want cock for valentine day Elsa jean</h2>
<p>Bratty sis pornstar Elsa jean Porn video. Hot stepsister Love to her pussy &amp; want cock For valentine day gift. Stepsister porn video yamyhub. Fuck stepsister and cum inside her pussy. Stepsister want massage from stepbrother and fucked inside her pussy. Valentine day stepsister love for cock. Bratty sis TXXX porn video</p>
<p>The post <a rel="nofollow" href="https://www.yamyhub.com/video/bratty-sis-stepsister-want-cock-for-valentine-day-elsa-jean/">Bratty sis Stepsister want cock for valentine day Elsa jean</a> appeared first on <a rel="nofollow" href="https://www.yamyhub.com">Yamyhub</a>.</p>
]]></content:encoded>
					
		
		
			</item>
		<item>
		<title>Abella danger &#038; Elsa Jean Lick &#038; fuck each pussies</title>
		<link>https://www.yamyhub.com/video/abella-danger-elsa-jean-lick-fuck-each-pussies/</link>
		
		<dc:creator><![CDATA[yamyhub]]></dc:creator>
		<pubDate>Tue, 22 Jun 2021 06:00:57 +0000</pubDate>
				<guid isPermaLink="false">https://www.yamyhub.com/?post_type=video&#038;p=3437</guid>

					<description><![CDATA[<p>Abella danger &#38; Elsa Jean Lick &#38; fuck each pussies lesbian porn videos lesbian porn abella danger elsa jean porn videos abella danger xxx videos xxx elsa jean fuck and lick each other pussy elsa jean porn. big ass porn videos.</p>
<p>The post <a rel="nofollow" href="https://www.yamyhub.com/video/abella-danger-elsa-jean-lick-fuck-each-pussies/">Abella danger &#038; Elsa Jean Lick &#038; fuck each pussies</a> appeared first on <a rel="nofollow" href="https://www.yamyhub.com">Yamyhub</a>.</p>
]]></description>
										<content:encoded><![CDATA[<h2>Abella danger &amp; Elsa Jean Lick &amp; fuck each pussies</h2>
<p>lesbian porn videos lesbian porn abella danger elsa jean porn videos abella danger xxx videos xxx elsa jean fuck and lick each other pussy elsa jean porn. big ass porn videos.</p>
<p>The post <a rel="nofollow" href="https://www.yamyhub.com/video/abella-danger-elsa-jean-lick-fuck-each-pussies/">Abella danger &#038; Elsa Jean Lick &#038; fuck each pussies</a> appeared first on <a rel="nofollow" href="https://www.yamyhub.com">Yamyhub</a>.</p>
]]></content:encoded>
					
		
		
			</item>
	</channel>
</rss>
