<?xml version="1.0" encoding="UTF-8"?><rss version="2.0"
	xmlns:content="http://purl.org/rss/1.0/modules/content/"
	xmlns:wfw="http://wellformedweb.org/CommentAPI/"
	xmlns:dc="http://purl.org/dc/elements/1.1/"
	xmlns:atom="http://www.w3.org/2005/Atom"
	xmlns:sy="http://purl.org/rss/1.0/modules/syndication/"
	xmlns:slash="http://purl.org/rss/1.0/modules/slash/"
	>

<channel>
	<title>Lexi Fuchs &#8211; Yamyhub</title>
	<atom:link href="https://www.yamyhub.com/categories/lexi-fuchs/feed/" rel="self" type="application/rss+xml" />
	<link>https://www.yamyhub.com</link>
	<description>Watch latest free HD Full length Porn video. Big ass, Big cock, MILF, Lesbian, Step sister and Step mother Porn videos. Yamyhub porn videos.</description>
	<lastBuildDate>Fri, 16 Jul 2021 12:41:08 +0000</lastBuildDate>
	<language>en-US</language>
	<sy:updatePeriod>
	hourly	</sy:updatePeriod>
	<sy:updateFrequency>
	1	</sy:updateFrequency>
	<generator>https://wordpress.org/?v=5.7.2</generator>

<image>
	<url>https://www.yamyhub.com/wp-content/uploads/2021/06/favicon.png</url>
	<title>Lexi Fuchs &#8211; Yamyhub</title>
	<link>https://www.yamyhub.com</link>
	<width>32</width>
	<height>32</height>
</image> 
	<item>
		<title>Young teen Lexi Fuchs Fuck hardcore by Mick Blue big dick</title>
		<link>https://www.yamyhub.com/video/young-teen-lexi-fuchs-fuck-hardcore-by-mick-blue-big-dick/</link>
		
		<dc:creator><![CDATA[yamyhub]]></dc:creator>
		<pubDate>Mon, 12 Jul 2021 01:34:24 +0000</pubDate>
				<guid isPermaLink="false">https://www.yamyhub.com/?post_type=video&#038;p=3597</guid>

					<description><![CDATA[<p>Young teen Lexi Fuchs Fuck hardcore by Mick Blue big dick Vixen teen porn video Young teen Lexi Fuchs fuck hardcore By Mick blue Big dick Big cock fuck pussy and ass vixen porn video yamyhub vixen porn video Lexi Fuchs fuck hardcore porn Lexi Fuchs ass and pussy fuck Mick blue blue porn video [&#8230;]</p>
<p>The post <a rel="nofollow" href="https://www.yamyhub.com/video/young-teen-lexi-fuchs-fuck-hardcore-by-mick-blue-big-dick/">Young teen Lexi Fuchs Fuck hardcore by Mick Blue big dick</a> appeared first on <a rel="nofollow" href="https://www.yamyhub.com">Yamyhub</a>.</p>
]]></description>
										<content:encoded><![CDATA[<h2>Young teen Lexi Fuchs Fuck hardcore by Mick Blue big dick</h2>
<p>Vixen teen porn video Young teen Lexi Fuchs fuck hardcore By Mick blue Big dick Big cock fuck pussy and ass vixen porn video yamyhub vixen porn video Lexi Fuchs fuck hardcore porn Lexi Fuchs ass and pussy fuck Mick blue blue porn video young porn.</p>
<p>The post <a rel="nofollow" href="https://www.yamyhub.com/video/young-teen-lexi-fuchs-fuck-hardcore-by-mick-blue-big-dick/">Young teen Lexi Fuchs Fuck hardcore by Mick Blue big dick</a> appeared first on <a rel="nofollow" href="https://www.yamyhub.com">Yamyhub</a>.</p>
]]></content:encoded>
					
		
		
			</item>
	</channel>
</rss>
