<?xml version="1.0" encoding="UTF-8"?><rss version="2.0"
	xmlns:content="http://purl.org/rss/1.0/modules/content/"
	xmlns:wfw="http://wellformedweb.org/CommentAPI/"
	xmlns:dc="http://purl.org/dc/elements/1.1/"
	xmlns:atom="http://www.w3.org/2005/Atom"
	xmlns:sy="http://purl.org/rss/1.0/modules/syndication/"
	xmlns:slash="http://purl.org/rss/1.0/modules/slash/"
	>

<channel>
	<title>Evil Angel &#8211; Yamyhub</title>
	<atom:link href="https://www.yamyhub.com/categories/evil-angel/feed/" rel="self" type="application/rss+xml" />
	<link>https://www.yamyhub.com</link>
	<description>Watch latest free HD Full length Porn video. Big ass, Big cock, MILF, Lesbian, Step sister and Step mother Porn videos. Yamyhub porn videos.</description>
	<lastBuildDate>Tue, 10 Aug 2021 16:51:16 +0000</lastBuildDate>
	<language>en-US</language>
	<sy:updatePeriod>
	hourly	</sy:updatePeriod>
	<sy:updateFrequency>
	1	</sy:updateFrequency>
	<generator>https://wordpress.org/?v=5.8</generator>

<image>
	<url>https://www.yamyhub.com/wp-content/uploads/2021/07/cropped-favicon-32x32.png</url>
	<title>Evil Angel &#8211; Yamyhub</title>
	<link>https://www.yamyhub.com</link>
	<width>32</width>
	<height>32</height>
</image> 
	<item>
		<title>Evil angel Violet Starr &#038; her mommy&#8217;s Francesca Le scissoring</title>
		<link>https://www.yamyhub.com/video/evil-angel-violet-starr-her-mommys-francesca-le-scissoring/</link>
		
		<dc:creator><![CDATA[yamyhub]]></dc:creator>
		<pubDate>Mon, 02 Aug 2021 13:53:50 +0000</pubDate>
				<guid isPermaLink="false">https://www.yamyhub.com/?post_type=video&#038;p=4106</guid>

					<description><![CDATA[<p>Evil angel Violet Starr &#38; her mommy&#8217;s Francesca Le scissoring Evil angel Porn star Violet Starr Francesca Le porn video. Two hot chicks including Violet Starr fucked by big cock. Threesome FFM porn. Two beautiful brunettes women want cock inside her pussy and ass hole. Ass hole fucked by big cock and cum in mouth. [&#8230;]</p>
<p>The post <a rel="nofollow" href="https://www.yamyhub.com/video/evil-angel-violet-starr-her-mommys-francesca-le-scissoring/">Evil angel Violet Starr &#038; her mommy&#8217;s Francesca Le scissoring</a> appeared first on <a rel="nofollow" href="https://www.yamyhub.com">Yamyhub</a>.</p>
]]></description>
										<content:encoded><![CDATA[<h2>Evil angel Violet Starr &amp; her mommy&#8217;s Francesca Le scissoring</h2>
<p>Evil angel Porn star Violet Starr Francesca Le porn video. Two hot chicks including Violet Starr fucked by big cock. Threesome FFM porn. Two beautiful brunettes women want cock inside her pussy and ass hole. Ass hole fucked by big cock and cum in mouth. Evil angel scissoring porn videos. Francesca Le &amp; Violet Starr latest sex movies XXX. YouPorn videos.</p>
<p>The post <a rel="nofollow" href="https://www.yamyhub.com/video/evil-angel-violet-starr-her-mommys-francesca-le-scissoring/">Evil angel Violet Starr &#038; her mommy&#8217;s Francesca Le scissoring</a> appeared first on <a rel="nofollow" href="https://www.yamyhub.com">Yamyhub</a>.</p>
]]></content:encoded>
					
		
		
			</item>
		<item>
		<title>Evil angel Hot pussy &#038; blowjob gift on birthday Aidra fox</title>
		<link>https://www.yamyhub.com/video/evil-angel-hot-pussy-blowjob-gift-on-birthday-aidra-fox/</link>
		
		<dc:creator><![CDATA[yamyhub]]></dc:creator>
		<pubDate>Fri, 30 Jul 2021 07:16:55 +0000</pubDate>
				<guid isPermaLink="false">https://www.yamyhub.com/?post_type=video&#038;p=3973</guid>

					<description><![CDATA[<p>Evil angel Hot pussy &#38; blowjob gift on birthday Aidra fox Evilangel Porn star Aidra fox Porn videos. hot Pussy &#38; blowjob gift on birthday. Aidra fox get pleasant surprise on anal porn yamyhub. Evilangel latest HD full length porn videos. unexpected cumshot for busty porn star Aidra fox sex videos. surprise sex for Aidra [&#8230;]</p>
<p>The post <a rel="nofollow" href="https://www.yamyhub.com/video/evil-angel-hot-pussy-blowjob-gift-on-birthday-aidra-fox/">Evil angel Hot pussy &#038; blowjob gift on birthday Aidra fox</a> appeared first on <a rel="nofollow" href="https://www.yamyhub.com">Yamyhub</a>.</p>
]]></description>
										<content:encoded><![CDATA[<h2>Evil angel Hot pussy &amp; blowjob gift on birthday Aidra fox</h2>
<p>Evilangel Porn star Aidra fox Porn videos. hot Pussy &amp; blowjob gift on birthday. Aidra fox get pleasant surprise on anal porn yamyhub. Evilangel latest HD full length porn videos. unexpected cumshot for busty porn star Aidra fox sex videos. surprise sex for Aidra fox with blowjob and pussy gift to husband on birthday. Evilangel Aidra fox daftsex XNXX porn.</p>
<p>The post <a rel="nofollow" href="https://www.yamyhub.com/video/evil-angel-hot-pussy-blowjob-gift-on-birthday-aidra-fox/">Evil angel Hot pussy &#038; blowjob gift on birthday Aidra fox</a> appeared first on <a rel="nofollow" href="https://www.yamyhub.com">Yamyhub</a>.</p>
]]></content:encoded>
					
		
		
			</item>
		<item>
		<title>Angela White Ass Fucked Dick Toys anal porn</title>
		<link>https://www.yamyhub.com/video/angela-white-ass-fucked-dick-toys-anal-porn-evilangel/</link>
		
		<dc:creator><![CDATA[yamyhub]]></dc:creator>
		<pubDate>Fri, 14 May 2021 11:34:31 +0000</pubDate>
				<guid isPermaLink="false">http://localhost/github/?post_type=video&#038;p=2847</guid>

					<description><![CDATA[<p>Angela White Ass Fucked Dick Toys anal porn Angela White Pussy and Ass Fucked with Dick &#38; Toys anal porn &#8211; Evil Angel. Anal porn, Big Dick porn, Big Tits porn, Female porn. Orgasm, HD Porn, MILF, Pornstar, Rough Sex, Squirt. Watch ass fuck nude Angela White fuck hard anal sex in full-length. Threesome, lesbian [&#8230;]</p>
<p>The post <a rel="nofollow" href="https://www.yamyhub.com/video/angela-white-ass-fucked-dick-toys-anal-porn-evilangel/">Angela White Ass Fucked Dick Toys anal porn</a> appeared first on <a rel="nofollow" href="https://www.yamyhub.com">Yamyhub</a>.</p>
]]></description>
										<content:encoded><![CDATA[<h2>Angela White Ass Fucked Dick Toys anal porn</h2>
<p>Angela White Pussy and Ass Fucked with Dick &amp; Toys anal porn &#8211; Evil Angel. Anal porn, Big Dick porn, Big Tits porn, Female porn. Orgasm, HD Porn, MILF, Pornstar, Rough Sex, Squirt. Watch ass fuck nude <em>Angela White</em> fuck hard <em>anal</em> sex in full-length. Threesome, lesbian and POV Pornstar porn videos on pornhub.</p>
<p>The post <a rel="nofollow" href="https://www.yamyhub.com/video/angela-white-ass-fucked-dick-toys-anal-porn-evilangel/">Angela White Ass Fucked Dick Toys anal porn</a> appeared first on <a rel="nofollow" href="https://www.yamyhub.com">Yamyhub</a>.</p>
]]></content:encoded>
					
		
		
			</item>
	</channel>
</rss>
