45b5
<?xml version="1.0" encoding="UTF-8"?><rss version="2.0"
	xmlns:content="http://purl.org/rss/1.0/modules/content/"
	xmlns:wfw="http://wellformedweb.org/CommentAPI/"
	xmlns:dc="http://purl.org/dc/elements/1.1/"
	xmlns:atom="http://www.w3.org/2005/Atom"
	xmlns:sy="http://purl.org/rss/1.0/modules/syndication/"
	xmlns:slash="http://purl.org/rss/1.0/modules/slash/"
	>

<channel>
	<title>BANGBROS &#8211; Yamyhub</title>
	<atom:link href="https://www.yamyhub.com/categories/bangbros/feed/" rel="self" type="application/rss+xml" />
	<link>https://www.yamyhub.com</link>
	<description>Watch latest free HD Full length Porn video. Big ass, Big cock, MILF, Lesbian, Step sister and Step mother Porn videos. Yamyhub porn videos.</description>
	<lastBuildDate>Sun, 18 Jul 2021 03:20:43 +0000</lastBuildDate>
	<language>en-US</language>
	<sy:updatePeriod>
	hourly	</sy:updatePeriod>
	<sy:updateFrequency>
	1	</sy:updateFrequency>
	<generator>https://wordpress.org/?v=5.7.2</generator>

<image>
	<url>https://www.yamyhub.com/wp-content/uploads/2021/06/favicon.png</url>
	<title>BANGBROS &#8211; Yamyhub</title>
	<link>https://www.yamyhub.com</link>
	<width>32</width>
	<height>32</height>
</image> 
	<item>
		<title>Skinny young bitch Emily Willis has sex with boyfriend&#8217;s father</title>
		<link>https://www.yamyhub.com/video/skinny-young-bitch-emily-willis-has-sex-with-boyfriends-father/</link>
		
		<dc:creator><![CDATA[yamyhub]]></dc:creator>
		<pubDate>Sun, 11 Jul 2021 09:58:04 +0000</pubDate>
				<guid isPermaLink="false">https://www.yamyhub.com/?post_type=video&#038;p=3587</guid>

					<description><![CDATA[<p>Skinny young bitch Emily Willis has sex with boyfriend&#8217;s father Bangbros family porn video Skinny young bitch teen Emily willis has sex with her boyfriend father family porn video yamyhub bangbros porn video latest family bangbros porn video Emily willis porn video Emily willis sex with her boyfrind&#8217; father father fuck her daughter fuck daughter.</p>
<p>The post <a rel="nofollow" href="https://www.yamyhub.com/video/skinny-young-bitch-emily-willis-has-sex-with-boyfriends-father/">Skinny young bitch Emily Willis has sex with boyfriend&#8217;s father</a> appeared first on <a rel="nofollow" href="https://www.yamyhub.com">Yamyhub</a>.</p>
]]></description>
										<content:encoded><![CDATA[<h2>Skinny young bitch Emily Willis has sex with boyfriend&#8217;s father</h2>
<p>Bangbros family porn video Skinny young bitch teen Emily willis has sex with her boyfriend father family porn video yamyhub bangbros porn video latest family bangbros porn video Emily willis porn video Emily willis sex with her boyfrind&#8217; father father fuck her daughter fuck daughter.</p>
<p>The post <a rel="nofollow" href="https://www.yamyhub.com/video/skinny-young-bitch-emily-willis-has-sex-with-boyfriends-father/">Skinny young bitch Emily Willis has sex with boyfriend&#8217;s father</a> appeared first on <a rel="nofollow" href="https://www.yamyhub.com">Yamyhub</a>.</p>
]]></content:encoded>
					
		
		
			</item>
		<item>
		<title>Anissa Kate Fuck Double penetration mick blue markus dupree</title>
		<link>https://www.yamyhub.com/video/anissa-keith-fuck-double-penetration-mick-blue-markus-dupree/</link>
		
		<dc:creator><![CDATA[yamyhub]]></dc:creator>
		<pubDate>Wed, 07 Jul 2021 07:50:57 +0000</pubDate>
				<guid isPermaLink="false">https://www.yamyhub.com/?post_type=video&#038;p=3557</guid>

					<description><![CDATA[<p>Anissa Kate Fuck Double penetration mick blue Markus dupree Bangbros double penetration threesome porn video Anissa kate Fuck double penetration by Mick blue &#38; Markus dupree threesome porn yamyhub bangbros porn video double penetration porn video threesome porn MMF porn Male male Female Markus dupree mick blue porn anissa kate porn video.</p>
<p>The post <a rel="nofollow" href="https://www.yamyhub.com/video/anissa-keith-fuck-double-penetration-mick-blue-markus-dupree/">Anissa Kate Fuck Double penetration mick blue markus dupree</a> appeared first on <a rel="nofollow" href="https://www.yamyhub.com">Yamyhub</a>.</p>
]]></description>
										<content:encoded><![CDATA[<h2>Anissa Kate Fuck Double penetration mick blue Markus dupree</h2>
<p>Bangbros double penetration threesome porn video Anissa kate Fuck double penetration by Mick blue &amp; Markus dupree threesome porn yamyhub bangbros porn video double penetration porn video threesome porn MMF porn Male male Female Markus dupree mick blue porn anissa kate porn video.</p>
<p>The post <a rel="nofollow" href="https://www.yamyhub.com/video/anissa-keith-fuck-double-penetration-mick-blue-markus-dupree/">Anissa Kate Fuck Double penetration mick blue markus dupree</a> appeared first on <a rel="nofollow" href="https://www.yamyhub.com">Yamyhub</a>.</p>
]]></content:encoded>
					
		
		
			</item>
		<item>
		<title>MILF Natasha nice Fuck Interracial black cock Bangbros</title>
		<link>https://www.yamyhub.com/video/milf-natasha-nice-fuck-interracial-black-cock-bangbros/</link>
		
		<dc:creator><![CDATA[yamyhub]]></dc:creator>
		<pubDate>Sat, 03 Jul 2021 05:35:48 +0000</pubDate>
				<guid isPermaLink="false">https://www.yamyhub.com/?post_type=video&#038;p=3509</guid>

					<description><![CDATA[<p>MILF Natasha nice Fuck Interracial black cock Bangbros bangbros Big Black cock porn video MILF Natasha nice Fuck Interracial by Big black cock bangbros porn videos yamyhub porn video BBC porn video big black cock porn big ass natasha nice porn video natasha nice fuck by black cock black cock porn videos.</p>
<p>The post <a rel="nofollow" href="https://www.yamyhub.com/video/milf-natasha-nice-fuck-interracial-black-cock-bangbros/">MILF Natasha nice Fuck Interracial black cock Bangbros</a> appeared first on <a rel="nofollow" href="https://www.yamyhub.com">Yamyhub</a>.</p>
]]></description>
										<content:encoded><![CDATA[<h2>MILF Natasha nice Fuck Interracial black cock Bangbros</h2>
<p>bangbros Big Black cock porn video MILF Natasha nice Fuck Interracial by Big black cock bangbros porn videos yamyhub porn video BBC porn video big black cock porn big ass natasha nice porn video natasha nice fuck by black cock black cock porn videos.</p>
<p>The post <a rel="nofollow" href="https://www.yamyhub.com/video/milf-natasha-nice-fuck-interracial-black-cock-bangbros/">MILF Natasha nice Fuck Interracial black cock Bangbros</a> appeared first on <a rel="nofollow" href="https://www.yamyhub.com">Yamyhub</a>.</p>
]]></content:encoded>
					
		
		
			</item>
		<item>
		<title>Rachel Rose, Tiffany Valentine &#038; mia khalifa suck cock during game</title>
		<link>https://www.yamyhub.com/video/rachel-rose-tiffany-valentine-mia-khalifa-suck-cock-during-game/</link>
		
		<dc:creator><![CDATA[yamyhub]]></dc:creator>
		<pubDate>Tue, 22 Jun 2021 03:17:41 +0000</pubDate>
				<guid isPermaLink="false">https://www.yamyhub.com/?post_type=video&#038;p=3427</guid>

					<description><![CDATA[<p>Rachel RRachel Rose, Tiffany Valentine &#38; mia khalifa suck cock during gameose, Tiffany Valentine &#38; mia khalifa suck cock during game Foursome porn videos, latest porn videos of mia khalifa Rachel Rose, Tiffany Valentine &#38; mia khalifa suck and take cock in pussy during game bi ass big boobs big butt big cock big tits [&#8230;]</p>
<p>The post <a rel="nofollow" href="https://www.yamyhub.com/video/rachel-rose-tiffany-valentine-mia-khalifa-suck-cock-during-game/">Rachel Rose, Tiffany Valentine &#038; mia khalifa suck cock during game</a> appeared first on <a rel="nofollow" href="https://www.yamyhub.com">Yamyhub</a>.</p>
]]></description>
										<content:encoded><![CDATA[<h2>Rachel RRachel Rose, Tiffany Valentine &amp; mia khalifa suck cock during gameose, Tiffany Valentine &amp; mia khalifa suck cock during game</h2>
<p>Foursome porn videos, latest porn videos of mia khalifa Rachel Rose, Tiffany Valentine &amp; mia khalifa suck and take cock in pussy during game bi ass big boobs big butt big cock big tits Rachel Rose porn videos Tiffany Valentine porn video mia khalifa khalifa porn video.</p>
<p>The post <a rel="nofollow" href="https://www.yamyhub.com/video/rachel-rose-tiffany-valentine-mia-khalifa-suck-cock-during-game/">Rachel Rose, Tiffany Valentine &#038; mia khalifa suck cock during game</a> appeared first on <a rel="nofollow" href="https://www.yamyhub.com">Yamyhub</a>.</p>
]]></content:encoded>
					
		
		
			</item>
		<item>
		<title>Hot arab girl mia khalifa Fucked By big black cock</title>
		<link>https://www.yamyhub.com/video/hot-arab-girl-mia-khalifa-fucked-by-big-black-cock/</link>
		
		<dc:creator><![CDATA[yamyhub]]></dc:creator>
		<pubDate>Tue, 22 Jun 2021 02:15:10 +0000</pubDate>
				<guid isPermaLink="false">https://www.yamyhub.com/?post_type=video&#038;p=3421</guid>

					<description><![CDATA[<p>Hot arab girl mia khalifa Fucked By big black cock Mia khalifa porn videos, bog cock big black cock fuck pussy big dick arab muslim girl porn videos.</p>
<p>The post <a rel="nofollow" href="https://www.yamyhub.com/video/hot-arab-girl-mia-khalifa-fucked-by-big-black-cock/">Hot arab girl mia khalifa Fucked By big black cock</a> appeared first on <a rel="nofollow" href="https://www.yamyhub.com">Yamyhub</a>.</p>
]]></description>
										<content:encoded><![CDATA[<h2>Hot arab girl mia khalifa Fucked By big black cock</h2>
<p>Mia khalifa porn videos, bog cock big black cock fuck pussy big dick arab muslim girl porn videos.</p>
<p>The post <a rel="nofollow" href="https://www.yamyhub.com/video/hot-arab-girl-mia-khalifa-fucked-by-big-black-cock/">Hot arab girl mia khalifa Fucked By big black cock</a> appeared first on <a rel="nofollow" href="https://www.yamyhub.com">Yamyhub</a>.</p>
]]></content:encoded>
					
		
		
			</item>
		<item>
		<title>Arab Muslim Girl Mia khalifa Fuck By big cock BangBros</title>
		<link>https://www.yamyhub.com/video/arab-muslim-girl-mia-khalifa-fuck-big-cock-bangbros/</link>
		
		<dc:creator><![CDATA[yamyhub]]></dc:creator>
		<pubDate>Sat, 12 Jun 2021 11:08:59 +0000</pubDate>
				<guid isPermaLink="false">https://www.yamyhub.com/?post_type=video&#038;p=3313</guid>

					<description><![CDATA[<p>Arab Muslim Girl Mia khalifa Fuck By big cock BangBros Arab muslim Teen Mia khalifa fuck from sean lawless. Mia khalifa porn video with sean lawless. Big boobs mia khalifa big tits muslim arab mia khlaifa big ass porn videos.</p>
<p>The post <a rel="nofollow" href="https://www.yamyhub.com/video/arab-muslim-girl-mia-khalifa-fuck-big-cock-bangbros/">Arab Muslim Girl Mia khalifa Fuck By big cock BangBros</a> appeared first on <a rel="nofollow" href="https://www.yamyhub.com">Yamyhub</a>.</p>
]]></description>
										<content:encoded><![CDATA[<h1>Arab Muslim Girl Mia khalifa Fuck By big cock BangBros</h1>
<p>Arab muslim Teen Mia khalifa fuck from sean lawless.</p>
<p>Mia khalifa porn video with sean lawless. Big boobs mia khalifa big tits muslim arab mia khlaifa big ass porn videos.</p>
<p>The post <a rel="nofollow" href="https://www.yamyhub.com/video/arab-muslim-girl-mia-khalifa-fuck-big-cock-bangbros/">Arab Muslim Girl Mia khalifa Fuck By big cock BangBros</a> appeared first on <a rel="nofollow" href="https://www.yamyhub.com">Yamyhub</a>.</p>
]]></content:encoded>
					
		
		
			</item>
		<item>
		<title>Arab stepmom Fuck from Daughter BF Mia khalifa Bangbros</title>
		<link>https://www.yamyhub.com/video/arab-stepmom-fuck-from-daughter-bf-mia-khalifa-bangbros/</link>
		
		<dc:creator><![CDATA[yamyhub]]></dc:creator>
		<pubDate>Sat, 12 Jun 2021 10:50:58 +0000</pubDate>
				<guid isPermaLink="false">https://www.yamyhub.com/?post_type=video&#038;p=3311</guid>

					<description><![CDATA[<p>Arab stepmom Fuck from Daughter BF Mia khalifa Bangbros Arab stepmom porn video, porn videos of mia khalifa Sean Lawless porn  videos with mia khalifa. Julianna Vega  porn videos. Arab stepmom and step daughter fyck boyfriend. threesome arab muslim big tits MILF Muslim Stepdaughter and Stepmom  In a Wild 3Some</p>
<p>The post <a rel="nofollow" href="https://www.yamyhub.com/video/arab-stepmom-fuck-from-daughter-bf-mia-khalifa-bangbros/">Arab stepmom Fuck from Daughter BF Mia khalifa Bangbros</a> appeared first on <a rel="nofollow" href="https://www.yamyhub.com">Yamyhub</a>.</p>
]]></description>
										<content:encoded><![CDATA[<h1>Arab stepmom Fuck from Daughter BF Mia khalifa Bangbros</h1>
<p>Arab stepmom porn video, porn videos of mia khalifa Sean Lawless porn  videos with mia khalifa. Julianna Vega  porn videos.</p>
<p>Arab stepmom and step daughter fyck boyfriend. threesome arab muslim big tits MILF</p>
<p>Muslim Stepdaughter and Stepmom  In a Wild 3Some</p>
<p>The post <a rel="nofollow" href="https://www.yamyhub.com/video/arab-stepmom-fuck-from-daughter-bf-mia-khalifa-bangbros/">Arab stepmom Fuck from Daughter BF Mia khalifa Bangbros</a> appeared first on <a rel="nofollow" href="https://www.yamyhub.com">Yamyhub</a>.</p>
]]></content:encoded>
					
		
		
			</item>
		<item>
		<title>BANGBROS Big Fat ass Porno Alexis Texas, Damon Dice</title>
		<link>https://www.yamyhub.com/video/bangbros-big-fat-ass-porno-alexis-texas-damon-dice/</link>
		
		<dc:creator><![CDATA[yamyhub]]></dc:creator>
		<pubDate>Fri, 14 May 2021 17:27:04 +0000</pubDate>
				<guid isPermaLink="false">http://localhost/github/?post_type=video&#038;p=2861</guid>

					<description><![CDATA[<p>BANGBROS &#8211; Big Fat ass, Porno Alexis Texas is for You &#8211; Damon Dice Babe Big Ass porn videos Blowjob Blonde pornstar MILF POV Pornstar POV HD Porn Hardcore Bang Big Ass Pawg Booty Ass, Blonde Ass Parade Assparade, Small Tits Big Big Butt</p>
<p>The post <a rel="nofollow" href="https://www.yamyhub.com/video/bangbros-big-fat-ass-porno-alexis-texas-damon-dice/">BANGBROS Big Fat ass Porno Alexis Texas, Damon Dice</a> appeared first on <a rel="nofollow" href="https://www.yamyhub.com">Yamyhub</a>.</p>
]]></description>
										<content:encoded><![CDATA[<p>BANGBROS &#8211; Big Fat ass, Porno Alexis Texas is for You &#8211; Damon Dice</p>
<p>Babe Big Ass porn videos Blowjob Blonde pornstar</p>
<p>MILF POV Pornstar POV HD Porn Hardcore</p>
<p>Bang Big Ass Pawg Booty Ass, Blonde</p>
<p>Ass Parade Assparade, Small Tits Big Big Butt</p>
<p>The post <a rel="nofollow" href="https://www.yamyhub.com/video/bangbros-big-fat-ass-porno-alexis-texas-damon-dice/">BANGBROS Big Fat ass Porno Alexis Texas, Damon Dice</a> appeared first on <a rel="nofollow" href="https://www.yamyhub.com">Yamyhub</a>.</p>
]]></content:encoded>
					
		
		
			</item>
		<item>
		<title>BANGBROS Alexis Texas Ass and pussy fucked Anal Porn Mike Adriano</title>
		<link>https://www.yamyhub.com/video/bangbros-alexis-texas-ass-and-pussy-fucked-anal-porn-mike-adriano/</link>
		
		<dc:creator><![CDATA[yamyhub]]></dc:creator>
		<pubDate>Fri, 14 May 2021 17:26:59 +0000</pubDate>
				<guid isPermaLink="false">http://localhost/github/?post_type=video&#038;p=2862</guid>

					<description><![CDATA[<p>BANGBROS &#8211; Alexis Texas Ass and pussy fucked, Anal Porn &#8211; Mike Adriano, Big Ass, HD Porn, Blonde, Blowjob, Hardcore, Pornstar Big Ass Big Dick Natural Tits Bangbros BangBros Natural Big Butt Tits, Blonde, Ass Parade big Booty</p>
<p>The post <a rel="nofollow" href="https://www.yamyhub.com/video/bangbros-alexis-texas-ass-and-pussy-fucked-anal-porn-mike-adriano/">BANGBROS Alexis Texas Ass and pussy fucked Anal Porn Mike Adriano</a> appeared first on <a rel="nofollow" href="https://www.yamyhub.com">Yamyhub</a>.</p>
]]></description>
										<content:encoded><![CDATA[<p>BANGBROS &#8211; Alexis Texas Ass and pussy fucked, Anal Porn &#8211; Mike Adriano,</p>
<p>Big Ass, HD Porn, Blonde, Blowjob, Hardcore, Pornstar</p>
<p>Big Ass Big Dick Natural Tits</p>
<p>Bangbros BangBros</p>
<p>Natural Big Butt Tits, Blonde, Ass Parade big Booty</p>
<p>The post <a rel="nofollow" href="https://www.yamyhub.com/video/bangbros-alexis-texas-ass-and-pussy-fucked-anal-porn-mike-adriano/">BANGBROS Alexis Texas Ass and pussy fucked Anal Porn Mike Adriano</a> appeared first on <a rel="nofollow" href="https://www.yamyhub.com">Yamyhub</a>.</p>
]]></content:encoded>
					
		
		
			</item>
		<item>
		<title>BANGBROS &#8211; Big Ass Battle Alexis Texas Vs Phoenix Marie</title>
		<link>https://www.yamyhub.com/video/bangbros-big-ass-battle-alexis-texas-vs-phoenix-marie/</link>
		
		<dc:creator><![CDATA[yamyhub]]></dc:creator>
		<pubDate>Fri, 14 May 2021 17:19:13 +0000</pubDate>
				<guid isPermaLink="false">http://localhost/github/?post_type=video&#038;p=2857</guid>

					<description><![CDATA[<p>BANGBROS &#8211; the Big Ass Battle Alexis Texas Vs. Phoenix Marie &#8211; Tony Rubino Big Ass porn, Big Tits videos, MILF Orgy Pornstar HD Porn Hardcore blonde, Big Boobs Blonde Pornstar Busty Natural Tits Big Butt, Fake Tits Milf Small Tits Booty Bikini Beach, Bang Bros Bangbros Ass Parade</p>
<p>The post <a rel="nofollow" href="https://www.yamyhub.com/video/bangbros-big-ass-battle-alexis-texas-vs-phoenix-marie/">BANGBROS &#8211; Big Ass Battle Alexis Texas Vs Phoenix Marie</a> appeared first on <a rel="nofollow" href="https://www.yamyhub.com">Yamyhub</a>.</p>
]]></description>
										<content:encoded><![CDATA[<p>BANGBROS &#8211; the Big Ass Battle Alexis Texas Vs. Phoenix Marie &#8211; Tony Rubino</p>
<p>Big Ass porn, Big Tits videos, MILF Orgy Pornstar HD Porn Hardcore</p>
<p>blonde, Big Boobs Blonde Pornstar Busty Natural Tits Big Butt,</p>
<p>Fake Tits Milf Small Tits Booty Bikini Beach, Bang Bros Bangbros Ass Parade</p>
<p>The post <a rel="nofollow" href="https://www.yamyhub.com/video/bangbros-big-ass-battle-alexis-texas-vs-phoenix-marie/">BANGBROS &#8211; Big Ass Battle Alexis Texas Vs Phoenix Marie</a> appeared first on <a rel="nofollow" href="https://www.yamyhub.com">Yamyhub</a>.</p>
]]></content:encoded>
					
		
		
			</item>
	</channel>
</rss>

0

