<?xml version="1.0" encoding="UTF-8"?><rss version="2.0"
	xmlns:content="http://purl.org/rss/1.0/modules/content/"
	xmlns:wfw="http://wellformedweb.org/CommentAPI/"
	xmlns:dc="http://purl.org/dc/elements/1.1/"
	xmlns:atom="http://www.w3.org/2005/Atom"
	xmlns:sy="http://purl.org/rss/1.0/modules/syndication/"
	xmlns:slash="http://purl.org/rss/1.0/modules/slash/"
	>

<channel>
	<title>Julie cash &#8211; Yamyhub</title>
	<atom:link href="https://www.yamyhub.com/categories/julie-cash/feed/" rel="self" type="application/rss+xml" />
	<link>https://www.yamyhub.com</link>
	<description>Watch latest free HD Full length Porn video. Big ass, Big cock, MILF, Lesbian, Step sister and Step mother Porn videos. Yamyhub porn videos.</description>
	<lastBuildDate>Tue, 10 Aug 2021 13:43:43 +0000</lastBuildDate>
	<language>en-US</language>
	<sy:updatePeriod>
	hourly	</sy:updatePeriod>
	<sy:updateFrequency>
	1	</sy:updateFrequency>
	<generator>https://wordpress.org/?v=5.8</generator>

<image>
	<url>https://www.yamyhub.com/wp-content/uploads/2021/07/cropped-favicon-32x32.png</url>
	<title>Julie cash &#8211; Yamyhub</title>
	<link>https://www.yamyhub.com</link>
	<width>32</width>
	<height>32</height>
</image> 
	<item>
		<title>Bangbros Big orgy college party Compilation Julie cash</title>
		<link>https://www.yamyhub.com/video/bangbros-big-orgy-college-party-compilation-julie-cash/</link>
		
		<dc:creator><![CDATA[yamyhub]]></dc:creator>
		<pubDate>Mon, 02 Aug 2021 04:42:17 +0000</pubDate>
				<guid isPermaLink="false">https://www.yamyhub.com/?post_type=video&#038;p=4091</guid>

					<description><![CDATA[<p>Bangbros Big orgy college party Compilation Julie cash Bangbros Pornstars Kendra Lust, Kayla Carrera &#38; Julie cash porn video. Sharing cock and ass with all pornstar at college party Yamyhub. Fucking hot college chick pornstar at a college party. Bangbros college organism party compilation. Sex toys to fuck pussy at party. Late night party to [&#8230;]</p>
<p>The post <a rel="nofollow" href="https://www.yamyhub.com/video/bangbros-big-orgy-college-party-compilation-julie-cash/">Bangbros Big orgy college party Compilation Julie cash</a> appeared first on <a rel="nofollow" href="https://www.yamyhub.com">Yamyhub</a>.</p>
]]></description>
										<content:encoded><![CDATA[<h2>Bangbros Big orgy college party Compilation Julie cash</h2>
<p>Bangbros Pornstars Kendra Lust, Kayla Carrera &amp; Julie cash porn video. Sharing cock and ass with all pornstar at college party Yamyhub. Fucking hot college chick pornstar at a college party. Bangbros college organism party compilation. Sex toys to fuck pussy at party. Late night party to fuck all porn. sex videos Eporner XXX.</p>
<p>The post <a rel="nofollow" href="https://www.yamyhub.com/video/bangbros-big-orgy-college-party-compilation-julie-cash/">Bangbros Big orgy college party Compilation Julie cash</a> appeared first on <a rel="nofollow" href="https://www.yamyhub.com">Yamyhub</a>.</p>
]]></content:encoded>
					
		
		
			</item>
		<item>
		<title>Blonde Women Julie cash with huge ass fuked</title>
		<link>https://www.yamyhub.com/video/blonde-women-julie-cash-with-huge-ass-fuked/</link>
		
		<dc:creator><![CDATA[yamyhub]]></dc:creator>
		<pubDate>Mon, 26 Jul 2021 05:32:16 +0000</pubDate>
				<guid isPermaLink="false">https://www.yamyhub.com/?post_type=video&#038;p=3903</guid>

					<description><![CDATA[<p>Blonde Women Julie cash with huge ass fuked Reality King porn star Julie cash with big ass porn video. Big ass Big boobs women Julie cash take cock in her pussy. Julie cash yamyhub. Reality king latest Full length HD sex video. Blonde Big boobs and big ass Julie cash fucked from dick. Julie cash [&#8230;]</p>
<p>The post <a rel="nofollow" href="https://www.yamyhub.com/video/blonde-women-julie-cash-with-huge-ass-fuked/">Blonde Women Julie cash with huge ass fuked</a> appeared first on <a rel="nofollow" href="https://www.yamyhub.com">Yamyhub</a>.</p>
]]></description>
										<content:encoded><![CDATA[<h2>Blonde Women Julie cash with huge ass fuked</h2>
<p>Reality King porn star Julie cash with big ass porn video. Big ass Big boobs women Julie cash take cock in her pussy. Julie cash yamyhub. Reality king latest Full length HD sex video. Blonde Big boobs and big ass Julie cash fucked from dick. Julie cash take dick  in her pussy . Reality king best porn. Daftsex porn video. Youporn best porn videos.</p>
<p>The post <a rel="nofollow" href="https://www.yamyhub.com/video/blonde-women-julie-cash-with-huge-ass-fuked/">Blonde Women Julie cash with huge ass fuked</a> appeared first on <a rel="nofollow" href="https://www.yamyhub.com">Yamyhub</a>.</p>
]]></content:encoded>
					
		
		
			</item>
	</channel>
</rss>
