<?xml version="1.0" encoding="UTF-8"?><rss version="2.0"
	xmlns:content="http://purl.org/rss/1.0/modules/content/"
	xmlns:wfw="http://wellformedweb.org/CommentAPI/"
	xmlns:dc="http://purl.org/dc/elements/1.1/"
	xmlns:atom="http://www.w3.org/2005/Atom"
	xmlns:sy="http://purl.org/rss/1.0/modules/syndication/"
	xmlns:slash="http://purl.org/rss/1.0/modules/slash/"
	>

<channel>
	<title>Azul Hermosa &#8211; Yamyhub</title>
	<atom:link href="https://www.yamyhub.com/categories/azul-hermosa/feed/" rel="self" type="application/rss+xml" />
	<link>https://www.yamyhub.com</link>
	<description>Watch latest free HD Full length Porn video. Big ass, Big cock, MILF, Lesbian, Step sister and Step mother Porn videos. Yamyhub porn videos.</description>
	<lastBuildDate>Mon, 16 Aug 2021 13:15:00 +0000</lastBuildDate>
	<language>en-US</language>
	<sy:updatePeriod>
	hourly	</sy:updatePeriod>
	<sy:updateFrequency>
	1	</sy:updateFrequency>
	<generator>https://wordpress.org/?v=5.8</generator>

<image>
	<url>https://www.yamyhub.com/wp-content/uploads/2021/07/cropped-favicon-32x32.png</url>
	<title>Azul Hermosa &#8211; Yamyhub</title>
	<link>https://www.yamyhub.com</link>
	<width>32</width>
	<height>32</height>
</image> 
	<item>
		<title>Brazzers Lesbians get chance to ride on big dick Xhamster</title>
		<link>https://www.yamyhub.com/video/brazzers-lesbians-get-chance-to-ride-on-big-dick-xhamster/</link>
		
		<dc:creator><![CDATA[yamyhub]]></dc:creator>
		<pubDate>Mon, 16 Aug 2021 13:06:26 +0000</pubDate>
				<guid isPermaLink="false">https://www.yamyhub.com/?post_type=video&#038;p=4559</guid>

					<description><![CDATA[<p>Brazzers Lesbians get chance to ride on big dick Xhamster Brazzers pornstars Rachel Starr, Azul Hermosa &#38; Xander Corvus porn video by Xhamster. Brunettes lesbian lick pussy and fuck threesome FFM. Two lesbian lick each other pussy while husband Masturbate by xhamster porn. Husband fuck wife and her lesbian friend at home. Lesbian organism lick [&#8230;]</p>
<p>The post <a rel="nofollow" href="https://www.yamyhub.com/video/brazzers-lesbians-get-chance-to-ride-on-big-dick-xhamster/">Brazzers Lesbians get chance to ride on big dick Xhamster</a> appeared first on <a rel="nofollow" href="https://www.yamyhub.com">Yamyhub</a>.</p>
]]></description>
										<content:encoded><![CDATA[<h2>Brazzers Lesbians get chance to ride on big dick Xhamster</h2>
<p>Brazzers pornstars Rachel Starr, Azul Hermosa &amp; Xander Corvus porn video by Xhamster. Brunettes lesbian lick pussy and fuck threesome FFM. Two lesbian lick each other pussy while husband Masturbate by xhamster porn. Husband fuck wife and her lesbian friend at home. Lesbian organism lick each other pussies. Threesome FFM Azul Hermosa Xander Corvus and Rachel Starr.</p>
<p>The post <a rel="nofollow" href="https://www.yamyhub.com/video/brazzers-lesbians-get-chance-to-ride-on-big-dick-xhamster/">Brazzers Lesbians get chance to ride on big dick Xhamster</a> appeared first on <a rel="nofollow" href="https://www.yamyhub.com">Yamyhub</a>.</p>
]]></content:encoded>
					
		
		
			</item>
	</channel>
</rss>
