<?xml version="1.0" encoding="UTF-8"?><rss version="2.0"
	xmlns:content="http://purl.org/rss/1.0/modules/content/"
	xmlns:wfw="http://wellformedweb.org/CommentAPI/"
	xmlns:dc="http://purl.org/dc/elements/1.1/"
	xmlns:atom="http://www.w3.org/2005/Atom"
	xmlns:sy="http://purl.org/rss/1.0/modules/syndication/"
	xmlns:slash="http://purl.org/rss/1.0/modules/slash/"
	>

<channel>
	<title>Julianna Vega &#8211; Yamyhub</title>
	<atom:link href="https://www.yamyhub.com/categories/julianna-vega/feed/" rel="self" type="application/rss+xml" />
	<link>https://www.yamyhub.com</link>
	<description>Watch latest free HD Full length Porn video. Big ass, Big cock, MILF, Lesbian, Step sister and Step mother Porn videos. Yamyhub porn videos.</description>
	<lastBuildDate>Fri, 16 Jul 2021 03:38:05 +0000</lastBuildDate>
	<language>en-US</language>
	<sy:updatePeriod>
	hourly	</sy:updatePeriod>
	<sy:updateFrequency>
	1	</sy:updateFrequency>
	<generator>https://wordpress.org/?v=5.7.2</generator>

<image>
	<url>https://www.yamyhub.com/wp-content/uploads/2021/06/favicon.png</url>
	<title>Julianna Vega &#8211; Yamyhub</title>
	<link>https://www.yamyhub.com</link>
	<width>32</width>
	<height>32</height>
</image> 
	<item>
		<title>Arab stepmom Fuck from Daughter BF Mia khalifa Bangbros</title>
		<link>https://www.yamyhub.com/video/arab-stepmom-fuck-from-daughter-bf-mia-khalifa-bangbros/</link>
		
		<dc:creator><![CDATA[yamyhub]]></dc:creator>
		<pubDate>Sat, 12 Jun 2021 10:50:58 +0000</pubDate>
				<guid isPermaLink="false">https://www.yamyhub.com/?post_type=video&#038;p=3311</guid>

					<description><![CDATA[<p>Arab stepmom Fuck from Daughter BF Mia khalifa Bangbros Arab stepmom porn video, porn videos of mia khalifa Sean Lawless porn  videos with mia khalifa. Julianna Vega  porn videos. Arab stepmom and step daughter fyck boyfriend. threesome arab muslim big tits MILF Muslim Stepdaughter and Stepmom  In a Wild 3Some</p>
<p>The post <a rel="nofollow" href="https://www.yamyhub.com/video/arab-stepmom-fuck-from-daughter-bf-mia-khalifa-bangbros/">Arab stepmom Fuck from Daughter BF Mia khalifa Bangbros</a> appeared first on <a rel="nofollow" href="https://www.yamyhub.com">Yamyhub</a>.</p>
]]></description>
										<content:encoded><![CDATA[<h1>Arab stepmom Fuck from Daughter BF Mia khalifa Bangbros</h1>
<p>Arab stepmom porn video, porn videos of mia khalifa Sean Lawless porn  videos with mia khalifa. Julianna Vega  porn videos.</p>
<p>Arab stepmom and step daughter fyck boyfriend. threesome arab muslim big tits MILF</p>
<p>Muslim Stepdaughter and Stepmom  In a Wild 3Some</p>
<p>The post <a rel="nofollow" href="https://www.yamyhub.com/video/arab-stepmom-fuck-from-daughter-bf-mia-khalifa-bangbros/">Arab stepmom Fuck from Daughter BF Mia khalifa Bangbros</a> appeared first on <a rel="nofollow" href="https://www.yamyhub.com">Yamyhub</a>.</p>
]]></content:encoded>
					
		
		
			</item>
	</channel>
</rss>
