<?xml version="1.0" encoding="UTF-8"?><rss version="2.0"
	xmlns:content="http://purl.org/rss/1.0/modules/content/"
	xmlns:wfw="http://wellformedweb.org/CommentAPI/"
	xmlns:dc="http://purl.org/dc/elements/1.1/"
	xmlns:atom="http://www.w3.org/2005/Atom"
	xmlns:sy="http://purl.org/rss/1.0/modules/syndication/"
	xmlns:slash="http://purl.org/rss/1.0/modules/slash/"
	>

<channel>
	<title>fakehub &#8211; Yamyhub</title>
	<atom:link href="https://adult.yamyhub.com/categories/fakehub/feed/" rel="self" type="application/rss+xml" />
	<link>https://adult.yamyhub.com</link>
	<description>Watch latest free HD Full length Porn video. Big ass, Big cock, MILF, Lesbian, Step sister and Step mother Porn videos. Yamyhub porn videos.</description>
	<lastBuildDate>Wed, 23 Jun 2021 11:28:47 +0000</lastBuildDate>
	<language>en-US</language>
	<sy:updatePeriod>
	hourly	</sy:updatePeriod>
	<sy:updateFrequency>
	1	</sy:updateFrequency>
	<generator>https://wordpress.org/?v=5.7.2</generator>

<image>
	<url>https://adult.yamyhub.com/wp-content/uploads/2021/06/favicon.png</url>
	<title>fakehub &#8211; Yamyhub</title>
	<link>https://adult.yamyhub.com</link>
	<width>32</width>
	<height>32</height>
</image> 
	<item>
		<title>Jordi fuck two busty teens Julia &#038;  Veronica Leal Fakehub</title>
		<link>https://adult.yamyhub.com/video/jordi-fuck-two-busty-teens-julia-veronica-leal-fakehub/</link>
		
		<dc:creator><![CDATA[yamyhub]]></dc:creator>
		<pubDate>Wed, 23 Jun 2021 11:28:05 +0000</pubDate>
				<guid isPermaLink="false">https://adult.yamyhub.com/?post_type=video&#038;p=3456</guid>

					<description><![CDATA[<p>Jordi fuck two busty teens Julia &#38; Veronica Leal Fakehub Jordi El Nino Polla Fuck two small tits busty teen Julia De Lucia and Veronica Leal . threesome porn video Julia De Lucia porn video Jordi El Nino Polla threesome porn videos Jordi El Nino Polla porn video Julia De Lucia porn threesome fakehub porn [&#8230;]</p>
<p>The post <a rel="nofollow" href="https://adult.yamyhub.com/video/jordi-fuck-two-busty-teens-julia-veronica-leal-fakehub/">Jordi fuck two busty teens Julia &#038;  Veronica Leal Fakehub</a> appeared first on <a rel="nofollow" href="https://adult.yamyhub.com">Yamyhub</a>.</p>
]]></description>
										<content:encoded><![CDATA[<h2>Jordi fuck two busty teens Julia &amp; Veronica Leal Fakehub</h2>
<p>Jordi El Nino Polla Fuck two small tits busty teen Julia De Lucia and Veronica Leal . threesome porn video Julia De Lucia porn video Jordi El Nino Polla threesome porn videos Jordi El Nino Polla porn video Julia De Lucia porn threesome fakehub porn videos fakehub threesome</p>
<p>The post <a rel="nofollow" href="https://adult.yamyhub.com/video/jordi-fuck-two-busty-teens-julia-veronica-leal-fakehub/">Jordi fuck two busty teens Julia &#038;  Veronica Leal Fakehub</a> appeared first on <a rel="nofollow" href="https://adult.yamyhub.com">Yamyhub</a>.</p>
]]></content:encoded>
					
		
		
			</item>
	</channel>
</rss>
