<?xml version="1.0" encoding="UTF-8"?><rss version="2.0"
	xmlns:content="http://purl.org/rss/1.0/modules/content/"
	xmlns:wfw="http://wellformedweb.org/CommentAPI/"
	xmlns:dc="http://purl.org/dc/elements/1.1/"
	xmlns:atom="http://www.w3.org/2005/Atom"
	xmlns:sy="http://purl.org/rss/1.0/modules/syndication/"
	xmlns:slash="http://purl.org/rss/1.0/modules/slash/"
	>

<channel>
	<title>Aubrey Black &#8211; Yamyhub</title>
	<atom:link href="https://www.yamyhub.com/categories/aubrey-black/feed/" rel="self" type="application/rss+xml" />
	<link>https://www.yamyhub.com</link>
	<description>Watch latest free HD Full length Porn video. Big ass, Big cock, MILF, Lesbian, Step sister and Step mother Porn videos. Yamyhub porn videos.</description>
	<lastBuildDate>Fri, 16 Jul 2021 03:48:01 +0000</lastBuildDate>
	<language>en-US</language>
	<sy:updatePeriod>
	hourly	</sy:updatePeriod>
	<sy:updateFrequency>
	1	</sy:updateFrequency>
	<generator>https://wordpress.org/?v=5.7.2</generator>

<image>
	<url>https://www.yamyhub.com/wp-content/uploads/2021/06/favicon.png</url>
	<title>Aubrey Black &#8211; Yamyhub</title>
	<link>https://www.yamyhub.com</link>
	<width>32</width>
	<height>32</height>
</image> 
	<item>
		<title>Mature stepmom Aubrey Black Fuck from black cock brazzers</title>
		<link>https://www.yamyhub.com/video/mature-stepmom-aubrey-black-fuck-from-black-cock-brazzers/</link>
		
		<dc:creator><![CDATA[yamyhub]]></dc:creator>
		<pubDate>Wed, 07 Jul 2021 04:03:54 +0000</pubDate>
				<guid isPermaLink="false">https://www.yamyhub.com/?post_type=video&#038;p=3554</guid>

					<description><![CDATA[<p>Mature stepmom Aubrey Black Fuck from black cock brazzers brazzers Stepmom porn video Mature big boobs stepmom Aubery black fuck from black cock brazzers porn video yamyhub stepmom porn video stepmom porn video latest stepmom video stepmom fuck from black cock black cock porn videos.</p>
<p>The post <a rel="nofollow" href="https://www.yamyhub.com/video/mature-stepmom-aubrey-black-fuck-from-black-cock-brazzers/">Mature stepmom Aubrey Black Fuck from black cock brazzers</a> appeared first on <a rel="nofollow" href="https://www.yamyhub.com">Yamyhub</a>.</p>
]]></description>
										<content:encoded><![CDATA[<h2>Mature stepmom Aubrey Black Fuck from black cock brazzers</h2>
<p>brazzers Stepmom porn video Mature big boobs stepmom Aubery black fuck from black cock brazzers porn video yamyhub stepmom porn video stepmom porn video latest stepmom video stepmom fuck from black cock black cock porn videos.</p>
<p>The post <a rel="nofollow" href="https://www.yamyhub.com/video/mature-stepmom-aubrey-black-fuck-from-black-cock-brazzers/">Mature stepmom Aubrey Black Fuck from black cock brazzers</a> appeared first on <a rel="nofollow" href="https://www.yamyhub.com">Yamyhub</a>.</p>
]]></content:encoded>
					
		
		
			</item>
	</channel>
</rss>
