<?xml version="1.0" encoding="UTF-8"?><rss version="2.0"
	xmlns:content="http://purl.org/rss/1.0/modules/content/"
	xmlns:wfw="http://wellformedweb.org/CommentAPI/"
	xmlns:dc="http://purl.org/dc/elements/1.1/"
	xmlns:atom="http://www.w3.org/2005/Atom"
	xmlns:sy="http://purl.org/rss/1.0/modules/syndication/"
	xmlns:slash="http://purl.org/rss/1.0/modules/slash/"
	>

<channel>
	<title>Alexis crystal &#8211; Yamyhub</title>
	<atom:link href="https://www.yamyhub.com/categories/alexis-crystal/feed/" rel="self" type="application/rss+xml" />
	<link>https://www.yamyhub.com</link>
	<description>Watch latest free HD Full length Porn video. Big ass, Big cock, MILF, Lesbian, Step sister and Step mother Porn videos. Yamyhub porn videos.</description>
	<lastBuildDate>Mon, 16 Aug 2021 03:34:34 +0000</lastBuildDate>
	<language>en-US</language>
	<sy:updatePeriod>
	hourly	</sy:updatePeriod>
	<sy:updateFrequency>
	1	</sy:updateFrequency>
	<generator>https://wordpress.org/?v=5.8</generator>

<image>
	<url>https://www.yamyhub.com/wp-content/uploads/2021/07/cropped-favicon-32x32.png</url>
	<title>Alexis crystal &#8211; Yamyhub</title>
	<link>https://www.yamyhub.com</link>
	<width>32</width>
	<height>32</height>
</image> 
	<item>
		<title>Gonzo Gangbang anal sex with pornstars Alexis crystal</title>
		<link>https://www.yamyhub.com/video/gonzo-gangbang-anal-sex-with-pornstars-alexis-crystal/</link>
		
		<dc:creator><![CDATA[yamyhub]]></dc:creator>
		<pubDate>Mon, 16 Aug 2021 03:27:43 +0000</pubDate>
				<guid isPermaLink="false">https://www.yamyhub.com/?post_type=video&#038;p=4536</guid>

					<description><![CDATA[<p>Gonzo Gangbang anal sex with pornstars Alexis crystal Gonzo pornstars veronica leal &#38; Alexis crystal Porn video by XNXX. Anal fuck from strapon &#38; double penetration by group sex cocks yamyhub. Strapon pornstar get anal from big sex toys. Fulfil her wished by get double penetration from group of cock xnxx. Xnxx pporn videos with [&#8230;]</p>
<p>The post <a rel="nofollow" href="https://www.yamyhub.com/video/gonzo-gangbang-anal-sex-with-pornstars-alexis-crystal/">Gonzo Gangbang anal sex with pornstars Alexis crystal</a> appeared first on <a rel="nofollow" href="https://www.yamyhub.com">Yamyhub</a>.</p>
]]></description>
										<content:encoded><![CDATA[<h2>Gonzo Gangbang anal sex with pornstars Alexis crystal</h2>
<p>Gonzo pornstars veronica leal &amp; Alexis crystal Porn video by XNXX. Anal fuck from strapon &amp; double penetration by group sex cocks yamyhub. Strapon pornstar get anal from big sex toys. Fulfil her wished by get double penetration from group of cock xnxx. Xnxx pporn videos with strapon double penetration group sex gangbang porn.</p>
<p>The post <a rel="nofollow" href="https://www.yamyhub.com/video/gonzo-gangbang-anal-sex-with-pornstars-alexis-crystal/">Gonzo Gangbang anal sex with pornstars Alexis crystal</a> appeared first on <a rel="nofollow" href="https://www.yamyhub.com">Yamyhub</a>.</p>
]]></content:encoded>
					
		
		
			</item>
	</channel>
</rss>
