1fc9
<?xml version="1.0" encoding="UTF-8"?><rss version="2.0"
	xmlns:content="http://purl.org/rss/1.0/modules/content/"
	xmlns:wfw="http://wellformedweb.org/CommentAPI/"
	xmlns:dc="http://purl.org/dc/elements/1.1/"
	xmlns:atom="http://www.w3.org/2005/Atom"
	xmlns:sy="http://purl.org/rss/1.0/modules/syndication/"
	xmlns:slash="http://purl.org/rss/1.0/modules/slash/"
	>

<channel>
	<title>Markus Dupree &#8211; Yamyhub</title>
	<atom:link href="https://www.yamyhub.com/categories/markus-dupree/feed/" rel="self" type="application/rss+xml" />
	<link>https://www.yamyhub.com</link>
	<description>Watch latest free HD Full length Porn video. Big ass, Big cock, MILF, Lesbian, Step sister and Step mother Porn videos. Yamyhub porn videos.</description>
	<lastBuildDate>Sat, 17 Jul 2021 03:06:37 +0000</lastBuildDate>
	<language>en-US</language>
	<sy:updatePeriod>
	hourly	</sy:updatePeriod>
	<sy:updateFrequency>
	1	</sy:updateFrequency>
	<generator>https://wordpress.org/?v=5.7.2</generator>

<image>
	<url>https://www.yamyhub.com/wp-content/uploads/2021/06/favicon.png</url>
	<title>Markus Dupree &#8211; Yamyhub</title>
	<link>https://www.yamyhub.com</link>
	<width>32</width>
	<height>32</height>
</image> 
	<item>
		<title>Markus Dupree fuck chick Olivia Austin in the corner of store</title>
		<link>https://www.yamyhub.com/video/markus-dupree-fuck-chick-olivia-austin-in-corner-store/</link>
		
		<dc:creator><![CDATA[yamyhub]]></dc:creator>
		<pubDate>Mon, 12 Jul 2021 02:54:56 +0000</pubDate>
				<guid isPermaLink="false">https://www.yamyhub.com/?post_type=video&#038;p=3603</guid>

					<description><![CDATA[<p>MarKus Dupree fuck chick Olivia Austin in the corner of store Reality king Porn video Markus Dupree Fuck Chubby Chick Olivia Austin in the corner of store reality king porn video public yamyhub reality king porn video Markus Dupree porn public porn video public place porn video Olivia Austin porn video Olivia Austin Fucked by [&#8230;]</p>
<p>The post <a rel="nofollow" href="https://www.yamyhub.com/video/markus-dupree-fuck-chick-olivia-austin-in-corner-store/">Markus Dupree fuck chick Olivia Austin in the corner of store</a> appeared first on <a rel="nofollow" href="https://www.yamyhub.com">Yamyhub</a>.</p>
]]></description>
										<content:encoded><![CDATA[<h2>MarKus Dupree fuck chick Olivia Austin in the corner of store</h2>
<p>Reality king Porn video Markus Dupree Fuck Chubby Chick Olivia Austin in the corner of store reality king porn video public yamyhub reality king porn video Markus Dupree porn public porn video public place porn video Olivia Austin porn video Olivia Austin Fucked by Markus Dupree</p>
<p>The post <a rel="nofollow" href="https://www.yamyhub.com/video/markus-dupree-fuck-chick-olivia-austin-in-corner-store/">Markus Dupree fuck chick Olivia Austin in the corner of store</a> appeared first on <a rel="nofollow" href="https://www.yamyhub.com">Yamyhub</a>.</p>
]]></content:encoded>
					
		
		
			</item>
		<item>
		<title>Anissa Kate Fuck Double penetration mick blue markus dupree</title>
		<link>https://www.yamyhub.com/video/anissa-keith-fuck-double-penetration-mick-blue-markus-dupree/</link>
		
		<dc:creator><![CDATA[yamyhub]]></dc:creator>
		<pubDate>Wed, 07 Jul 2021 07:50:57 +0000</pubDate>
				<guid isPermaLink="false">https://www.yamyhub.com/?post_type=video&#038;p=3557</guid>

					<description><![CDATA[<p>Anissa Kate Fuck Double penetration mick blue Markus dupree Bangbros double penetration threesome porn video Anissa kate Fuck double penetration by Mick blue &#38; Markus dupree threesome porn yamyhub bangbros porn video double penetration porn video threesome porn MMF porn Male male Female Markus dupree mick blue porn anissa kate porn video.</p>
<p>The post <a rel="nofollow" href="https://www.yamyhub.com/video/anissa-keith-fuck-double-penetration-mick-blue-markus-dupree/">Anissa Kate Fuck Double penetration mick blue markus dupree</a> appeared first on <a rel="nofollow" href="https://www.yamyhub.com">Yamyhub</a>.</p>
]]></description>
										<content:encoded><![CDATA[<h2>Anissa Kate Fuck Double penetration mick blue Markus dupree</h2>
<p>Bangbros double penetration threesome porn video Anissa kate Fuck double penetration by Mick blue &amp; Markus dupree threesome porn yamyhub bangbros porn video double penetration porn video threesome porn MMF porn Male male Female Markus dupree mick blue porn anissa kate porn video.</p>
<p>The post <a rel="nofollow" href="https://www.yamyhub.com/video/anissa-keith-fuck-double-penetration-mick-blue-markus-dupree/">Anissa Kate Fuck Double penetration mick blue markus dupree</a> appeared first on <a rel="nofollow" href="https://www.yamyhub.com">Yamyhub</a>.</p>
]]></content:encoded>
					
		
		
			</item>
		<item>
		<title>Kissa Sins Fucked by Markus Dupree Squirting Covered OIL</title>
		<link>https://www.yamyhub.com/video/kissa-sins-fucked-by-markus-dupree-squirting-covered-oil/</link>
		
		<dc:creator><![CDATA[yamyhub]]></dc:creator>
		<pubDate>Thu, 20 May 2021 16:28:55 +0000</pubDate>
				<guid isPermaLink="false">http://localhost/github/?post_type=video&#038;p=2970</guid>

					<description><![CDATA[<p>Kissa Sins Fucked by Markus Dupree Squirting Covered in OIL Kissa Sins Fucked by Markus Dupree Squirting Covered in OIL, Kissa Sins porn videos, Markus Dupree porn videos, Big Ass fucked, Big Dick, Blowjob, Exclusive HD Porn, Pornstar Pussy Licking Squirt</p>
<p>The post <a rel="nofollow" href="https://www.yamyhub.com/video/kissa-sins-fucked-by-markus-dupree-squirting-covered-oil/">Kissa Sins Fucked by Markus Dupree Squirting Covered OIL</a> appeared first on <a rel="nofollow" href="https://www.yamyhub.com">Yamyhub</a>.</p>
]]></description>
										<content:encoded><![CDATA[<h3>Kissa Sins Fucked by Markus Dupree Squirting Covered in OIL</h3>
<p>Kissa Sins Fucked by Markus Dupree Squirting Covered in OIL, Kissa Sins porn videos,</p>
<p>Markus Dupree porn videos, Big Ass fucked, Big Dick, Blowjob, Exclusive HD Porn,</p>
<p>Pornstar Pussy Licking Squirt</p>
<p>The post <a rel="nofollow" href="https://www.yamyhub.com/video/kissa-sins-fucked-by-markus-dupree-squirting-covered-oil/">Kissa Sins Fucked by Markus Dupree Squirting Covered OIL</a> appeared first on <a rel="nofollow" href="https://www.yamyhub.com">Yamyhub</a>.</p>
]]></content:encoded>
					
		
		
			</item>
		<item>
		<title>Angela White Ass Fucked Dick Toys anal porn</title>
		<link>https://www.yamyhub.com/video/angela-white-ass-fucked-dick-toys-anal-porn-evilangel/</link>
		
		<dc:creator><![CDATA[yamyhub]]></dc:creator>
		<pubDate>Fri, 14 May 2021 11:34:31 +0000</pubDate>
				<guid isPermaLink="false">http://localhost/github/?post_type=video&#038;p=2847</guid>

					<description><![CDATA[<p>Angela White Ass Fucked Dick Toys anal porn Angela White Pussy and Ass Fucked with Dick &#38; Toys anal porn &#8211; Evil Angel, Anal porn, Big Dick porn, Big Tits porn, Female porn, Orgasm, HD Porn, MILF, Pornstar, Rough Sex, Squirt Watch ass fuck nude Angela White fuck hard anal sex in full-length threesome, lesbian [&#8230;]</p>
<p>The post <a rel="nofollow" href="https://www.yamyhub.com/video/angela-white-ass-fucked-dick-toys-anal-porn-evilangel/">Angela White Ass Fucked Dick Toys anal porn</a> appeared first on <a rel="nofollow" href="https://www.yamyhub.com">Yamyhub</a>.</p>
]]></description>
										<content:encoded><![CDATA[<h2>Angela White Ass Fucked Dick Toys anal porn</h2>
<p>Angela White Pussy and Ass Fucked with Dick &amp; Toys anal porn &#8211; Evil Angel,</p>
<p>Anal porn, Big Dick porn, Big Tits porn, Female porn,</p>
<p>Orgasm, HD Porn, MILF, Pornstar, Rough Sex, Squirt</p>
<p>Watch ass fuck nude <em>Angela White</em> fuck hard <em>anal</em> sex in full-length</p>
<p>threesome, lesbian and POV Pornstar porn videos on pornhub</p>
<p>The post <a rel="nofollow" href="https://www.yamyhub.com/video/angela-white-ass-fucked-dick-toys-anal-porn-evilangel/">Angela White Ass Fucked Dick Toys anal porn</a> appeared first on <a rel="nofollow" href="https://www.yamyhub.com">Yamyhub</a>.</p>
]]></content:encoded>
					
		
		
			</item>
	</channel>
</rss>

0

