30cd
<?xml version="1.0" encoding="UTF-8"?><rss version="2.0"
	xmlns:content="http://purl.org/rss/1.0/modules/content/"
	xmlns:wfw="http://wellformedweb.org/CommentAPI/"
	xmlns:dc="http://purl.org/dc/elements/1.1/"
	xmlns:atom="http://www.w3.org/2005/Atom"
	xmlns:sy="http://purl.org/rss/1.0/modules/syndication/"
	xmlns:slash="http://purl.org/rss/1.0/modules/slash/"
	>

<channel>
	<title>Familystrokes &#8211; Yamyhub</title>
	<atom:link href="https://adult.yamyhub.com/categories/familystrokes/feed/" rel="self" type="application/rss+xml" />
	<link>https://adult.yamyhub.com</link>
	<description>Watch latest free HD Full length Porn video. Big ass, Big cock, MILF, Lesbian, Step sister and Step mother Porn videos. Yamyhub porn videos.</description>
	<lastBuildDate>Sun, 27 Jun 2021 03:18:03 +0000</lastBuildDate>
	<language>en-US</language>
	<sy:updatePeriod>
	hourly	</sy:updatePeriod>
	<sy:updateFrequency>
	1	</sy:updateFrequency>
	<generator>https://wordpress.org/?v=5.7.2</generator>

<image>
	<url>https://adult.yamyhub.com/wp-content/uploads/2021/06/favicon.png</url>
	<title>Familystrokes &#8211; Yamyhub</title>
	<link>https://adult.yamyhub.com</link>
	<width>32</width>
	<height>32</height>
</image> 
	<item>
		<title>stepdaughter Chloe Scott Fuck from Dad big cock family stroke</title>
		<link>https://adult.yamyhub.com/video/stepdaughter-chloe-scott-fuck-from-dad-big-cock-family-stroke/</link>
		
		<dc:creator><![CDATA[yamyhub]]></dc:creator>
		<pubDate>Sun, 27 Jun 2021 03:17:10 +0000</pubDate>
				<guid isPermaLink="false">https://adult.yamyhub.com/?post_type=video&#038;p=3481</guid>

					<description><![CDATA[<p>stepdaughter Chloe Scott Fuck from Dad big cock family stroke family stroke porn video family stroke step daughter porn video chloe scott family stroke porn chloe scott fuck from dad chloe scott porn video big dick porn video stepdaughter porn video.</p>
<p>The post <a rel="nofollow" href="https://adult.yamyhub.com/video/stepdaughter-chloe-scott-fuck-from-dad-big-cock-family-stroke/">stepdaughter Chloe Scott Fuck from Dad big cock family stroke</a> appeared first on <a rel="nofollow" href="https://adult.yamyhub.com">Yamyhub</a>.</p>
]]></description>
										<content:encoded><![CDATA[<h2>stepdaughter Chloe Scott Fuck from Dad big cock family stroke</h2>
<p>family stroke porn video family stroke step daughter porn video chloe scott family stroke porn chloe scott fuck from dad chloe scott porn video big dick porn video stepdaughter porn video.</p>
<p>The post <a rel="nofollow" href="https://adult.yamyhub.com/video/stepdaughter-chloe-scott-fuck-from-dad-big-cock-family-stroke/">stepdaughter Chloe Scott Fuck from Dad big cock family stroke</a> appeared first on <a rel="nofollow" href="https://adult.yamyhub.com">Yamyhub</a>.</p>
]]></content:encoded>
					
		
		
			</item>
		<item>
		<title>Small tits stepsister get big cock from brother family strokes</title>
		<link>https://adult.yamyhub.com/video/small-tits-stepsister-get-big-cock-from-brother-family-strokes/</link>
		
		<dc:creator><![CDATA[yamyhub]]></dc:creator>
		<pubDate>Sat, 26 Jun 2021 11:36:19 +0000</pubDate>
				<guid isPermaLink="false">https://adult.yamyhub.com/?post_type=video&#038;p=3478</guid>

					<description><![CDATA[<p>Small tits stepsister get big cock from brother family strokes small tits big ass big butt stepsister porn videos stepsister get big cock from brother family strokes family strokes porn video</p>
<p>The post <a rel="nofollow" href="https://adult.yamyhub.com/video/small-tits-stepsister-get-big-cock-from-brother-family-strokes/">Small tits stepsister get big cock from brother family strokes</a> appeared first on <a rel="nofollow" href="https://adult.yamyhub.com">Yamyhub</a>.</p>
]]></description>
										<content:encoded><![CDATA[<h2>Small tits stepsister get big cock from brother family strokes</h2>
<p>small tits big ass big butt stepsister porn videos stepsister get big cock from brother family strokes family strokes porn video</p>
<p>The post <a rel="nofollow" href="https://adult.yamyhub.com/video/small-tits-stepsister-get-big-cock-from-brother-family-strokes/">Small tits stepsister get big cock from brother family strokes</a> appeared first on <a rel="nofollow" href="https://adult.yamyhub.com">Yamyhub</a>.</p>
]]></content:encoded>
					
		
		
			</item>
		<item>
		<title>Small tits teen stepsister paola hard Family stroke with brother</title>
		<link>https://adult.yamyhub.com/video/small-tits-teen-stepsister-paola-hard-family-stroke-with-brother/</link>
		
		<dc:creator><![CDATA[yamyhub]]></dc:creator>
		<pubDate>Sat, 26 Jun 2021 11:06:37 +0000</pubDate>
				<guid isPermaLink="false">https://adult.yamyhub.com/?post_type=video&#038;p=3476</guid>

					<description><![CDATA[<p>Small tits teen stepsister paola hard Family stroke with brother Big black cock big ass big butt small tits porn video paola hard family stroke paola hard porn video paola hard fuck from brother step sister porn video step sister fuck from brother bbc small tits</p>
<p>The post <a rel="nofollow" href="https://adult.yamyhub.com/video/small-tits-teen-stepsister-paola-hard-family-stroke-with-brother/">Small tits teen stepsister paola hard Family stroke with brother</a> appeared first on <a rel="nofollow" href="https://adult.yamyhub.com">Yamyhub</a>.</p>
]]></description>
										<content:encoded><![CDATA[<h2>Small tits teen stepsister paola hard Family stroke with brother</h2>
<p>Big black cock big ass big butt small tits porn video paola hard family stroke paola hard porn video paola hard fuck from brother step sister porn video step sister fuck from brother bbc small tits</p>
<p>The post <a rel="nofollow" href="https://adult.yamyhub.com/video/small-tits-teen-stepsister-paola-hard-family-stroke-with-brother/">Small tits teen stepsister paola hard Family stroke with brother</a> appeared first on <a rel="nofollow" href="https://adult.yamyhub.com">Yamyhub</a>.</p>
]]></content:encoded>
					
		
		
			</item>
		<item>
		<title>stepmom &#038; stepsister Fucked by son and dad Familystrokes</title>
		<link>https://adult.yamyhub.com/video/stepmom-stepsister-fucked-by-son-and-dad-familystrokes/</link>
		
		<dc:creator><![CDATA[yamyhub]]></dc:creator>
		<pubDate>Fri, 25 Jun 2021 12:57:38 +0000</pubDate>
				<guid isPermaLink="false">https://adult.yamyhub.com/?post_type=video&#038;p=3473</guid>

					<description><![CDATA[<p>stepmom &#38; stepsister Fucked by son and dad Family strokes Family strokes porn video big ass MILF porn videos big tits MILF porn stepsister porn videos stepmom porn videos MILF hardcore porn videos.</p>
<p>The post <a rel="nofollow" href="https://adult.yamyhub.com/video/stepmom-stepsister-fucked-by-son-and-dad-familystrokes/">stepmom &#038; stepsister Fucked by son and dad Familystrokes</a> appeared first on <a rel="nofollow" href="https://adult.yamyhub.com">Yamyhub</a>.</p>
]]></description>
										<content:encoded><![CDATA[<h1>stepmom &amp; stepsister Fucked by son and dad Family strokes</h1>
<p>Family strokes porn video big ass MILF porn videos big tits MILF porn stepsister porn videos stepmom porn videos MILF hardcore porn videos.</p>
<p>The post <a rel="nofollow" href="https://adult.yamyhub.com/video/stepmom-stepsister-fucked-by-son-and-dad-familystrokes/">stepmom &#038; stepsister Fucked by son and dad Familystrokes</a> appeared first on <a rel="nofollow" href="https://adult.yamyhub.com">Yamyhub</a>.</p>
]]></content:encoded>
					
		
		
			</item>
		<item>
		<title>Stepsister michelle anderson help from brother familystrokes</title>
		<link>https://adult.yamyhub.com/video/stepsister-michelle-anderson-help-from-brother-familystrokes/</link>
		
		<dc:creator><![CDATA[yamyhub]]></dc:creator>
		<pubDate>Fri, 25 Jun 2021 12:38:06 +0000</pubDate>
				<guid isPermaLink="false">https://adult.yamyhub.com/?post_type=video&#038;p=3471</guid>

					<description><![CDATA[<p>Stepsister michelle anderson help from brother family strokes Stepsister porn video Stepsister fuck from brother stepsister michelle anderson porn michelle anderson porn video michelle anderson fuck from brother big butt big tits michelle anderson.</p>
<p>The post <a rel="nofollow" href="https://adult.yamyhub.com/video/stepsister-michelle-anderson-help-from-brother-familystrokes/">Stepsister michelle anderson help from brother familystrokes</a> appeared first on <a rel="nofollow" href="https://adult.yamyhub.com">Yamyhub</a>.</p>
]]></description>
										<content:encoded><![CDATA[<h1>Stepsister michelle anderson help from brother family strokes</h1>
<p>Stepsister porn video Stepsister fuck from brother stepsister michelle anderson porn michelle anderson porn video michelle anderson fuck from brother big butt big tits michelle anderson.</p>
<p>The post <a rel="nofollow" href="https://adult.yamyhub.com/video/stepsister-michelle-anderson-help-from-brother-familystrokes/">Stepsister michelle anderson help from brother familystrokes</a> appeared first on <a rel="nofollow" href="https://adult.yamyhub.com">Yamyhub</a>.</p>
]]></content:encoded>
					
		
		
			</item>
		<item>
		<title>Christmas mess MILf casca akashova &#038; avery moon Familystrokes</title>
		<link>https://adult.yamyhub.com/video/christmas-mess-milf-casca-akashova-avery-moon-familystrokes/</link>
		
		<dc:creator><![CDATA[yamyhub]]></dc:creator>
		<pubDate>Fri, 25 Jun 2021 12:22:04 +0000</pubDate>
				<guid isPermaLink="false">https://adult.yamyhub.com/?post_type=video&#038;p=3469</guid>

					<description><![CDATA[<p>Christmas mess MILf casca akashova &#38; avery moon Familystrokes Big ass casca akashova fucked Christmas big tits  casca akashova avery moon porn video avery moon threesome porn avery moon big tits Christmas porn Christmas mess porn videos casca akashova threesome</p>
<p>The post <a rel="nofollow" href="https://adult.yamyhub.com/video/christmas-mess-milf-casca-akashova-avery-moon-familystrokes/">Christmas mess MILf casca akashova &#038; avery moon Familystrokes</a> appeared first on <a rel="nofollow" href="https://adult.yamyhub.com">Yamyhub</a>.</p>
]]></description>
										<content:encoded><![CDATA[<h2>Christmas mess MILf casca akashova &amp; avery moon Familystrokes</h2>
<p>Big ass casca akashova fucked Christmas big tits  casca akashova avery moon porn video avery moon threesome porn avery moon big tits Christmas porn Christmas mess porn videos casca akashova threesome</p>
<p>The post <a rel="nofollow" href="https://adult.yamyhub.com/video/christmas-mess-milf-casca-akashova-avery-moon-familystrokes/">Christmas mess MILf casca akashova &#038; avery moon Familystrokes</a> appeared first on <a rel="nofollow" href="https://adult.yamyhub.com">Yamyhub</a>.</p>
]]></content:encoded>
					
		
		
			</item>
		<item>
		<title>Stepsister lexis grey &#038; stepmom karen fisher Fucked during online school</title>
		<link>https://adult.yamyhub.com/video/stepsister-lexis-grey-stepmom-karen-fisher-fucked-during-online-school/</link>
		
		<dc:creator><![CDATA[yamyhub]]></dc:creator>
		<pubDate>Fri, 25 Jun 2021 12:03:59 +0000</pubDate>
				<guid isPermaLink="false">https://adult.yamyhub.com/?post_type=video&#038;p=3467</guid>

					<description><![CDATA[<p>Stepsister lexis grey &#38; stepmom karen fisher Fucked during online school family strokes family strokes porn video step sister porn during scool step sister fuck during school MILF porn video milf porn step mother take cock step mother fuck threesome step mom hardcore sex sex during online school.</p>
<p>The post <a rel="nofollow" href="https://adult.yamyhub.com/video/stepsister-lexis-grey-stepmom-karen-fisher-fucked-during-online-school/">Stepsister lexis grey &#038; stepmom karen fisher Fucked during online school</a> appeared first on <a rel="nofollow" href="https://adult.yamyhub.com">Yamyhub</a>.</p>
]]></description>
										<content:encoded><![CDATA[<h2>Stepsister lexis grey &amp; stepmom karen fisher Fucked during online school family strokes</h2>
<p>family strokes porn video step sister porn during scool step sister fuck during school MILF porn video milf porn step mother take cock step mother fuck threesome step mom hardcore sex sex during online school.</p>
<p>The post <a rel="nofollow" href="https://adult.yamyhub.com/video/stepsister-lexis-grey-stepmom-karen-fisher-fucked-during-online-school/">Stepsister lexis grey &#038; stepmom karen fisher Fucked during online school</a> appeared first on <a rel="nofollow" href="https://adult.yamyhub.com">Yamyhub</a>.</p>
]]></content:encoded>
					
		
		
			</item>
	</channel>
</rss>

0

