<?xml version="1.0" encoding="UTF-8"?><rss version="2.0"
	xmlns:content="http://purl.org/rss/1.0/modules/content/"
	xmlns:wfw="http://wellformedweb.org/CommentAPI/"
	xmlns:dc="http://purl.org/dc/elements/1.1/"
	xmlns:atom="http://www.w3.org/2005/Atom"
	xmlns:sy="http://purl.org/rss/1.0/modules/syndication/"
	xmlns:slash="http://purl.org/rss/1.0/modules/slash/"
	>

<channel>
	<title>Hazel Heart &#8211; Yamyhub</title>
	<atom:link href="https://www.yamyhub.com/categories/hazel-heart/feed/" rel="self" type="application/rss+xml" />
	<link>https://www.yamyhub.com</link>
	<description>Watch latest free HD Full length Porn video. Big ass, Big cock, MILF, Lesbian, Step sister and Step mother Porn videos. Yamyhub porn videos.</description>
	<lastBuildDate>Tue, 10 Aug 2021 16:34:53 +0000</lastBuildDate>
	<language>en-US</language>
	<sy:updatePeriod>
	hourly	</sy:updatePeriod>
	<sy:updateFrequency>
	1	</sy:updateFrequency>
	<generator>https://wordpress.org/?v=5.8</generator>

<image>
	<url>https://www.yamyhub.com/wp-content/uploads/2021/07/cropped-favicon-32x32.png</url>
	<title>Hazel Heart &#8211; Yamyhub</title>
	<link>https://www.yamyhub.com</link>
	<width>32</width>
	<height>32</height>
</image> 
	<item>
		<title>Young step sister &#038; friend found gorgeous pussy threesome</title>
		<link>https://www.yamyhub.com/video/young-step-sister-friend-found-gorgeous-pussy-threesome/</link>
		
		<dc:creator><![CDATA[yamyhub]]></dc:creator>
		<pubDate>Sat, 24 Jul 2021 17:00:21 +0000</pubDate>
				<guid isPermaLink="false">https://www.yamyhub.com/?post_type=video&#038;p=3835</guid>

					<description><![CDATA[<p>Young step sister &#38; friend found gorgeous pussy threesome Family threesome step sister Hazel Heart porn video. Young sister&#8217;s friend got gorgeous pussy brother threesome. FFM family porn yamyhub. Hazel heart latest family threesome porn video. family Sex movies. Threesome Female Female male porn video. Daftsex videos youporn video. Young stepsister take brother cock. Family strokes [&#8230;]</p>
<p>The post <a rel="nofollow" href="https://www.yamyhub.com/video/young-step-sister-friend-found-gorgeous-pussy-threesome/">Young step sister &#038; friend found gorgeous pussy threesome</a> appeared first on <a rel="nofollow" href="https://www.yamyhub.com">Yamyhub</a>.</p>
]]></description>
										<content:encoded><![CDATA[<h2>Young step sister &amp; friend found gorgeous pussy threesome</h2>
<p>Family threesome step sister Hazel Heart porn video. Young sister&#8217;s friend got gorgeous pussy brother threesome. FFM family porn yamyhub. Hazel heart latest family threesome porn video. family Sex movies. Threesome Female Female male porn video. Daftsex videos youporn video. Young stepsister take brother cock. Family strokes latest porn videos.</p>
<p>The post <a rel="nofollow" href="https://www.yamyhub.com/video/young-step-sister-friend-found-gorgeous-pussy-threesome/">Young step sister &#038; friend found gorgeous pussy threesome</a> appeared first on <a rel="nofollow" href="https://www.yamyhub.com">Yamyhub</a>.</p>
]]></content:encoded>
					
		
		
			</item>
	</channel>
</rss>
