<?xml version="1.0" encoding="UTF-8"?><rss version="2.0"
	xmlns:content="http://purl.org/rss/1.0/modules/content/"
	xmlns:wfw="http://wellformedweb.org/CommentAPI/"
	xmlns:dc="http://purl.org/dc/elements/1.1/"
	xmlns:atom="http://www.w3.org/2005/Atom"
	xmlns:sy="http://purl.org/rss/1.0/modules/syndication/"
	xmlns:slash="http://purl.org/rss/1.0/modules/slash/"
	>

<channel>
	<title>Analvids &#8211; Yamyhub</title>
	<atom:link href="https://www.yamyhub.com/categories/analvids/feed/" rel="self" type="application/rss+xml" />
	<link>https://www.yamyhub.com</link>
	<description>Watch latest free HD Full length Porn video. Big ass, Big cock, MILF, Lesbian, Step sister and Step mother Porn videos. Yamyhub porn videos.</description>
	<lastBuildDate>Tue, 10 Aug 2021 10:30:11 +0000</lastBuildDate>
	<language>en-US</language>
	<sy:updatePeriod>
	hourly	</sy:updatePeriod>
	<sy:updateFrequency>
	1	</sy:updateFrequency>
	<generator>https://wordpress.org/?v=5.8</generator>

<image>
	<url>https://www.yamyhub.com/wp-content/uploads/2021/07/cropped-favicon-32x32.png</url>
	<title>Analvids &#8211; Yamyhub</title>
	<link>https://www.yamyhub.com</link>
	<width>32</width>
	<height>32</height>
</image> 
	<item>
		<title>Analvids Russian student Filled up with anal creampie</title>
		<link>https://www.yamyhub.com/video/analvids-russian-student-filled-up-with-anal-creampie/</link>
		
		<dc:creator><![CDATA[yamyhub]]></dc:creator>
		<pubDate>Thu, 05 Aug 2021 07:38:46 +0000</pubDate>
				<guid isPermaLink="false">https://www.yamyhub.com/?post_type=video&#038;p=4159</guid>

					<description><![CDATA[<p>Analvids Russian student Filled up with anal creampie Analvids Russian anal porn video. Student with big ass hole Rough doggy style anal. She ride on dick for twice &#38; gape her ass anal yamyhub. Hard cock fuck ass cum in ass. Young student cock in her ass after school. Hot school girl with amazing ass [&#8230;]</p>
<p>The post <a rel="nofollow" href="https://www.yamyhub.com/video/analvids-russian-student-filled-up-with-anal-creampie/">Analvids Russian student Filled up with anal creampie</a> appeared first on <a rel="nofollow" href="https://www.yamyhub.com">Yamyhub</a>.</p>
]]></description>
										<content:encoded><![CDATA[<h2>Analvids Russian student Filled up with anal creampie</h2>
<p>Analvids Russian anal porn video. Student with big ass hole Rough doggy style anal. She ride on dick for twice &amp; gape her ass anal yamyhub. Hard cock fuck ass cum in ass. Young student cock in her ass after school. Hot school girl with amazing ass fucked by dick. School girl love to fuck from dick in her ass anal porn. xhamster porn xvideos sex xxx videos.</p>
<p>The post <a rel="nofollow" href="https://www.yamyhub.com/video/analvids-russian-student-filled-up-with-anal-creampie/">Analvids Russian student Filled up with anal creampie</a> appeared first on <a rel="nofollow" href="https://www.yamyhub.com">Yamyhub</a>.</p>
]]></content:encoded>
					
		
		
			</item>
	</channel>
</rss>
