<?xml version="1.0" encoding="UTF-8"?><rss version="2.0"
	xmlns:content="http://purl.org/rss/1.0/modules/content/"
	xmlns:wfw="http://wellformedweb.org/CommentAPI/"
	xmlns:dc="http://purl.org/dc/elements/1.1/"
	xmlns:atom="http://www.w3.org/2005/Atom"
	xmlns:sy="http://purl.org/rss/1.0/modules/syndication/"
	xmlns:slash="http://purl.org/rss/1.0/modules/slash/"
	>

<channel>
	<title>mia piper &#8211; Yamyhub</title>
	<atom:link href="https://www.yamyhub.com/categories/mia-piper/feed/" rel="self" type="application/rss+xml" />
	<link>https://www.yamyhub.com</link>
	<description>Watch latest free HD Full length Porn video. Big ass, Big cock, MILF, Lesbian, Step sister and Step mother Porn videos. Yamyhub porn videos.</description>
	<lastBuildDate>Wed, 16 Jun 2021 04:35:09 +0000</lastBuildDate>
	<language>en-US</language>
	<sy:updatePeriod>
	hourly	</sy:updatePeriod>
	<sy:updateFrequency>
	1	</sy:updateFrequency>
	<generator>https://wordpress.org/?v=5.7.2</generator>

<image>
	<url>https://www.yamyhub.com/wp-content/uploads/2021/06/favicon.png</url>
	<title>mia piper &#8211; Yamyhub</title>
	<link>https://www.yamyhub.com</link>
	<width>32</width>
	<height>32</height>
</image> 
	<item>
		<title>Legalporno analvids double anal mia piper gangbang</title>
		<link>https://www.yamyhub.com/video/legalporno-analvids-double-mia-piper-gangbang/</link>
		
		<dc:creator><![CDATA[yamyhub]]></dc:creator>
		<pubDate>Sun, 23 May 2021 13:09:39 +0000</pubDate>
				<guid isPermaLink="false">http://localhost/github/?post_type=video&#038;p=2988</guid>

					<description><![CDATA[<p>LEGALPORNO &#8211; Jordan Pryce Anal Video and Big Tits Legalporno  gonzo analvids hardcore double anal breaking with slut mia piper gangbang,  all sex anal dap, dap pussy pussy fuck porn, double anal porn, mia piper porn gangbnag porn legalporno videos analvids porn, anal videos, double penetration porn, triple penetration porn. latest porn videos.</p>
<p>The post <a rel="nofollow" href="https://www.yamyhub.com/video/legalporno-analvids-double-mia-piper-gangbang/">Legalporno analvids double anal mia piper gangbang</a> appeared first on <a rel="nofollow" href="https://www.yamyhub.com">Yamyhub</a>.</p>
]]></description>
										<content:encoded><![CDATA[<h3>LEGALPORNO &#8211; Jordan Pryce Anal Video and Big Tits</h3>
<p>Legalporno  gonzo analvids hardcore double anal breaking with slut mia piper gangbang,  all sex anal dap, dap pussy</p>
<p>pussy fuck porn, double anal porn, mia piper porn gangbnag porn legalporno videos analvids porn, anal videos, double penetration porn, triple penetration porn. latest porn videos.</p>
<p>The post <a rel="nofollow" href="https://www.yamyhub.com/video/legalporno-analvids-double-mia-piper-gangbang/">Legalporno analvids double anal mia piper gangbang</a> appeared first on <a rel="nofollow" href="https://www.yamyhub.com">Yamyhub</a>.</p>
]]></content:encoded>
					
		
		
			</item>
	</channel>
</rss>
