4620
<?xml version="1.0" encoding="UTF-8"?><rss version="2.0"
	xmlns:content="http://purl.org/rss/1.0/modules/content/"
	xmlns:wfw="http://wellformedweb.org/CommentAPI/"
	xmlns:dc="http://purl.org/dc/elements/1.1/"
	xmlns:atom="http://www.w3.org/2005/Atom"
	xmlns:sy="http://purl.org/rss/1.0/modules/syndication/"
	xmlns:slash="http://purl.org/rss/1.0/modules/slash/"
	>

<channel>
	<title>BRAZZERS &#8211; Yamyhub</title>
	<atom:link href="https://adult.yamyhub.com/categories/brazzers/feed/" rel="self" type="application/rss+xml" />
	<link>https://adult.yamyhub.com</link>
	<description>Watch latest free HD Full length Porn video. Big ass, Big cock, MILF, Lesbian, Step sister and Step mother Porn videos. Yamyhub porn videos.</description>
	<lastBuildDate>Wed, 23 Jun 2021 13:53:50 +0000</lastBuildDate>
	<language>en-US</language>
	<sy:updatePeriod>
	hourly	</sy:updatePeriod>
	<sy:updateFrequency>
	1	</sy:updateFrequency>
	<generator>https://wordpress.org/?v=5.7.2</generator>

<image>
	<url>https://adult.yamyhub.com/wp-content/uploads/2021/06/favicon.png</url>
	<title>BRAZZERS &#8211; Yamyhub</title>
	<link>https://adult.yamyhub.com</link>
	<width>32</width>
	<height>32</height>
</image> 
	<item>
		<title>black women Stepmom Layton benton take cocks brazzers</title>
		<link>https://adult.yamyhub.com/video/black-women-stepmom-layton-benton-take-cocks-brazzers/</link>
		
		<dc:creator><![CDATA[yamyhub]]></dc:creator>
		<pubDate>Wed, 23 Jun 2021 13:33:51 +0000</pubDate>
				<guid isPermaLink="false">https://adult.yamyhub.com/?post_type=video&#038;p=3459</guid>

					<description><![CDATA[<p>big ass black women Stepmom Layton benton take son cocks brazzers jordi El Nino Polla yamyhub threesome threesome porn video jordi El Nino Polla threesome porn two male one female porn jordi El Nino Polla porn video Layton benton porn video Layton benton threesome cock Layton benton porn video</p>
<p>The post <a rel="nofollow" href="https://adult.yamyhub.com/video/black-women-stepmom-layton-benton-take-cocks-brazzers/">black women Stepmom Layton benton take cocks brazzers</a> appeared first on <a rel="nofollow" href="https://adult.yamyhub.com">Yamyhub</a>.</p>
]]></description>
										<content:encoded><![CDATA[<h2>big ass black women Stepmom Layton benton take son cocks brazzers jordi El Nino Polla yamyhub threesome</h2>
<p>threesome porn video jordi El Nino Polla threesome porn two male one female porn jordi El Nino Polla porn video Layton benton porn video Layton benton threesome cock Layton benton porn video</p>
<p>The post <a rel="nofollow" href="https://adult.yamyhub.com/video/black-women-stepmom-layton-benton-take-cocks-brazzers/">black women Stepmom Layton benton take cocks brazzers</a> appeared first on <a rel="nofollow" href="https://adult.yamyhub.com">Yamyhub</a>.</p>
]]></content:encoded>
					
		
		
			</item>
		<item>
		<title>Stepmom Diamond foxxx take cock jordi during Yoga brazzers</title>
		<link>https://adult.yamyhub.com/video/stepmom-diamond-foxxx-take-cock-jordi-during-yoga-brazzers/</link>
		
		<dc:creator><![CDATA[yamyhub]]></dc:creator>
		<pubDate>Wed, 23 Jun 2021 06:24:24 +0000</pubDate>
				<guid isPermaLink="false">https://adult.yamyhub.com/?post_type=video&#038;p=3454</guid>

					<description><![CDATA[<p>Stepmom Diamond foxxx take cock jordi during Yoga brazzers Brazzers stepmom porn video stepmom fuck during exercise diamond foxxx porn videos stepmom porn video yoga paint porn videos Jordi El Nino Polla porn video Jordi El Nino Polla fuck stepmom.</p>
<p>The post <a rel="nofollow" href="https://adult.yamyhub.com/video/stepmom-diamond-foxxx-take-cock-jordi-during-yoga-brazzers/">Stepmom Diamond foxxx take cock jordi during Yoga brazzers</a> appeared first on <a rel="nofollow" href="https://adult.yamyhub.com">Yamyhub</a>.</p>
]]></description>
										<content:encoded><![CDATA[<h2>Stepmom Diamond foxxx take cock jordi during Yoga brazzers</h2>
<p>Brazzers stepmom porn video stepmom fuck during exercise diamond foxxx porn videos stepmom porn video yoga paint porn videos Jordi El Nino Polla porn video Jordi El Nino Polla fuck stepmom.</p>
<p>The post <a rel="nofollow" href="https://adult.yamyhub.com/video/stepmom-diamond-foxxx-take-cock-jordi-during-yoga-brazzers/">Stepmom Diamond foxxx take cock jordi during Yoga brazzers</a> appeared first on <a rel="nofollow" href="https://adult.yamyhub.com">Yamyhub</a>.</p>
]]></content:encoded>
					
		
		
			</item>
		<item>
		<title>Nicolette shea &#038; Savannah Bond fucked by jordi threesome</title>
		<link>https://adult.yamyhub.com/video/nicolette-shea-savannah-bond-fucked-by-jordi-threesome/</link>
		
		<dc:creator><![CDATA[yamyhub]]></dc:creator>
		<pubDate>Wed, 23 Jun 2021 06:08:06 +0000</pubDate>
				<guid isPermaLink="false">https://adult.yamyhub.com/?post_type=video&#038;p=3452</guid>

					<description><![CDATA[<p>Nicolette shea &#38; Savannah Bond fucked by jordi threesome Savannah Bond and nicolette shea fuck hardcore by  Jordi El Nino Polla.  Jordi El Nino Polla porn videos  Jordi El Nino Polla threesome fuck pussy Savannah Bond porn videos Savannah Bond threesome Savannah Bond anal Nicolette Shea porn videos Nicolette Shea anal Nicolette Shea threesome brazzers [&#8230;]</p>
<p>The post <a rel="nofollow" href="https://adult.yamyhub.com/video/nicolette-shea-savannah-bond-fucked-by-jordi-threesome/">Nicolette shea &#038; Savannah Bond fucked by jordi threesome</a> appeared first on <a rel="nofollow" href="https://adult.yamyhub.com">Yamyhub</a>.</p>
]]></description>
										<content:encoded><![CDATA[<h2>Nicolette shea &amp; Savannah Bond fucked by jordi threesome</h2>
<p>Savannah Bond and nicolette shea fuck hardcore by  Jordi El Nino Polla.  Jordi El Nino Polla porn videos  Jordi El Nino Polla threesome fuck pussy Savannah Bond porn videos Savannah Bond threesome Savannah Bond anal Nicolette Shea porn videos Nicolette Shea anal Nicolette Shea threesome brazzers porn videos Brazzers big ass busty moms</p>
<p>The post <a rel="nofollow" href="https://adult.yamyhub.com/video/nicolette-shea-savannah-bond-fucked-by-jordi-threesome/">Nicolette shea &#038; Savannah Bond fucked by jordi threesome</a> appeared first on <a rel="nofollow" href="https://adult.yamyhub.com">Yamyhub</a>.</p>
]]></content:encoded>
					
		
		
			</item>
		<item>
		<title>Big ass Nicolette shea ass fuck &#038; squirt jordi</title>
		<link>https://adult.yamyhub.com/video/big-ass-nicolette-shea-ass-fuck-squirt-jordi/</link>
		
		<dc:creator><![CDATA[yamyhub]]></dc:creator>
		<pubDate>Wed, 23 Jun 2021 05:41:58 +0000</pubDate>
				<guid isPermaLink="false">https://adult.yamyhub.com/?post_type=video&#038;p=3449</guid>

					<description><![CDATA[<p>Big ass Nicolette shea ass fuck &#38; squirt jordi brazzers latest new full hd porn videos brazzers porn videos nicolette shea porn videos female domination nicolette shea ass fuck anal porn Jordi El Nino Polla porn video Jordi El Nino Polla fuck nicolette shea anal porn.</p>
<p>The post <a rel="nofollow" href="https://adult.yamyhub.com/video/big-ass-nicolette-shea-ass-fuck-squirt-jordi/">Big ass Nicolette shea ass fuck &#038; squirt jordi</a> appeared first on <a rel="nofollow" href="https://adult.yamyhub.com">Yamyhub</a>.</p>
]]></description>
										<content:encoded><![CDATA[<h2>Big ass Nicolette shea ass fuck &amp; squirt jordi</h2>
<p>brazzers latest new full hd porn videos brazzers porn videos nicolette shea porn videos female domination nicolette shea ass fuck anal porn Jordi El Nino Polla porn video Jordi El Nino Polla fuck nicolette shea anal porn.</p>
<p>The post <a rel="nofollow" href="https://adult.yamyhub.com/video/big-ass-nicolette-shea-ass-fuck-squirt-jordi/">Big ass Nicolette shea ass fuck &#038; squirt jordi</a> appeared first on <a rel="nofollow" href="https://adult.yamyhub.com">Yamyhub</a>.</p>
]]></content:encoded>
					
		
		
			</item>
		<item>
		<title>Emergency Squirter Brazzers Adriana Chechik Double penetration</title>
		<link>https://adult.yamyhub.com/video/emergency-squirter-brazzers-adriana-chechik-double-penetration/</link>
		
		<dc:creator><![CDATA[yamyhub]]></dc:creator>
		<pubDate>Tue, 22 Jun 2021 11:11:10 +0000</pubDate>
				<guid isPermaLink="false">https://adult.yamyhub.com/?post_type=video&#038;p=3446</guid>

					<description><![CDATA[<p>Emergency Squirter Brazzers Adriana Chechik Double penetration and squirt in bathroom Adriana Chechik Fucked double penetration in bathroom, Adriana Chechik anal porn video, Adriana Chechik squirt Adriana Chechik love anal. emergency squirter.</p>
<p>The post <a rel="nofollow" href="https://adult.yamyhub.com/video/emergency-squirter-brazzers-adriana-chechik-double-penetration/">Emergency Squirter Brazzers Adriana Chechik Double penetration</a> appeared first on <a rel="nofollow" href="https://adult.yamyhub.com">Yamyhub</a>.</p>
]]></description>
										<content:encoded><![CDATA[<h2>Emergency Squirter Brazzers Adriana Chechik Double penetration and squirt in bathroom</h2>
<p>Adriana Chechik Fucked double penetration in bathroom, Adriana Chechik anal porn video, Adriana Chechik squirt Adriana Chechik love anal. emergency squirter.</p>
<p>The post <a rel="nofollow" href="https://adult.yamyhub.com/video/emergency-squirter-brazzers-adriana-chechik-double-penetration/">Emergency Squirter Brazzers Adriana Chechik Double penetration</a> appeared first on <a rel="nofollow" href="https://adult.yamyhub.com">Yamyhub</a>.</p>
]]></content:encoded>
					
		
		
			</item>
		<item>
		<title>Abella danger Fuck anal and cum from hard brazzers</title>
		<link>https://adult.yamyhub.com/video/abella-danger-fuck-anal-and-cum-from-hard-brazzers/</link>
		
		<dc:creator><![CDATA[yamyhub]]></dc:creator>
		<pubDate>Tue, 22 Jun 2021 06:45:37 +0000</pubDate>
				<guid isPermaLink="false">https://adult.yamyhub.com/?post_type=video&#038;p=3442</guid>

					<description><![CDATA[<p>Abella danger Fuck anal and cum from hard brazzers abella danger anal porn video abella danger cul from brazzer anal abella danger abella dnager hardcore anal porn video. brazzers anal porn videos.</p>
<p>The post <a rel="nofollow" href="https://adult.yamyhub.com/video/abella-danger-fuck-anal-and-cum-from-hard-brazzers/">Abella danger Fuck anal and cum from hard brazzers</a> appeared first on <a rel="nofollow" href="https://adult.yamyhub.com">Yamyhub</a>.</p>
]]></description>
										<content:encoded><![CDATA[<h2>Abella danger Fuck anal and cum from hard brazzers</h2>
<p>abella danger anal porn video abella danger cul from brazzer anal abella danger abella dnager hardcore anal porn video. brazzers anal porn videos.</p>
<p>The post <a rel="nofollow" href="https://adult.yamyhub.com/video/abella-danger-fuck-anal-and-cum-from-hard-brazzers/">Abella danger Fuck anal and cum from hard brazzers</a> appeared first on <a rel="nofollow" href="https://adult.yamyhub.com">Yamyhub</a>.</p>
]]></content:encoded>
					
		
		
			</item>
		<item>
		<title>Stepmom Suck Stepdaughter Boyfriend cock under cover Brazzers</title>
		<link>https://adult.yamyhub.com/video/stepmom-suck-stepdaughter-boyfriend-cock-under-cover-brazzers/</link>
		
		<dc:creator><![CDATA[yamyhub]]></dc:creator>
		<pubDate>Sun, 20 Jun 2021 06:20:43 +0000</pubDate>
				<guid isPermaLink="false">https://adult.yamyhub.com/?post_type=video&#038;p=3411</guid>

					<description><![CDATA[<p>Stepmom Suck Stepdaughter Boyfriend cock under cover Brazzers Brazzers stepmom porn videos, Brazzers stepdaughter porn videos. mom suck boyfriend cock under cover. brazzers porn videos. Threesome porn videos. two sluty female fuck by male dominant. Nicolette Shea porn videos, Nicolette Shea threesome porn Nicolette Shea and lana rhoades porn videos. Nicolette Shea threesome porn videos.</p>
<p>The post <a rel="nofollow" href="https://adult.yamyhub.com/video/stepmom-suck-stepdaughter-boyfriend-cock-under-cover-brazzers/">Stepmom Suck Stepdaughter Boyfriend cock under cover Brazzers</a> appeared first on <a rel="nofollow" href="https://adult.yamyhub.com">Yamyhub</a>.</p>
]]></description>
										<content:encoded><![CDATA[<h2>Stepmom Suck Stepdaughter Boyfriend cock under cover Brazzers</h2>
<p>Brazzers stepmom porn videos, Brazzers stepdaughter porn videos. mom suck boyfriend cock under cover. brazzers porn videos. Threesome porn videos. two sluty female fuck by male dominant. Nicolette Shea porn videos, Nicolette Shea threesome porn Nicolette Shea and lana rhoades porn videos. Nicolette Shea threesome porn videos.</p>
<p>The post <a rel="nofollow" href="https://adult.yamyhub.com/video/stepmom-suck-stepdaughter-boyfriend-cock-under-cover-brazzers/">Stepmom Suck Stepdaughter Boyfriend cock under cover Brazzers</a> appeared first on <a rel="nofollow" href="https://adult.yamyhub.com">Yamyhub</a>.</p>
]]></content:encoded>
					
		
		
			</item>
		<item>
		<title>Brazzers &#8211; Four Sluty big ass teen Fuck hardcore By Mr lee</title>
		<link>https://adult.yamyhub.com/video/brazzers-four-sluty-big-ass-teen-fuck-hardcore-by-mr-lee/</link>
		
		<dc:creator><![CDATA[yamyhub]]></dc:creator>
		<pubDate>Sun, 20 Jun 2021 05:58:26 +0000</pubDate>
				<guid isPermaLink="false">https://adult.yamyhub.com/?post_type=video&#038;p=3409</guid>

					<description><![CDATA[<p>Brazzers &#8211; Four Sluty big ass teen Fuck hardcore By Mr lee Mr lee porn videos, Mr Lee fuck four girls in office. big ass bog boobs Lana rhoades porn videos. Riley Reid porn videos, Riley Reid fuck in office. Janice Griffith porn videos, Janice Griffith lesbian porn videos, Aidra Fox porn videos Aidra Fox [&#8230;]</p>
<p>The post <a rel="nofollow" href="https://adult.yamyhub.com/video/brazzers-four-sluty-big-ass-teen-fuck-hardcore-by-mr-lee/">Brazzers &#8211; Four Sluty big ass teen Fuck hardcore By Mr lee</a> appeared first on <a rel="nofollow" href="https://adult.yamyhub.com">Yamyhub</a>.</p>
]]></description>
										<content:encoded><![CDATA[<h2>Brazzers &#8211; Four Sluty big ass teen Fuck hardcore By Mr lee</h2>
<p>Mr lee porn videos, Mr Lee fuck four girls in office. big ass bog boobs Lana rhoades porn videos. Riley Reid porn videos, Riley Reid fuck in office.</p>
<p>Janice Griffith porn videos, Janice Griffith lesbian porn videos, Aidra Fox porn videos Aidra Fox lesbian organism porn. Brazzers girls gang porn videos.</p>
<p>The post <a rel="nofollow" href="https://adult.yamyhub.com/video/brazzers-four-sluty-big-ass-teen-fuck-hardcore-by-mr-lee/">Brazzers &#8211; Four Sluty big ass teen Fuck hardcore By Mr lee</a> appeared first on <a rel="nofollow" href="https://adult.yamyhub.com">Yamyhub</a>.</p>
]]></content:encoded>
					
		
		
			</item>
		<item>
		<title>Hot stepsister teens Karlee Gray &#038; Valentina Nappi Fucked</title>
		<link>https://adult.yamyhub.com/video/hot-stepsister-teens-karlee-gray-valentina-nappi-fucked/</link>
		
		<dc:creator><![CDATA[yamyhub]]></dc:creator>
		<pubDate>Sat, 19 Jun 2021 13:56:05 +0000</pubDate>
				<guid isPermaLink="false">https://adult.yamyhub.com/?post_type=video&#038;p=3407</guid>

					<description><![CDATA[<p>Hot stepsister teens Karlee Gray &#38; Valentina Nappi Fucked Hot stepsister Teens karlee gray and valentina nappi fucked hardcore on bedroom from Jessy Jones. Jessy jones big cock fuck two beautiful teen. big ass big tits big boobs teen fuck on bed. sandwich girl fucked. big ass porn videos. brazzers threesome porn videos. &#160;</p>
<p>The post <a rel="nofollow" href="https://adult.yamyhub.com/video/hot-stepsister-teens-karlee-gray-valentina-nappi-fucked/">Hot stepsister teens Karlee Gray &#038; Valentina Nappi Fucked</a> appeared first on <a rel="nofollow" href="https://adult.yamyhub.com">Yamyhub</a>.</p>
]]></description>
										<content:encoded><![CDATA[<h2>Hot stepsister teens Karlee Gray &amp; Valentina Nappi Fucked</h2>
<p>Hot stepsister Teens karlee gray and valentina nappi fucked hardcore on bedroom from Jessy Jones. Jessy jones big cock fuck two beautiful teen. big ass big tits big boobs teen fuck on bed. sandwich girl fucked. big ass porn videos. brazzers threesome porn videos.</p>
<p>&nbsp;</p>
<p>The post <a rel="nofollow" href="https://adult.yamyhub.com/video/hot-stepsister-teens-karlee-gray-valentina-nappi-fucked/">Hot stepsister teens Karlee Gray &#038; Valentina Nappi Fucked</a> appeared first on <a rel="nofollow" href="https://adult.yamyhub.com">Yamyhub</a>.</p>
]]></content:encoded>
					
		
		
			</item>
		<item>
		<title>Brunette Teen Lana rhoades take big cock in ass</title>
		<link>https://adult.yamyhub.com/video/brunette-teen-lana-rhoades-take-big-cock-in-ass/</link>
		
		<dc:creator><![CDATA[yamyhub]]></dc:creator>
		<pubDate>Sat, 19 Jun 2021 13:33:15 +0000</pubDate>
				<guid isPermaLink="false">https://adult.yamyhub.com/?post_type=video&#038;p=3405</guid>

					<description><![CDATA[<p>Brunette Teen Lana rhoades take big cock in ass Lana rhoades porn videos, porn videos, lana rhoades big ass big boobs porn videos lana rhoades. lana rhoades fuck anal in kitchen lana rhoades anal sex. brunette teen lana fuck anal. big ass porn videos. brazzers porn videos. Brazzers anal.</p>
<p>The post <a rel="nofollow" href="https://adult.yamyhub.com/video/brunette-teen-lana-rhoades-take-big-cock-in-ass/">Brunette Teen Lana rhoades take big cock in ass</a> appeared first on <a rel="nofollow" href="https://adult.yamyhub.com">Yamyhub</a>.</p>
]]></description>
										<content:encoded><![CDATA[<h2>Brunette Teen Lana rhoades take big cock in ass</h2>
<p>Lana rhoades porn videos, porn videos, lana rhoades big ass big boobs porn videos lana rhoades. lana rhoades fuck anal in kitchen lana rhoades anal sex. brunette teen lana fuck anal.</p>
<p>big ass porn videos. brazzers porn videos. Brazzers anal.</p>
<p>The post <a rel="nofollow" href="https://adult.yamyhub.com/video/brunette-teen-lana-rhoades-take-big-cock-in-ass/">Brunette Teen Lana rhoades take big cock in ass</a> appeared first on <a rel="nofollow" href="https://adult.yamyhub.com">Yamyhub</a>.</p>
]]></content:encoded>
					
		
		
			</item>
	</channel>
</rss>

0

