<?xml version="1.0" encoding="UTF-8"?><rss version="2.0"
	xmlns:content="http://purl.org/rss/1.0/modules/content/"
	xmlns:wfw="http://wellformedweb.org/CommentAPI/"
	xmlns:dc="http://purl.org/dc/elements/1.1/"
	xmlns:atom="http://www.w3.org/2005/Atom"
	xmlns:sy="http://purl.org/rss/1.0/modules/syndication/"
	xmlns:slash="http://purl.org/rss/1.0/modules/slash/"
	>

<channel>
	<title>Krissy Lynn &#8211; Yamyhub</title>
	<atom:link href="https://www.yamyhub.com/categories/krissy-lynn/feed/" rel="self" type="application/rss+xml" />
	<link>https://www.yamyhub.com</link>
	<description>Watch latest free HD Full length Porn video. Big ass, Big cock, MILF, Lesbian, Step sister and Step mother Porn videos. Yamyhub porn videos.</description>
	<lastBuildDate>Thu, 17 Jun 2021 09:59:34 +0000</lastBuildDate>
	<language>en-US</language>
	<sy:updatePeriod>
	hourly	</sy:updatePeriod>
	<sy:updateFrequency>
	1	</sy:updateFrequency>
	<generator>https://wordpress.org/?v=5.7.2</generator>

<image>
	<url>https://www.yamyhub.com/wp-content/uploads/2021/06/favicon.png</url>
	<title>Krissy Lynn &#8211; Yamyhub</title>
	<link>https://www.yamyhub.com</link>
	<width>32</width>
	<height>32</height>
</image> 
	<item>
		<title>Abella danger, Angela white &#038; krissy lynn Fuck girlsway office</title>
		<link>https://www.yamyhub.com/video/abella-danger-angela-white-krissy-lynn-fuck-girlsway-office/</link>
		
		<dc:creator><![CDATA[yamyhub]]></dc:creator>
		<pubDate>Thu, 17 Jun 2021 09:54:04 +0000</pubDate>
				<guid isPermaLink="false">https://www.yamyhub.com/?post_type=video&#038;p=3391</guid>

					<description><![CDATA[<p>Abella danger, Angela white &#38; krissy lynn Fuck girlsway office Big ass porn video, lesbian porn videos, big tits porn big ass angela white porn video. angela white lesbian porn. abella danger lesbian porn abella danger. krissy lynn porn lesbian krissy lynn porn.</p>
<p>The post <a rel="nofollow" href="https://www.yamyhub.com/video/abella-danger-angela-white-krissy-lynn-fuck-girlsway-office/">Abella danger, Angela white &#038; krissy lynn Fuck girlsway office</a> appeared first on <a rel="nofollow" href="https://www.yamyhub.com">Yamyhub</a>.</p>
]]></description>
										<content:encoded><![CDATA[<h2>Abella danger, Angela white &amp; krissy lynn Fuck girlsway office</h2>
<p>Big ass porn video, lesbian porn videos, big tits porn big ass angela white porn video. angela white lesbian porn. abella danger lesbian porn abella danger. krissy lynn porn lesbian krissy lynn porn.</p>
<p>The post <a rel="nofollow" href="https://www.yamyhub.com/video/abella-danger-angela-white-krissy-lynn-fuck-girlsway-office/">Abella danger, Angela white &#038; krissy lynn Fuck girlsway office</a> appeared first on <a rel="nofollow" href="https://www.yamyhub.com">Yamyhub</a>.</p>
]]></content:encoded>
					
		
		
			</item>
	</channel>
</rss>
