<?xml version="1.0" encoding="UTF-8"?><rss version="2.0"
	xmlns:content="http://purl.org/rss/1.0/modules/content/"
	xmlns:wfw="http://wellformedweb.org/CommentAPI/"
	xmlns:dc="http://purl.org/dc/elements/1.1/"
	xmlns:atom="http://www.w3.org/2005/Atom"
	xmlns:sy="http://purl.org/rss/1.0/modules/syndication/"
	xmlns:slash="http://purl.org/rss/1.0/modules/slash/"
	>

<channel>
	<title>Vanessa Veracruz &#8211; Yamyhub</title>
	<atom:link href="https://adult.yamyhub.com/categories/vanessa-veracruz/feed/" rel="self" type="application/rss+xml" />
	<link>https://adult.yamyhub.com</link>
	<description>Watch latest free HD Full length Porn video. Big ass, Big cock, MILF, Lesbian, Step sister and Step mother Porn videos. Yamyhub porn videos.</description>
	<lastBuildDate>Sun, 27 Jun 2021 03:49:14 +0000</lastBuildDate>
	<language>en-US</language>
	<sy:updatePeriod>
	hourly	</sy:updatePeriod>
	<sy:updateFrequency>
	1	</sy:updateFrequency>
	<generator>https://wordpress.org/?v=5.7.2</generator>

<image>
	<url>https://adult.yamyhub.com/wp-content/uploads/2021/06/favicon.png</url>
	<title>Vanessa Veracruz &#8211; Yamyhub</title>
	<link>https://adult.yamyhub.com</link>
	<width>32</width>
	<height>32</height>
</image> 
	<item>
		<title>Abigail Mac &#8216;s Lesbian Affair with big boobs babe &#8211; Girlsway</title>
		<link>https://adult.yamyhub.com/video/abigail-mac-s-lesbian-affair-with-big-boobs-babe-girlsway/</link>
		
		<dc:creator><![CDATA[yamyhub]]></dc:creator>
		<pubDate>Fri, 11 Jun 2021 04:15:31 +0000</pubDate>
				<guid isPermaLink="false">https://adult.yamyhub.com/?post_type=video&#038;p=3297</guid>

					<description><![CDATA[<p>Abigail Mac &#8216;s Lesbian Affair with big boobs babe &#8211; Girlsway HD Porn Pornstar Latina Lesbian Pussy Licking Popular With Women Girlsway Latina Stockings Lesbian Ass Licking Girl On Girl   Pussy Licking  Rimming  Fake Tits Kissing Pilot Big Tits  Brunette Stocking Lingerie High Heels girlsway lesbian porn videos.</p>
<p>The post <a rel="nofollow" href="https://adult.yamyhub.com/video/abigail-mac-s-lesbian-affair-with-big-boobs-babe-girlsway/">Abigail Mac &#8216;s Lesbian Affair with big boobs babe &#8211; Girlsway</a> appeared first on <a rel="nofollow" href="https://adult.yamyhub.com">Yamyhub</a>.</p>
]]></description>
										<content:encoded><![CDATA[<h1>Abigail Mac &#8216;s Lesbian Affair with big boobs babe &#8211; Girlsway</h1>
<p>HD Porn Pornstar Latina Lesbian Pussy Licking Popular With Women</p>
<p>Girlsway Latina Stockings Lesbian Ass Licking Girl On Girl   Pussy Licking  Rimming  Fake Tits Kissing Pilot Big Tits  Brunette Stocking Lingerie High Heels</p>
<p>girlsway lesbian porn videos.</p>
<p>The post <a rel="nofollow" href="https://adult.yamyhub.com/video/abigail-mac-s-lesbian-affair-with-big-boobs-babe-girlsway/">Abigail Mac &#8216;s Lesbian Affair with big boobs babe &#8211; Girlsway</a> appeared first on <a rel="nofollow" href="https://adult.yamyhub.com">Yamyhub</a>.</p>
]]></content:encoded>
					
		
		
			</item>
	</channel>
</rss>
