<?xml version="1.0" encoding="UTF-8"?><rss version="2.0"
	xmlns:content="http://purl.org/rss/1.0/modules/content/"
	xmlns:wfw="http://wellformedweb.org/CommentAPI/"
	xmlns:dc="http://purl.org/dc/elements/1.1/"
	xmlns:atom="http://www.w3.org/2005/Atom"
	xmlns:sy="http://purl.org/rss/1.0/modules/syndication/"
	xmlns:slash="http://purl.org/rss/1.0/modules/slash/"
	>

<channel>
	<title>Brooke Banner &#8211; Yamyhub</title>
	<atom:link href="https://www.yamyhub.com/categories/brooke-banner/feed/" rel="self" type="application/rss+xml" />
	<link>https://www.yamyhub.com</link>
	<description>Watch latest free HD Full length Porn video. Big ass, Big cock, MILF, Lesbian, Step sister and Step mother Porn videos. Yamyhub porn videos.</description>
	<lastBuildDate>Mon, 28 Jun 2021 11:05:44 +0000</lastBuildDate>
	<language>en-US</language>
	<sy:updatePeriod>
	hourly	</sy:updatePeriod>
	<sy:updateFrequency>
	1	</sy:updateFrequency>
	<generator>https://wordpress.org/?v=5.7.2</generator>

<image>
	<url>https://www.yamyhub.com/wp-content/uploads/2021/06/favicon.png</url>
	<title>Brooke Banner &#8211; Yamyhub</title>
	<link>https://www.yamyhub.com</link>
	<width>32</width>
	<height>32</height>
</image> 
	<item>
		<title>Beautiful stepmom Brooke Banner Take son cock family strokes</title>
		<link>https://www.yamyhub.com/video/beautiful-stepmom-brooke-banner-take-son-cock-family-strokes/</link>
		
		<dc:creator><![CDATA[yamyhub]]></dc:creator>
		<pubDate>Mon, 28 Jun 2021 11:04:57 +0000</pubDate>
				<guid isPermaLink="false">https://www.yamyhub.com/?post_type=video&#038;p=3484</guid>

					<description><![CDATA[<p>Beautiful stepmom Brooke Banner Take son cock family strokes stepmom porn video latest family strokes porn video big ass big tits huge tits porn video family strokes porn video latest family strokes stepmom porn video step mom porn videos Brooke Banner porn video Brooke Banner latest porn videos.</p>
<p>The post <a rel="nofollow" href="https://www.yamyhub.com/video/beautiful-stepmom-brooke-banner-take-son-cock-family-strokes/">Beautiful stepmom Brooke Banner Take son cock family strokes</a> appeared first on <a rel="nofollow" href="https://www.yamyhub.com">Yamyhub</a>.</p>
]]></description>
										<content:encoded><![CDATA[<h2>Beautiful stepmom Brooke Banner Take son cock family strokes</h2>
<p>stepmom porn video latest family strokes porn video big ass big tits huge tits porn video family strokes porn video latest family strokes stepmom porn video step mom porn videos Brooke Banner porn video Brooke Banner latest porn videos.</p>
<p>The post <a rel="nofollow" href="https://www.yamyhub.com/video/beautiful-stepmom-brooke-banner-take-son-cock-family-strokes/">Beautiful stepmom Brooke Banner Take son cock family strokes</a> appeared first on <a rel="nofollow" href="https://www.yamyhub.com">Yamyhub</a>.</p>
]]></content:encoded>
					
		
		
			</item>
	</channel>
</rss>
