<?xml version="1.0" encoding="UTF-8"?><rss version="2.0"
	xmlns:content="http://purl.org/rss/1.0/modules/content/"
	xmlns:wfw="http://wellformedweb.org/CommentAPI/"
	xmlns:dc="http://purl.org/dc/elements/1.1/"
	xmlns:atom="http://www.w3.org/2005/Atom"
	xmlns:sy="http://purl.org/rss/1.0/modules/syndication/"
	xmlns:slash="http://purl.org/rss/1.0/modules/slash/"
	>

<channel>
	<title>Damon Dice &#8211; Yamyhub</title>
	<atom:link href="https://www.yamyhub.com/categories/damon-dice/feed/" rel="self" type="application/rss+xml" />
	<link>https://www.yamyhub.com</link>
	<description>Watch latest free HD Full length Porn video. Big ass, Big cock, MILF, Lesbian, Step sister and Step mother Porn videos. Yamyhub porn videos.</description>
	<lastBuildDate>Tue, 10 Aug 2021 10:44:02 +0000</lastBuildDate>
	<language>en-US</language>
	<sy:updatePeriod>
	hourly	</sy:updatePeriod>
	<sy:updateFrequency>
	1	</sy:updateFrequency>
	<generator>https://wordpress.org/?v=5.8</generator>

<image>
	<url>https://www.yamyhub.com/wp-content/uploads/2021/07/cropped-favicon-32x32.png</url>
	<title>Damon Dice &#8211; Yamyhub</title>
	<link>https://www.yamyhub.com</link>
	<width>32</width>
	<height>32</height>
</image> 
	<item>
		<title>Family Strokes hot stepmom phoenix marie want son&#8217;s cock</title>
		<link>https://www.yamyhub.com/video/family-strokes-hot-stepmom-phoenix-marie-want-sons-cock/</link>
		
		<dc:creator><![CDATA[yamyhub]]></dc:creator>
		<pubDate>Wed, 04 Aug 2021 03:48:17 +0000</pubDate>
				<guid isPermaLink="false">https://www.yamyhub.com/?post_type=video&#038;p=4129</guid>

					<description><![CDATA[<p>Family Strokes hot stepmom Phoenix Marie want son&#8217;s cock Family strokes pornstar Phoenix Marie Johnny Castle &#38; Damon Dice porn video. stepson fuck her stepmom at kitchen table. Threesome MMF yamyhub. MILF porn star phoenix Marie want to love her son in kitchen. Two sons fuck her mom at kitchen. Mom with big tits want [&#8230;]</p>
<p>The post <a rel="nofollow" href="https://www.yamyhub.com/video/family-strokes-hot-stepmom-phoenix-marie-want-sons-cock/">Family Strokes hot stepmom phoenix marie want son&#8217;s cock</a> appeared first on <a rel="nofollow" href="https://www.yamyhub.com">Yamyhub</a>.</p>
]]></description>
										<content:encoded><![CDATA[<h2>Family Strokes hot stepmom Phoenix Marie want son&#8217;s cock</h2>
<p>Family strokes pornstar Phoenix Marie Johnny Castle &amp; Damon Dice porn video. stepson fuck her stepmom at kitchen table. Threesome MMF yamyhub. MILF porn star phoenix Marie want to love her son in kitchen. Two sons fuck her mom at kitchen. Mom with big tits want her son&#8217;s cocks. Family strokes best HD sex movies XXX. Daftsex videos.</p>
<p>The post <a rel="nofollow" href="https://www.yamyhub.com/video/family-strokes-hot-stepmom-phoenix-marie-want-sons-cock/">Family Strokes hot stepmom phoenix marie want son&#8217;s cock</a> appeared first on <a rel="nofollow" href="https://www.yamyhub.com">Yamyhub</a>.</p>
]]></content:encoded>
					
		
		
			</item>
		<item>
		<title>BANGBROS Big Fat ass Porno Alexis Texas, Damon Dice</title>
		<link>https://www.yamyhub.com/video/bangbros-big-fat-ass-porno-alexis-texas-damon-dice/</link>
		
		<dc:creator><![CDATA[yamyhub]]></dc:creator>
		<pubDate>Fri, 14 May 2021 17:27:04 +0000</pubDate>
				<guid isPermaLink="false">http://localhost/github/?post_type=video&#038;p=2861</guid>

					<description><![CDATA[<p>BANGBROS &#8211; Big Fat ass, Porno Alexis Texas is for You &#8211; Damon Dice Babe Big Ass porn videos Blowjob Blonde pornstar MILF POV Pornstar POV HD Porn Hardcore Bang Big Ass Pawg Booty Ass, Blonde Ass Parade Assparade, Small Tits Big Big Butt</p>
<p>The post <a rel="nofollow" href="https://www.yamyhub.com/video/bangbros-big-fat-ass-porno-alexis-texas-damon-dice/">BANGBROS Big Fat ass Porno Alexis Texas, Damon Dice</a> appeared first on <a rel="nofollow" href="https://www.yamyhub.com">Yamyhub</a>.</p>
]]></description>
										<content:encoded><![CDATA[<p>BANGBROS &#8211; Big Fat ass, Porno Alexis Texas is for You &#8211; Damon Dice</p>
<p>Babe Big Ass porn videos Blowjob Blonde pornstar</p>
<p>MILF POV Pornstar POV HD Porn Hardcore</p>
<p>Bang Big Ass Pawg Booty Ass, Blonde</p>
<p>Ass Parade Assparade, Small Tits Big Big Butt</p>
<p>The post <a rel="nofollow" href="https://www.yamyhub.com/video/bangbros-big-fat-ass-porno-alexis-texas-damon-dice/">BANGBROS Big Fat ass Porno Alexis Texas, Damon Dice</a> appeared first on <a rel="nofollow" href="https://www.yamyhub.com">Yamyhub</a>.</p>
]]></content:encoded>
					
		
		
			</item>
	</channel>
</rss>
