<?xml version="1.0" encoding="UTF-8"?><rss version="2.0"
	xmlns:content="http://purl.org/rss/1.0/modules/content/"
	xmlns:wfw="http://wellformedweb.org/CommentAPI/"
	xmlns:dc="http://purl.org/dc/elements/1.1/"
	xmlns:atom="http://www.w3.org/2005/Atom"
	xmlns:sy="http://purl.org/rss/1.0/modules/syndication/"
	xmlns:slash="http://purl.org/rss/1.0/modules/slash/"
	>

<channel>
	<title>lexi grey &#8211; Yamyhub</title>
	<atom:link href="https://adult.yamyhub.com/categories/lexi-grey/feed/" rel="self" type="application/rss+xml" />
	<link>https://adult.yamyhub.com</link>
	<description>Watch latest free HD Full length Porn video. Big ass, Big cock, MILF, Lesbian, Step sister and Step mother Porn videos. Yamyhub porn videos.</description>
	<lastBuildDate>Fri, 25 Jun 2021 12:04:45 +0000</lastBuildDate>
	<language>en-US</language>
	<sy:updatePeriod>
	hourly	</sy:updatePeriod>
	<sy:updateFrequency>
	1	</sy:updateFrequency>
	<generator>https://wordpress.org/?v=5.7.2</generator>

<image>
	<url>https://adult.yamyhub.com/wp-content/uploads/2021/06/favicon.png</url>
	<title>lexi grey &#8211; Yamyhub</title>
	<link>https://adult.yamyhub.com</link>
	<width>32</width>
	<height>32</height>
</image> 
	<item>
		<title>Stepsister lexis grey &#038; stepmom karen fisher Fucked during online school</title>
		<link>https://adult.yamyhub.com/video/stepsister-lexis-grey-stepmom-karen-fisher-fucked-during-online-school/</link>
		
		<dc:creator><![CDATA[yamyhub]]></dc:creator>
		<pubDate>Fri, 25 Jun 2021 12:03:59 +0000</pubDate>
				<guid isPermaLink="false">https://adult.yamyhub.com/?post_type=video&#038;p=3467</guid>

					<description><![CDATA[<p>Stepsister lexis grey &#38; stepmom karen fisher Fucked during online school family strokes family strokes porn video step sister porn during scool step sister fuck during school MILF porn video milf porn step mother take cock step mother fuck threesome step mom hardcore sex sex during online school.</p>
<p>The post <a rel="nofollow" href="https://adult.yamyhub.com/video/stepsister-lexis-grey-stepmom-karen-fisher-fucked-during-online-school/">Stepsister lexis grey &#038; stepmom karen fisher Fucked during online school</a> appeared first on <a rel="nofollow" href="https://adult.yamyhub.com">Yamyhub</a>.</p>
]]></description>
										<content:encoded><![CDATA[<h2>Stepsister lexis grey &amp; stepmom karen fisher Fucked during online school family strokes</h2>
<p>family strokes porn video step sister porn during scool step sister fuck during school MILF porn video milf porn step mother take cock step mother fuck threesome step mom hardcore sex sex during online school.</p>
<p>The post <a rel="nofollow" href="https://adult.yamyhub.com/video/stepsister-lexis-grey-stepmom-karen-fisher-fucked-during-online-school/">Stepsister lexis grey &#038; stepmom karen fisher Fucked during online school</a> appeared first on <a rel="nofollow" href="https://adult.yamyhub.com">Yamyhub</a>.</p>
]]></content:encoded>
					
		
		
			</item>
	</channel>
</rss>
