<?xml version="1.0" encoding="UTF-8"?><rss version="2.0"
	xmlns:content="http://purl.org/rss/1.0/modules/content/"
	xmlns:wfw="http://wellformedweb.org/CommentAPI/"
	xmlns:dc="http://purl.org/dc/elements/1.1/"
	xmlns:atom="http://www.w3.org/2005/Atom"
	xmlns:sy="http://purl.org/rss/1.0/modules/syndication/"
	xmlns:slash="http://purl.org/rss/1.0/modules/slash/"
	>

<channel>
	<title>cum4k &#8211; Yamyhub</title>
	<atom:link href="https://www.yamyhub.com/categories/cum4k/feed/" rel="self" type="application/rss+xml" />
	<link>https://www.yamyhub.com</link>
	<description>Watch latest free HD Full length Porn video. Big ass, Big cock, MILF, Lesbian, Step sister and Step mother Porn videos. Yamyhub porn videos.</description>
	<lastBuildDate>Tue, 17 Aug 2021 03:49:37 +0000</lastBuildDate>
	<language>en-US</language>
	<sy:updatePeriod>
	hourly	</sy:updatePeriod>
	<sy:updateFrequency>
	1	</sy:updateFrequency>
	<generator>https://wordpress.org/?v=5.8</generator>

<image>
	<url>https://www.yamyhub.com/wp-content/uploads/2021/07/cropped-favicon-32x32.png</url>
	<title>cum4k &#8211; Yamyhub</title>
	<link>https://www.yamyhub.com</link>
	<width>32</width>
	<height>32</height>
</image> 
	<item>
		<title>Cum4k Small tits Ariana marie make perfect creampie</title>
		<link>https://www.yamyhub.com/video/cum4k-small-tits-ariana-marie-make-perfect-creampie/</link>
		
		<dc:creator><![CDATA[yamyhub]]></dc:creator>
		<pubDate>Tue, 17 Aug 2021 03:49:37 +0000</pubDate>
				<guid isPermaLink="false">https://www.yamyhub.com/?post_type=video&#038;p=4570</guid>

					<description><![CDATA[<p>Cum4k Small tits Ariana marie make perfect creampie Cum4k pornstar Ariana marie creampie porn video on daftsex. Small tits get pussy leak and creampie with cum on bed Blowjob dick yamyhub. Pussy leak when she creampie cum from pussy. Naughty young teen get pussy leak on the from daftsex videos. Small tits Ariana marie get [&#8230;]</p>
<p>The post <a rel="nofollow" href="https://www.yamyhub.com/video/cum4k-small-tits-ariana-marie-make-perfect-creampie/">Cum4k Small tits Ariana marie make perfect creampie</a> appeared first on <a rel="nofollow" href="https://www.yamyhub.com">Yamyhub</a>.</p>
]]></description>
										<content:encoded><![CDATA[<h2>Cum4k Small tits Ariana marie make perfect creampie</h2>
<p>Cum4k pornstar Ariana marie creampie porn video on daftsex. Small tits get pussy leak and creampie with cum on bed Blowjob dick yamyhub. Pussy leak when she creampie cum from pussy. Naughty young teen get pussy leak on the from daftsex videos. Small tits Ariana marie get creampie from cum4k.</p>
<p>The post <a rel="nofollow" href="https://www.yamyhub.com/video/cum4k-small-tits-ariana-marie-make-perfect-creampie/">Cum4k Small tits Ariana marie make perfect creampie</a> appeared first on <a rel="nofollow" href="https://www.yamyhub.com">Yamyhub</a>.</p>
]]></content:encoded>
					
		
		
			</item>
	</channel>
</rss>
