<?xml version="1.0" encoding="UTF-8"?><rss version="2.0"
	xmlns:content="http://purl.org/rss/1.0/modules/content/"
	xmlns:wfw="http://wellformedweb.org/CommentAPI/"
	xmlns:dc="http://purl.org/dc/elements/1.1/"
	xmlns:atom="http://www.w3.org/2005/Atom"
	xmlns:sy="http://purl.org/rss/1.0/modules/syndication/"
	xmlns:slash="http://purl.org/rss/1.0/modules/slash/"
	>

<channel>
	<title>Diamond foxxx &#8211; Yamyhub</title>
	<atom:link href="https://www.yamyhub.com/categories/diamond-foxxx/feed/" rel="self" type="application/rss+xml" />
	<link>https://www.yamyhub.com</link>
	<description>Watch latest free HD Full length Porn video. Big ass, Big cock, MILF, Lesbian, Step sister and Step mother Porn videos. Yamyhub porn videos.</description>
	<lastBuildDate>Tue, 10 Aug 2021 13:53:34 +0000</lastBuildDate>
	<language>en-US</language>
	<sy:updatePeriod>
	hourly	</sy:updatePeriod>
	<sy:updateFrequency>
	1	</sy:updateFrequency>
	<generator>https://wordpress.org/?v=5.8</generator>

<image>
	<url>https://www.yamyhub.com/wp-content/uploads/2021/07/cropped-favicon-32x32.png</url>
	<title>Diamond foxxx &#8211; Yamyhub</title>
	<link>https://www.yamyhub.com</link>
	<width>32</width>
	<height>32</height>
</image> 
	<item>
		<title>Brazzers Student decide to lick teacher pussy in class room</title>
		<link>https://www.yamyhub.com/video/brazzers-student-decide-to-lick-teacher-pussy-in-class-room/</link>
		
		<dc:creator><![CDATA[yamyhub]]></dc:creator>
		<pubDate>Mon, 02 Aug 2021 05:04:16 +0000</pubDate>
				<guid isPermaLink="false">https://www.yamyhub.com/?post_type=video&#038;p=4093</guid>

					<description><![CDATA[<p>Brazzers Student decide to lick teacher pussy in class room Brazzers pornstar Diamond foxxx porn video. School teacher love to fuck and lick her pussy in class room during class. Teacher porn yamyhub. MILF porn star Diamond fox want to fuck her student in class room. Diamond Foxxx fuck from her student. Diamond foxxx porn [&#8230;]</p>
<p>The post <a rel="nofollow" href="https://www.yamyhub.com/video/brazzers-student-decide-to-lick-teacher-pussy-in-class-room/">Brazzers Student decide to lick teacher pussy in class room</a> appeared first on <a rel="nofollow" href="https://www.yamyhub.com">Yamyhub</a>.</p>
]]></description>
										<content:encoded><![CDATA[<h2>Brazzers Student decide to lick teacher pussy in class room</h2>
<p>Brazzers pornstar Diamond foxxx porn video. School teacher love to fuck and lick her pussy in class room during class. Teacher porn yamyhub. MILF porn star Diamond fox want to fuck her student in class room. Diamond Foxxx fuck from her student. Diamond foxxx porn videos. Brazzers pornhub videos.</p>
<p>The post <a rel="nofollow" href="https://www.yamyhub.com/video/brazzers-student-decide-to-lick-teacher-pussy-in-class-room/">Brazzers Student decide to lick teacher pussy in class room</a> appeared first on <a rel="nofollow" href="https://www.yamyhub.com">Yamyhub</a>.</p>
]]></content:encoded>
					
		
		
			</item>
		<item>
		<title>Mature mom diamond foxxx lesbian sex during massage</title>
		<link>https://www.yamyhub.com/video/mature-mom-diamond-foxxx-lesbian-sex-during-massage/</link>
		
		<dc:creator><![CDATA[yamyhub]]></dc:creator>
		<pubDate>Sun, 25 Jul 2021 02:57:40 +0000</pubDate>
				<guid isPermaLink="false">https://www.yamyhub.com/?post_type=video&#038;p=3847</guid>

					<description><![CDATA[<p>Mature mom diamond foxxx lesbian sex during massage Brazzers lesbians diamond foxxx Violet Myers porn videos. Ass mom diamond foxxx lick pussy during massage. Violet Myers as a oiled girl. porn video yamyhub. Mom lesbian women fuck each other pussy on massage board. Massage sex toys porn videos. oile girls lick each other pussy. Youporn [&#8230;]</p>
<p>The post <a rel="nofollow" href="https://www.yamyhub.com/video/mature-mom-diamond-foxxx-lesbian-sex-during-massage/">Mature mom diamond foxxx lesbian sex during massage</a> appeared first on <a rel="nofollow" href="https://www.yamyhub.com">Yamyhub</a>.</p>
]]></description>
										<content:encoded><![CDATA[<h2>Mature mom diamond foxxx lesbian sex during massage</h2>
<p>Brazzers lesbians diamond foxxx Violet Myers porn videos. Ass mom diamond foxxx lick pussy during massage. Violet Myers as a oiled girl. porn video yamyhub. Mom lesbian women fuck each other pussy on massage board. Massage sex toys porn videos. oile girls lick each other pussy. Youporn videos. Xhamster HD latest sex movies.</p>
<p>The post <a rel="nofollow" href="https://www.yamyhub.com/video/mature-mom-diamond-foxxx-lesbian-sex-during-massage/">Mature mom diamond foxxx lesbian sex during massage</a> appeared first on <a rel="nofollow" href="https://www.yamyhub.com">Yamyhub</a>.</p>
]]></content:encoded>
					
		
		
			</item>
		<item>
		<title>Stepmom Diamond foxxx take cock jordi during Yoga brazzers</title>
		<link>https://www.yamyhub.com/video/stepmom-diamond-foxxx-take-cock-jordi-during-yoga-brazzers/</link>
		
		<dc:creator><![CDATA[yamyhub]]></dc:creator>
		<pubDate>Wed, 23 Jun 2021 06:24:24 +0000</pubDate>
				<guid isPermaLink="false">https://www.yamyhub.com/?post_type=video&#038;p=3454</guid>

					<description><![CDATA[<p>Stepmom Diamond foxxx take cock jordi during Yoga brazzers Brazzers stepmom porn video stepmom fuck during exercise diamond foxxx porn videos stepmom porn video yoga paint porn videos Jordi El Nino Polla porn video Jordi El Nino Polla fuck stepmom.</p>
<p>The post <a rel="nofollow" href="https://www.yamyhub.com/video/stepmom-diamond-foxxx-take-cock-jordi-during-yoga-brazzers/">Stepmom Diamond foxxx take cock jordi during Yoga brazzers</a> appeared first on <a rel="nofollow" href="https://www.yamyhub.com">Yamyhub</a>.</p>
]]></description>
										<content:encoded><![CDATA[<h2>Stepmom Diamond foxxx take cock jordi during Yoga brazzers</h2>
<p>Brazzers stepmom porn video stepmom fuck during exercise diamond foxxx porn videos stepmom porn video yoga paint porn videos Jordi El Nino Polla porn video Jordi El Nino Polla fuck stepmom.</p>
<p>The post <a rel="nofollow" href="https://www.yamyhub.com/video/stepmom-diamond-foxxx-take-cock-jordi-during-yoga-brazzers/">Stepmom Diamond foxxx take cock jordi during Yoga brazzers</a> appeared first on <a rel="nofollow" href="https://www.yamyhub.com">Yamyhub</a>.</p>
]]></content:encoded>
					
		
		
			</item>
	</channel>
</rss>
