<?xml version="1.0" encoding="UTF-8"?><rss version="2.0"
	xmlns:content="http://purl.org/rss/1.0/modules/content/"
	xmlns:wfw="http://wellformedweb.org/CommentAPI/"
	xmlns:dc="http://purl.org/dc/elements/1.1/"
	xmlns:atom="http://www.w3.org/2005/Atom"
	xmlns:sy="http://purl.org/rss/1.0/modules/syndication/"
	xmlns:slash="http://purl.org/rss/1.0/modules/slash/"
	>

<channel>
	<title>paola hard &#8211; Yamyhub</title>
	<atom:link href="https://www.yamyhub.com/categories/paola-hard/feed/" rel="self" type="application/rss+xml" />
	<link>https://www.yamyhub.com</link>
	<description>Watch latest free HD Full length Porn video. Big ass, Big cock, MILF, Lesbian, Step sister and Step mother Porn videos. Yamyhub porn videos.</description>
	<lastBuildDate>Sat, 26 Jun 2021 11:07:41 +0000</lastBuildDate>
	<language>en-US</language>
	<sy:updatePeriod>
	hourly	</sy:updatePeriod>
	<sy:updateFrequency>
	1	</sy:updateFrequency>
	<generator>https://wordpress.org/?v=5.7.2</generator>

<image>
	<url>https://www.yamyhub.com/wp-content/uploads/2021/06/favicon.png</url>
	<title>paola hard &#8211; Yamyhub</title>
	<link>https://www.yamyhub.com</link>
	<width>32</width>
	<height>32</height>
</image> 
	<item>
		<title>Small tits teen stepsister paola hard Family stroke with brother</title>
		<link>https://www.yamyhub.com/video/small-tits-teen-stepsister-paola-hard-family-stroke-with-brother/</link>
		
		<dc:creator><![CDATA[yamyhub]]></dc:creator>
		<pubDate>Sat, 26 Jun 2021 11:06:37 +0000</pubDate>
				<guid isPermaLink="false">https://www.yamyhub.com/?post_type=video&#038;p=3476</guid>

					<description><![CDATA[<p>Small tits teen stepsister paola hard Family stroke with brother Big black cock big ass big butt small tits porn video paola hard family stroke paola hard porn video paola hard fuck from brother step sister porn video step sister fuck from brother bbc small tits</p>
<p>The post <a rel="nofollow" href="https://www.yamyhub.com/video/small-tits-teen-stepsister-paola-hard-family-stroke-with-brother/">Small tits teen stepsister paola hard Family stroke with brother</a> appeared first on <a rel="nofollow" href="https://www.yamyhub.com">Yamyhub</a>.</p>
]]></description>
										<content:encoded><![CDATA[<h2>Small tits teen stepsister paola hard Family stroke with brother</h2>
<p>Big black cock big ass big butt small tits porn video paola hard family stroke paola hard porn video paola hard fuck from brother step sister porn video step sister fuck from brother bbc small tits</p>
<p>The post <a rel="nofollow" href="https://www.yamyhub.com/video/small-tits-teen-stepsister-paola-hard-family-stroke-with-brother/">Small tits teen stepsister paola hard Family stroke with brother</a> appeared first on <a rel="nofollow" href="https://www.yamyhub.com">Yamyhub</a>.</p>
]]></content:encoded>
					
		
		
			</item>
	</channel>
</rss>
