<?xml version="1.0" encoding="UTF-8"?><rss version="2.0"
	xmlns:content="http://purl.org/rss/1.0/modules/content/"
	xmlns:wfw="http://wellformedweb.org/CommentAPI/"
	xmlns:dc="http://purl.org/dc/elements/1.1/"
	xmlns:atom="http://www.w3.org/2005/Atom"
	xmlns:sy="http://purl.org/rss/1.0/modules/syndication/"
	xmlns:slash="http://purl.org/rss/1.0/modules/slash/"
	>

<channel>
	<title>demi rouge &#8211; Yamyhub</title>
	<atom:link href="https://www.yamyhub.com/categories/demi-rouge/feed/" rel="self" type="application/rss+xml" />
	<link>https://www.yamyhub.com</link>
	<description>Watch latest free HD Full length Porn video. Big ass, Big cock, MILF, Lesbian, Step sister and Step mother Porn videos. Yamyhub porn videos.</description>
	<lastBuildDate>Tue, 10 Aug 2021 11:35:32 +0000</lastBuildDate>
	<language>en-US</language>
	<sy:updatePeriod>
	hourly	</sy:updatePeriod>
	<sy:updateFrequency>
	1	</sy:updateFrequency>
	<generator>https://wordpress.org/?v=5.8</generator>

<image>
	<url>https://www.yamyhub.com/wp-content/uploads/2021/07/cropped-favicon-32x32.png</url>
	<title>demi rouge &#8211; Yamyhub</title>
	<link>https://www.yamyhub.com</link>
	<width>32</width>
	<height>32</height>
</image> 
	<item>
		<title>Giant ass demi rouge loves to get pounded pussy from behind</title>
		<link>https://www.yamyhub.com/video/giant-ass-demi-rouge-loves-to-get-pounded-pussy-from-behind/</link>
		
		<dc:creator><![CDATA[yamyhub]]></dc:creator>
		<pubDate>Wed, 28 Jul 2021 14:08:16 +0000</pubDate>
				<guid isPermaLink="false">https://www.yamyhub.com/?post_type=video&#038;p=3938</guid>

					<description><![CDATA[<p>Giant ass demi rouge loves to get pounded pussy from behind Big ass Porn star Demi rouge Porn video. Big ass brunette porn star loves to fuck her pussy from behind. Pussy pounded porn videos Yamyhub. Porn star with big Giant ass love to fuck from behind. Women fuck from behind porn video. Pussy Pounded [&#8230;]</p>
<p>The post <a rel="nofollow" href="https://www.yamyhub.com/video/giant-ass-demi-rouge-loves-to-get-pounded-pussy-from-behind/">Giant ass demi rouge loves to get pounded pussy from behind</a> appeared first on <a rel="nofollow" href="https://www.yamyhub.com">Yamyhub</a>.</p>
]]></description>
										<content:encoded><![CDATA[<h2>Giant ass demi rouge loves to get pounded pussy from behind</h2>
<p>Big ass Porn star Demi rouge Porn video. Big ass brunette porn star loves to fuck her pussy from behind. Pussy pounded porn videos Yamyhub. Porn star with big Giant ass love to fuck from behind. Women fuck from behind porn video. Pussy Pounded latest porn videos. Demi rouge With ass fucked hard in pussy. TXXX porn videos Xvideos.</p>
<p>The post <a rel="nofollow" href="https://www.yamyhub.com/video/giant-ass-demi-rouge-loves-to-get-pounded-pussy-from-behind/">Giant ass demi rouge loves to get pounded pussy from behind</a> appeared first on <a rel="nofollow" href="https://www.yamyhub.com">Yamyhub</a>.</p>
]]></content:encoded>
					
		
		
			</item>
	</channel>
</rss>
