<?xml version="1.0" encoding="UTF-8"?><rss version="2.0"
	xmlns:content="http://purl.org/rss/1.0/modules/content/"
	xmlns:wfw="http://wellformedweb.org/CommentAPI/"
	xmlns:dc="http://purl.org/dc/elements/1.1/"
	xmlns:atom="http://www.w3.org/2005/Atom"
	xmlns:sy="http://purl.org/rss/1.0/modules/syndication/"
	xmlns:slash="http://purl.org/rss/1.0/modules/slash/"
	>

<channel>
	<title>Yasmin scott &#8211; Yamyhub</title>
	<atom:link href="https://www.yamyhub.com/categories/yasmin-scott/feed/" rel="self" type="application/rss+xml" />
	<link>https://www.yamyhub.com</link>
	<description>Watch latest free HD Full length Porn video. Big ass, Big cock, MILF, Lesbian, Step sister and Step mother Porn videos. Yamyhub porn videos.</description>
	<lastBuildDate>Tue, 29 Jun 2021 06:02:45 +0000</lastBuildDate>
	<language>en-US</language>
	<sy:updatePeriod>
	hourly	</sy:updatePeriod>
	<sy:updateFrequency>
	1	</sy:updateFrequency>
	<generator>https://wordpress.org/?v=5.7.2</generator>

<image>
	<url>https://www.yamyhub.com/wp-content/uploads/2021/06/favicon.png</url>
	<title>Yasmin scott &#8211; Yamyhub</title>
	<link>https://www.yamyhub.com</link>
	<width>32</width>
	<height>32</height>
</image> 
	<item>
		<title>beautiful ant Yasmin scott fuck from big dick family stroke</title>
		<link>https://www.yamyhub.com/video/beautiful-ant-yasmin-scott-fuck-from-big-dick-family-stroke/</link>
		
		<dc:creator><![CDATA[yamyhub]]></dc:creator>
		<pubDate>Tue, 29 Jun 2021 06:01:44 +0000</pubDate>
				<guid isPermaLink="false">https://www.yamyhub.com/?post_type=video&#038;p=3498</guid>

					<description><![CDATA[<p>beautiful ant Yasmin scott fuck from big dick family stroke ant porn video family strokes ant porn video yasmin scott porn video yasmin scott ant porn yasmin scott latest fuck video yasmin scott family stroke porn videos big dick slut</p>
<p>The post <a rel="nofollow" href="https://www.yamyhub.com/video/beautiful-ant-yasmin-scott-fuck-from-big-dick-family-stroke/">beautiful ant Yasmin scott fuck from big dick family stroke</a> appeared first on <a rel="nofollow" href="https://www.yamyhub.com">Yamyhub</a>.</p>
]]></description>
										<content:encoded><![CDATA[<h2>beautiful ant Yasmin scott fuck from big dick family stroke</h2>
<p>ant porn video family strokes ant porn video yasmin scott porn video yasmin scott ant porn yasmin scott latest fuck video yasmin scott family stroke porn videos big dick slut</p>
<p>The post <a rel="nofollow" href="https://www.yamyhub.com/video/beautiful-ant-yasmin-scott-fuck-from-big-dick-family-stroke/">beautiful ant Yasmin scott fuck from big dick family stroke</a> appeared first on <a rel="nofollow" href="https://www.yamyhub.com">Yamyhub</a>.</p>
]]></content:encoded>
					
		
		
			</item>
	</channel>
</rss>
