<?xml version="1.0" encoding="UTF-8"?><rss version="2.0"
	xmlns:content="http://purl.org/rss/1.0/modules/content/"
	xmlns:wfw="http://wellformedweb.org/CommentAPI/"
	xmlns:dc="http://purl.org/dc/elements/1.1/"
	xmlns:atom="http://www.w3.org/2005/Atom"
	xmlns:sy="http://purl.org/rss/1.0/modules/syndication/"
	xmlns:slash="http://purl.org/rss/1.0/modules/slash/"
	>

<channel>
	<title>Adriana Chechik &#8211; Yamyhub</title>
	<atom:link href="https://adult.yamyhub.com/categories/adriana-chechik/feed/" rel="self" type="application/rss+xml" />
	<link>https://adult.yamyhub.com</link>
	<description>Watch latest free HD Full length Porn video. Big ass, Big cock, MILF, Lesbian, Step sister and Step mother Porn videos. Yamyhub porn videos.</description>
	<lastBuildDate>Sun, 27 Jun 2021 03:44:15 +0000</lastBuildDate>
	<language>en-US</language>
	<sy:updatePeriod>
	hourly	</sy:updatePeriod>
	<sy:updateFrequency>
	1	</sy:updateFrequency>
	<generator>https://wordpress.org/?v=5.7.2</generator>

<image>
	<url>https://adult.yamyhub.com/wp-content/uploads/2021/06/favicon.png</url>
	<title>Adriana Chechik &#8211; Yamyhub</title>
	<link>https://adult.yamyhub.com</link>
	<width>32</width>
	<height>32</height>
</image> 
	<item>
		<title>Emergency Squirter Brazzers Adriana Chechik Double penetration</title>
		<link>https://adult.yamyhub.com/video/emergency-squirter-brazzers-adriana-chechik-double-penetration/</link>
		
		<dc:creator><![CDATA[yamyhub]]></dc:creator>
		<pubDate>Tue, 22 Jun 2021 11:11:10 +0000</pubDate>
				<guid isPermaLink="false">https://adult.yamyhub.com/?post_type=video&#038;p=3446</guid>

					<description><![CDATA[<p>Emergency Squirter Brazzers Adriana Chechik Double penetration and squirt in bathroom Adriana Chechik Fucked double penetration in bathroom, Adriana Chechik anal porn video, Adriana Chechik squirt Adriana Chechik love anal. emergency squirter.</p>
<p>The post <a rel="nofollow" href="https://adult.yamyhub.com/video/emergency-squirter-brazzers-adriana-chechik-double-penetration/">Emergency Squirter Brazzers Adriana Chechik Double penetration</a> appeared first on <a rel="nofollow" href="https://adult.yamyhub.com">Yamyhub</a>.</p>
]]></description>
										<content:encoded><![CDATA[<h2>Emergency Squirter Brazzers Adriana Chechik Double penetration and squirt in bathroom</h2>
<p>Adriana Chechik Fucked double penetration in bathroom, Adriana Chechik anal porn video, Adriana Chechik squirt Adriana Chechik love anal. emergency squirter.</p>
<p>The post <a rel="nofollow" href="https://adult.yamyhub.com/video/emergency-squirter-brazzers-adriana-chechik-double-penetration/">Emergency Squirter Brazzers Adriana Chechik Double penetration</a> appeared first on <a rel="nofollow" href="https://adult.yamyhub.com">Yamyhub</a>.</p>
]]></content:encoded>
					
		
		
			</item>
		<item>
		<title>Pre Wedding Day Sex Abigail Mac &#038; Adriana Chechik GIRLSWAY</title>
		<link>https://adult.yamyhub.com/video/pre-wedding-day-sex-abigail-mac-adriana-chechik-girlsway/</link>
		
		<dc:creator><![CDATA[yamyhub]]></dc:creator>
		<pubDate>Fri, 11 Jun 2021 04:31:59 +0000</pubDate>
				<guid isPermaLink="false">https://adult.yamyhub.com/?post_type=video&#038;p=3299</guid>

					<description><![CDATA[<p>Pre Wedding Day Sex Abigail Mac &#38; Adriana Chechik GIRLSWAY Lesbian  Girl On Girl Brunette Babe Reality Girlsway Kissing Cheating Lesbian Romantic  Eating Lesbians Pussy Cheater Pussy Licking Cheating Big Tits Big Boobs Big Tits Babe Pussy Licking Brunette Small Tits Lesbian Romantic Pornstar Reality HD Porn</p>
<p>The post <a rel="nofollow" href="https://adult.yamyhub.com/video/pre-wedding-day-sex-abigail-mac-adriana-chechik-girlsway/">Pre Wedding Day Sex Abigail Mac &#038; Adriana Chechik GIRLSWAY</a> appeared first on <a rel="nofollow" href="https://adult.yamyhub.com">Yamyhub</a>.</p>
]]></description>
										<content:encoded><![CDATA[<h1>Pre Wedding Day Sex Abigail Mac &amp; Adriana Chechik GIRLSWAY</h1>
<p>Lesbian  Girl On Girl Brunette Babe Reality Girlsway Kissing Cheating Lesbian Romantic  Eating Lesbians Pussy Cheater Pussy Licking Cheating Big Tits Big Boobs</p>
<p>Big Tits Babe Pussy Licking Brunette Small Tits Lesbian Romantic Pornstar Reality HD Porn</p>
<p>The post <a rel="nofollow" href="https://adult.yamyhub.com/video/pre-wedding-day-sex-abigail-mac-adriana-chechik-girlsway/">Pre Wedding Day Sex Abigail Mac &#038; Adriana Chechik GIRLSWAY</a> appeared first on <a rel="nofollow" href="https://adult.yamyhub.com">Yamyhub</a>.</p>
]]></content:encoded>
					
		
		
			</item>
	</channel>
</rss>
