<?xml version="1.0" encoding="UTF-8"?><rss version="2.0"
	xmlns:content="http://purl.org/rss/1.0/modules/content/"
	xmlns:dc="http://purl.org/dc/elements/1.1/"
	xmlns:atom="http://www.w3.org/2005/Atom"
	xmlns:sy="http://purl.org/rss/1.0/modules/syndication/"
	
	>
<channel>
	<title>
	Comments on: BANGBROS &#8211; Big Ass Battle Alexis Texas Vs Phoenix Marie	</title>
	<atom:link href="https://adult.yamyhub.com/video/bangbros-big-ass-battle-alexis-texas-vs-phoenix-marie/feed/" rel="self" type="application/rss+xml" />
	<link>https://adult.yamyhub.com/video/bangbros-big-ass-battle-alexis-texas-vs-phoenix-marie/</link>
	<description>Watch latest free HD Full length Porn video. Big ass, Big cock, MILF, Lesbian, Step sister and Step mother Porn videos. Yamyhub porn videos.</description>
	<lastBuildDate>Wed, 16 Jun 2021 04:24:38 +0000</lastBuildDate>
	<sy:updatePeriod>
	hourly	</sy:updatePeriod>
	<sy:updateFrequency>
	1	</sy:updateFrequency>
	<generator>https://wordpress.org/?v=5.7.2</generator>
</channel>
</rss>
