<?xml version="1.0" encoding="UTF-8"?><rss version="2.0"
	xmlns:content="http://purl.org/rss/1.0/modules/content/"
	xmlns:wfw="http://wellformedweb.org/CommentAPI/"
	xmlns:dc="http://purl.org/dc/elements/1.1/"
	xmlns:atom="http://www.w3.org/2005/Atom"
	xmlns:sy="http://purl.org/rss/1.0/modules/syndication/"
	xmlns:slash="http://purl.org/rss/1.0/modules/slash/"
	>

<channel>
	<title>Ember snow &#8211; Yamyhub</title>
	<atom:link href="https://www.yamyhub.com/categories/ember-snow/feed/" rel="self" type="application/rss+xml" />
	<link>https://www.yamyhub.com</link>
	<description>Watch latest free HD Full length Porn video. Big ass, Big cock, MILF, Lesbian, Step sister and Step mother Porn videos. Yamyhub porn videos.</description>
	<lastBuildDate>Tue, 10 Aug 2021 10:44:58 +0000</lastBuildDate>
	<language>en-US</language>
	<sy:updatePeriod>
	hourly	</sy:updatePeriod>
	<sy:updateFrequency>
	1	</sy:updateFrequency>
	<generator>https://wordpress.org/?v=5.8</generator>

<image>
	<url>https://www.yamyhub.com/wp-content/uploads/2021/07/cropped-favicon-32x32.png</url>
	<title>Ember snow &#8211; Yamyhub</title>
	<link>https://www.yamyhub.com</link>
	<width>32</width>
	<height>32</height>
</image> 
	<item>
		<title>Hot mom teach daughter sex at home luna star ember snow</title>
		<link>https://www.yamyhub.com/video/hot-mom-teach-daughter-sex-at-home-luna-star-ember-snow/</link>
		
		<dc:creator><![CDATA[yamyhub]]></dc:creator>
		<pubDate>Wed, 04 Aug 2021 03:11:19 +0000</pubDate>
				<guid isPermaLink="false">https://www.yamyhub.com/?post_type=video&#038;p=4127</guid>

					<description><![CDATA[<p>Brazzers Porn star Ember snow &#38; Luna star Lesbian porn videos. Mom lick teen daughter pussy. Mom give daughter squirt lesbian yamyhub. Hot Mom lick her daughter pussy. Mom squirt on daughter and fuck her pussy. Daughter stop give her mom to squirt and lick organism. Brazzers lesbian organism porn videos. Eporner videos.</p>
<p>The post <a rel="nofollow" href="https://www.yamyhub.com/video/hot-mom-teach-daughter-sex-at-home-luna-star-ember-snow/">Hot mom teach daughter sex at home luna star ember snow</a> appeared first on <a rel="nofollow" href="https://www.yamyhub.com">Yamyhub</a>.</p>
]]></description>
										<content:encoded><![CDATA[<p>Brazzers Porn star Ember snow &amp; Luna star Lesbian porn videos. Mom lick teen daughter pussy. Mom give daughter squirt lesbian yamyhub. Hot Mom lick her daughter pussy. Mom squirt on daughter and fuck her pussy. Daughter stop give her mom to squirt and lick organism. Brazzers lesbian organism porn videos. Eporner videos.</p>
<p>The post <a rel="nofollow" href="https://www.yamyhub.com/video/hot-mom-teach-daughter-sex-at-home-luna-star-ember-snow/">Hot mom teach daughter sex at home luna star ember snow</a> appeared first on <a rel="nofollow" href="https://www.yamyhub.com">Yamyhub</a>.</p>
]]></content:encoded>
					
		
		
			</item>
	</channel>
</rss>
