<?xml version="1.0" encoding="UTF-8"?><rss version="2.0"
	xmlns:content="http://purl.org/rss/1.0/modules/content/"
	xmlns:wfw="http://wellformedweb.org/CommentAPI/"
	xmlns:dc="http://purl.org/dc/elements/1.1/"
	xmlns:atom="http://www.w3.org/2005/Atom"
	xmlns:sy="http://purl.org/rss/1.0/modules/syndication/"
	xmlns:slash="http://purl.org/rss/1.0/modules/slash/"
	>

<channel>
	<title>daftsex &#8211; Yamyhub</title>
	<atom:link href="https://www.yamyhub.com/categories/daftsex/feed/" rel="self" type="application/rss+xml" />
	<link>https://www.yamyhub.com</link>
	<description>Watch latest free HD Full length Porn video. Big ass, Big cock, MILF, Lesbian, Step sister and Step mother Porn videos. Yamyhub porn videos.</description>
	<lastBuildDate>Tue, 17 Aug 2021 03:49:37 +0000</lastBuildDate>
	<language>en-US</language>
	<sy:updatePeriod>
	hourly	</sy:updatePeriod>
	<sy:updateFrequency>
	1	</sy:updateFrequency>
	<generator>https://wordpress.org/?v=5.8</generator>

<image>
	<url>https://www.yamyhub.com/wp-content/uploads/2021/07/cropped-favicon-32x32.png</url>
	<title>daftsex &#8211; Yamyhub</title>
	<link>https://www.yamyhub.com</link>
	<width>32</width>
	<height>32</height>
</image> 
	<item>
		<title>Cum4k Small tits Ariana marie make perfect creampie</title>
		<link>https://www.yamyhub.com/video/cum4k-small-tits-ariana-marie-make-perfect-creampie/</link>
		
		<dc:creator><![CDATA[yamyhub]]></dc:creator>
		<pubDate>Tue, 17 Aug 2021 03:49:37 +0000</pubDate>
				<guid isPermaLink="false">https://www.yamyhub.com/?post_type=video&#038;p=4570</guid>

					<description><![CDATA[<p>Cum4k Small tits Ariana marie make perfect creampie Cum4k pornstar Ariana marie creampie porn video on daftsex. Small tits get pussy leak and creampie with cum on bed Blowjob dick yamyhub. Pussy leak when she creampie cum from pussy. Naughty young teen get pussy leak on the from daftsex videos. Small tits Ariana marie get [&#8230;]</p>
<p>The post <a rel="nofollow" href="https://www.yamyhub.com/video/cum4k-small-tits-ariana-marie-make-perfect-creampie/">Cum4k Small tits Ariana marie make perfect creampie</a> appeared first on <a rel="nofollow" href="https://www.yamyhub.com">Yamyhub</a>.</p>
]]></description>
										<content:encoded><![CDATA[<h2>Cum4k Small tits Ariana marie make perfect creampie</h2>
<p>Cum4k pornstar Ariana marie creampie porn video on daftsex. Small tits get pussy leak and creampie with cum on bed Blowjob dick yamyhub. Pussy leak when she creampie cum from pussy. Naughty young teen get pussy leak on the from daftsex videos. Small tits Ariana marie get creampie from cum4k.</p>
<p>The post <a rel="nofollow" href="https://www.yamyhub.com/video/cum4k-small-tits-ariana-marie-make-perfect-creampie/">Cum4k Small tits Ariana marie make perfect creampie</a> appeared first on <a rel="nofollow" href="https://www.yamyhub.com">Yamyhub</a>.</p>
]]></content:encoded>
					
		
		
			</item>
		<item>
		<title>Team skeet Blonde Alicia Williams fucked anal daftsex</title>
		<link>https://www.yamyhub.com/video/team-skeet-blonde-alicia-williams-fucked-anal-daftsex/</link>
		
		<dc:creator><![CDATA[yamyhub]]></dc:creator>
		<pubDate>Mon, 16 Aug 2021 06:40:22 +0000</pubDate>
				<guid isPermaLink="false">https://www.yamyhub.com/?post_type=video&#038;p=4547</guid>

					<description><![CDATA[<p>Team skeet Blonde Alicia Williams fucked anal daftsex Team skeet pornstar Alicia Williams porn video on daftsex. Small tits young pornstar with blonde fucked pussy &#38; ass with big dick yamyhub. Flexible white pussy ride on big dick at the interview. Pornstar Alicia Williams blowjob dick and take inside her ass at daftsex porn videos. [&#8230;]</p>
<p>The post <a rel="nofollow" href="https://www.yamyhub.com/video/team-skeet-blonde-alicia-williams-fucked-anal-daftsex/">Team skeet Blonde Alicia Williams fucked anal daftsex</a> appeared first on <a rel="nofollow" href="https://www.yamyhub.com">Yamyhub</a>.</p>
]]></description>
										<content:encoded><![CDATA[<h2>Team skeet Blonde Alicia Williams fucked anal daftsex</h2>
<p>Team skeet pornstar Alicia Williams porn video on daftsex. Small tits young pornstar with blonde fucked pussy &amp; ass with big dick yamyhub. Flexible white pussy ride on big dick at the interview. Pornstar Alicia Williams blowjob dick and take inside her ass at daftsex porn videos. Blonde hot with small tits young porn star take down.</p>
<p>The post <a rel="nofollow" href="https://www.yamyhub.com/video/team-skeet-blonde-alicia-williams-fucked-anal-daftsex/">Team skeet Blonde Alicia Williams fucked anal daftsex</a> appeared first on <a rel="nofollow" href="https://www.yamyhub.com">Yamyhub</a>.</p>
]]></content:encoded>
					
		
		
			</item>
		<item>
		<title>Family strokes Father fuck daughter when mom sleep</title>
		<link>https://www.yamyhub.com/video/family-strokes-father-fuck-daughter-when-mom-sleep/</link>
		
		<dc:creator><![CDATA[yamyhub]]></dc:creator>
		<pubDate>Sun, 15 Aug 2021 05:23:39 +0000</pubDate>
				<guid isPermaLink="false">https://www.yamyhub.com/?post_type=video&#038;p=4504</guid>

					<description><![CDATA[<p>Family strokes Fathe fuck daughter when mom sleep Family strokes pornstar Sera Ryder &#38; Joslyn James porn by daftsex video. Dirty daughter and mother fuck from father threesome FFM yamyhub. watch the best Sera Ryder rider porn video at daftsex with her father. Father fucker her wife and daughter at home. Best threesome porn video [&#8230;]</p>
<p>The post <a rel="nofollow" href="https://www.yamyhub.com/video/family-strokes-father-fuck-daughter-when-mom-sleep/">Family strokes Father fuck daughter when mom sleep</a> appeared first on <a rel="nofollow" href="https://www.yamyhub.com">Yamyhub</a>.</p>
]]></description>
										<content:encoded><![CDATA[<h2>Family strokes Fathe fuck daughter when mom sleep</h2>
<p>Family strokes pornstar Sera Ryder &amp; Joslyn James porn by daftsex video. Dirty daughter and mother fuck from father threesome FFM yamyhub. watch the best Sera Ryder rider porn video at daftsex with her father. Father fucker her wife and daughter at home. Best threesome porn video for family strokes.</p>
<p>The post <a rel="nofollow" href="https://www.yamyhub.com/video/family-strokes-father-fuck-daughter-when-mom-sleep/">Family strokes Father fuck daughter when mom sleep</a> appeared first on <a rel="nofollow" href="https://www.yamyhub.com">Yamyhub</a>.</p>
]]></content:encoded>
					
		
		
			</item>
		<item>
		<title>Jules jordan Big boobs pornstar angela white ride BBC</title>
		<link>https://www.yamyhub.com/video/jules-jordan-big-boobs-pornstar-angela-white-ride-bbc/</link>
		
		<dc:creator><![CDATA[yamyhub]]></dc:creator>
		<pubDate>Sat, 14 Aug 2021 11:16:58 +0000</pubDate>
				<guid isPermaLink="false">https://www.yamyhub.com/?post_type=video&#038;p=4492</guid>

					<description><![CDATA[<p>Jules jordan Big boobs pornstar angela white ride BBC Jules jordan porn star Angela white sex porn video on daftsex. Ass hole filled with cum when black cock fucked anal big boobs porn yamyhub. Angela white has intense anal with monster big black cock at jules jordan powered by daftsex porn video. Pornstar angela white [&#8230;]</p>
<p>The post <a rel="nofollow" href="https://www.yamyhub.com/video/jules-jordan-big-boobs-pornstar-angela-white-ride-bbc/">Jules jordan Big boobs pornstar angela white ride BBC</a> appeared first on <a rel="nofollow" href="https://www.yamyhub.com">Yamyhub</a>.</p>
]]></description>
										<content:encoded><![CDATA[<h2>Jules jordan Big boobs pornstar angela white ride BBC</h2>
<p>Jules jordan porn star Angela white sex porn video on daftsex. Ass hole filled with cum when black cock fucked anal big boobs porn yamyhub. Angela white has intense anal with monster big black cock at jules jordan powered by daftsex porn video. Pornstar angela white give her fan big facial. Fantasty porn video with Angela white take down by black cock.</p>
<p>The post <a rel="nofollow" href="https://www.yamyhub.com/video/jules-jordan-big-boobs-pornstar-angela-white-ride-bbc/">Jules jordan Big boobs pornstar angela white ride BBC</a> appeared first on <a rel="nofollow" href="https://www.yamyhub.com">Yamyhub</a>.</p>
]]></content:encoded>
					
		
		
			</item>
		<item>
		<title>Fake taxi three busty chicks fuck her pussies with dildo</title>
		<link>https://www.yamyhub.com/video/fake-taxi-three-busty-chicks-fuck-her-pussies-with-dildo/</link>
		
		<dc:creator><![CDATA[yamyhub]]></dc:creator>
		<pubDate>Sun, 08 Aug 2021 07:53:40 +0000</pubDate>
				<guid isPermaLink="false">https://www.yamyhub.com/?post_type=video&#038;p=4196</guid>

					<description><![CDATA[<p>Fake taxi three busty chicks fuck her pussies with dildo Taxi drive lick and fuck three hot busty teen yamyhub. Busty women use dildo to fuck pussies. Fake taxi Pornstars daftsex porn videos. Use of dildos to fuck pussy in fake taxi. daftsex with foursome use dildo. Watch the best fake taxi porn at Daftsex [&#8230;]</p>
<p>The post <a rel="nofollow" href="https://www.yamyhub.com/video/fake-taxi-three-busty-chicks-fuck-her-pussies-with-dildo/">Fake taxi three busty chicks fuck her pussies with dildo</a> appeared first on <a rel="nofollow" href="https://www.yamyhub.com">Yamyhub</a>.</p>
]]></description>
										<content:encoded><![CDATA[<h2>Fake taxi three busty chicks fuck her pussies with dildo</h2>
<p>Taxi drive lick and fuck three hot busty teen yamyhub. Busty women use dildo to fuck pussies. Fake taxi Pornstars daftsex porn videos. Use of dildos to fuck pussy in fake taxi. daftsex with foursome use dildo. Watch the best fake taxi porn at Daftsex xxx videos sex. Three  blonde hot teen love to her pussy from one cock. Teen want to get fucked together daftsex porn.</p>
<p>The post <a rel="nofollow" href="https://www.yamyhub.com/video/fake-taxi-three-busty-chicks-fuck-her-pussies-with-dildo/">Fake taxi three busty chicks fuck her pussies with dildo</a> appeared first on <a rel="nofollow" href="https://www.yamyhub.com">Yamyhub</a>.</p>
]]></content:encoded>
					
		
		
			</item>
		<item>
		<title>Mofos pamela morrison get fucked doggy style Small tits</title>
		<link>https://www.yamyhub.com/video/mofos-pamela-morrison-get-fucked-doggy-style-small-tits/</link>
		
		<dc:creator><![CDATA[yamyhub]]></dc:creator>
		<pubDate>Sun, 08 Aug 2021 07:10:14 +0000</pubDate>
				<guid isPermaLink="false">https://www.yamyhub.com/?post_type=video&#038;p=4192</guid>

					<description><![CDATA[<p>Mofos Pamela Morrison get fucked doggy style Small tits Mofos porn star Pamela Morrison porn video. Petite &#38; hotter pornstar with tight pussy fucked from huge cock. Small tits doggy style yamyhub. watch doggy style porn sex video xxx on mofos. Tattoos women want to huge cock. Natural small boobs or small tits get Blowjob [&#8230;]</p>
<p>The post <a rel="nofollow" href="https://www.yamyhub.com/video/mofos-pamela-morrison-get-fucked-doggy-style-small-tits/">Mofos pamela morrison get fucked doggy style Small tits</a> appeared first on <a rel="nofollow" href="https://www.yamyhub.com">Yamyhub</a>.</p>
]]></description>
										<content:encoded><![CDATA[<h2>Mofos Pamela Morrison get fucked doggy style Small tits</h2>
<p>Mofos porn star Pamela Morrison porn video. Petite &amp; hotter pornstar with tight pussy fucked from huge cock. Small tits doggy style yamyhub. watch doggy style porn sex video xxx on mofos. Tattoos women want to huge cock. Natural small boobs or small tits get Blowjob from fresh cock at home. Best homeade porn videos daft sex porn.</p>
<p>The post <a rel="nofollow" href="https://www.yamyhub.com/video/mofos-pamela-morrison-get-fucked-doggy-style-small-tits/">Mofos pamela morrison get fucked doggy style Small tits</a> appeared first on <a rel="nofollow" href="https://www.yamyhub.com">Yamyhub</a>.</p>
]]></content:encoded>
					
		
		
			</item>
		<item>
		<title>Veronica Avluv Take cock &#038; sex toys in ass Daftsex</title>
		<link>https://www.yamyhub.com/video/veronica-avluv-take-cock-sex-toys-in-ass-daftsex/</link>
		
		<dc:creator><![CDATA[yamyhub]]></dc:creator>
		<pubDate>Fri, 06 Aug 2021 03:12:58 +0000</pubDate>
				<guid isPermaLink="false">https://www.yamyhub.com/?post_type=video&#038;p=4172</guid>

					<description><![CDATA[<p>Veronica Avluv Take cock &#38; sex toys in ass Daftsex DDF network Pornstar Veronica Avluv Daftsex video. MILF Love to getting sex toys &#38; cock in her ass. Veronica Avluv Ass gape Fucked Yamyhub. Veronica Avluv take young cock inside her ass. Ass gape of Veronica Avluv Ride and fuck from Young cock. Daftsex latest [&#8230;]</p>
<p>The post <a rel="nofollow" href="https://www.yamyhub.com/video/veronica-avluv-take-cock-sex-toys-in-ass-daftsex/">Veronica Avluv Take cock &#038; sex toys in ass Daftsex</a> appeared first on <a rel="nofollow" href="https://www.yamyhub.com">Yamyhub</a>.</p>
]]></description>
										<content:encoded><![CDATA[<h2>Veronica Avluv Take cock &amp; sex toys in ass Daftsex</h2>
<p>DDF network Pornstar Veronica Avluv Daftsex video. MILF Love to getting sex toys &amp; cock in her ass. Veronica Avluv Ass gape Fucked Yamyhub. Veronica Avluv take young cock inside her ass. Ass gape of Veronica Avluv Ride and fuck from Young cock. Daftsex latest sex toys porn videos with MILF Veronica Avluv sex videos xxx.</p>
<p>The post <a rel="nofollow" href="https://www.yamyhub.com/video/veronica-avluv-take-cock-sex-toys-in-ass-daftsex/">Veronica Avluv Take cock &#038; sex toys in ass Daftsex</a> appeared first on <a rel="nofollow" href="https://www.yamyhub.com">Yamyhub</a>.</p>
]]></content:encoded>
					
		
		
			</item>
		<item>
		<title>Gonzo three big cocks anal double penetration Veronica Leal</title>
		<link>https://www.yamyhub.com/video/gonzo-three-big-cocks-anal-double-penetration-veronica-leal/</link>
		
		<dc:creator><![CDATA[yamyhub]]></dc:creator>
		<pubDate>Thu, 05 Aug 2021 12:56:59 +0000</pubDate>
				<guid isPermaLink="false">https://www.yamyhub.com/?post_type=video&#038;p=4164</guid>

					<description><![CDATA[<p>Gonzo three big cocks anal double penetration Veronica Leal Gonzo pornstars Veronica Leal &#38; Chris Diamond Sex videos. Amateur pornstar get three cock &#38; Anal double penetration. Veronica Leal yamyhub. Big ass Gape pornstar Veronica Leal Get double penetration from two cocks. Veronica Leal Get three cocks in her ass gape and pussy. ass gape [&#8230;]</p>
<p>The post <a rel="nofollow" href="https://www.yamyhub.com/video/gonzo-three-big-cocks-anal-double-penetration-veronica-leal/">Gonzo three big cocks anal double penetration Veronica Leal</a> appeared first on <a rel="nofollow" href="https://www.yamyhub.com">Yamyhub</a>.</p>
]]></description>
										<content:encoded><![CDATA[<h2>Gonzo three big cocks anal double penetration Veronica Leal</h2>
<p>Gonzo pornstars Veronica Leal &amp; Chris Diamond Sex videos. Amateur pornstar get three cock &amp; Anal double penetration. Veronica Leal yamyhub. Big ass Gape pornstar Veronica Leal Get double penetration from two cocks. Veronica Leal Get three cocks in her ass gape and pussy. ass gape fucked by three awesome cocks. Daftsex spankbang porn video. DP sex videos.</p>
<p>The post <a rel="nofollow" href="https://www.yamyhub.com/video/gonzo-three-big-cocks-anal-double-penetration-veronica-leal/">Gonzo three big cocks anal double penetration Veronica Leal</a> appeared first on <a rel="nofollow" href="https://www.yamyhub.com">Yamyhub</a>.</p>
]]></content:encoded>
					
		
		
			</item>
		<item>
		<title>Brazzers House 2 new porn show group sex pussy cum anal</title>
		<link>https://www.yamyhub.com/video/brazzers-house-2-new-porn-show-group-sex-pussy-cum-anal/</link>
		
		<dc:creator><![CDATA[yamyhub]]></dc:creator>
		<pubDate>Thu, 05 Aug 2021 05:35:11 +0000</pubDate>
				<guid isPermaLink="false">https://www.yamyhub.com/?post_type=video&#038;p=4155</guid>

					<description><![CDATA[<p>Brazzers House 2 new porn show group sex pussy cum anal Brazzers Top porn star porn video. Brazzers house 2 porn with group sex lesbian pussy lick. Anal threesome pussy fuck 69 postion yamyhub. Top pornstars: Abella Danger, Alexis Fawx, Nicole Aniston , Monica Alexander , Megan Rain , Phoenix Marie , Keisha Gray ,  [&#8230;]</p>
<p>The post <a rel="nofollow" href="https://www.yamyhub.com/video/brazzers-house-2-new-porn-show-group-sex-pussy-cum-anal/">Brazzers House 2 new porn show group sex pussy cum anal</a> appeared first on <a rel="nofollow" href="https://www.yamyhub.com">Yamyhub</a>.</p>
]]></description>
										<content:encoded><![CDATA[<h2>Brazzers House 2 new porn show group sex pussy cum anal</h2>
<p>Brazzers Top porn star porn video. Brazzers house 2 porn with group sex lesbian pussy lick. Anal threesome pussy fuck 69 postion yamyhub.</p>
<p>Top pornstars: Abella Danger, Alexis Fawx, Nicole Aniston , Monica Alexander , Megan Rain , Phoenix Marie , Keisha Gray ,  Skyla Novea , JMack , Luna Star , Sean Lawless, Kelsi Monroe  porn videos. pornhub eporner daftsex sex videos xxx.</p>
<p>The post <a rel="nofollow" href="https://www.yamyhub.com/video/brazzers-house-2-new-porn-show-group-sex-pussy-cum-anal/">Brazzers House 2 new porn show group sex pussy cum anal</a> appeared first on <a rel="nofollow" href="https://www.yamyhub.com">Yamyhub</a>.</p>
]]></content:encoded>
					
		
		
			</item>
		<item>
		<title>Brazzers Top 10 pornstars Lesbian organism at resort</title>
		<link>https://www.yamyhub.com/video/brazzers-top-10-pornstars-lesbian-organism-at-resort/</link>
		
		<dc:creator><![CDATA[yamyhub]]></dc:creator>
		<pubDate>Wed, 04 Aug 2021 10:21:39 +0000</pubDate>
				<guid isPermaLink="false">https://www.yamyhub.com/?post_type=video&#038;p=4145</guid>

					<description><![CDATA[<p>Brazzers Top 10 pornstars Lesbian organism at resort Brazzers Top 10 pornstars lesbian orgy to each other porn video. Group sex between girls gang lesbian organism and sex toys porn yamyhub. Pornstars Abella Danger , Alexis Adams , Alexis Fawx , Christina Rose, Kelsi Monroe , Luna Star, Lena Paul , Megan Rain, Monica Alexander, [&#8230;]</p>
<p>The post <a rel="nofollow" href="https://www.yamyhub.com/video/brazzers-top-10-pornstars-lesbian-organism-at-resort/">Brazzers Top 10 pornstars Lesbian organism at resort</a> appeared first on <a rel="nofollow" href="https://www.yamyhub.com">Yamyhub</a>.</p>
]]></description>
										<content:encoded><![CDATA[<h2>Brazzers Top 10 pornstars Lesbian organism at resort</h2>
<p>Brazzers Top 10 pornstars lesbian orgy to each other porn video. Group sex between girls gang lesbian organism and sex toys porn yamyhub. Pornstars Abella Danger , Alexis Adams , Alexis Fawx , Christina Rose, Kelsi Monroe , Luna Star, Lena Paul , Megan Rain, Monica Alexander, Nicole Aniston,  Phoenix Marie and Skyla Novea porn video. lesbian organism to each other. Daftsex porn sex xxx xhamster spankbang porn.</p>
<p>The post <a rel="nofollow" href="https://www.yamyhub.com/video/brazzers-top-10-pornstars-lesbian-organism-at-resort/">Brazzers Top 10 pornstars Lesbian organism at resort</a> appeared first on <a rel="nofollow" href="https://www.yamyhub.com">Yamyhub</a>.</p>
]]></content:encoded>
					
		
		
			</item>
	</channel>
</rss>
