<?xml version="1.0" encoding="UTF-8"?><rss version="2.0"
	xmlns:content="http://purl.org/rss/1.0/modules/content/"
	xmlns:wfw="http://wellformedweb.org/CommentAPI/"
	xmlns:dc="http://purl.org/dc/elements/1.1/"
	xmlns:atom="http://www.w3.org/2005/Atom"
	xmlns:sy="http://purl.org/rss/1.0/modules/syndication/"
	xmlns:slash="http://purl.org/rss/1.0/modules/slash/"
	>

<channel>
	<title>Alexis Fawx &#8211; Yamyhub</title>
	<atom:link href="https://www.yamyhub.com/categories/alexis-fawx/feed/" rel="self" type="application/rss+xml" />
	<link>https://www.yamyhub.com</link>
	<description>Watch latest free HD Full length Porn video. Big ass, Big cock, MILF, Lesbian, Step sister and Step mother Porn videos. Yamyhub porn videos.</description>
	<lastBuildDate>Fri, 16 Jul 2021 03:54:16 +0000</lastBuildDate>
	<language>en-US</language>
	<sy:updatePeriod>
	hourly	</sy:updatePeriod>
	<sy:updateFrequency>
	1	</sy:updateFrequency>
	<generator>https://wordpress.org/?v=5.7.2</generator>

<image>
	<url>https://www.yamyhub.com/wp-content/uploads/2021/06/favicon.png</url>
	<title>Alexis Fawx &#8211; Yamyhub</title>
	<link>https://www.yamyhub.com</link>
	<width>32</width>
	<height>32</height>
</image> 
	<item>
		<title>The car break down sex turns out Mom Alexis Fawx Nathan Bronson</title>
		<link>https://www.yamyhub.com/video/the-car-break-down-sex-turns-out-mom-alexis-fawx-nathan-bronson/</link>
		
		<dc:creator><![CDATA[yamyhub]]></dc:creator>
		<pubDate>Fri, 09 Jul 2021 13:53:29 +0000</pubDate>
				<guid isPermaLink="false">https://www.yamyhub.com/?post_type=video&#038;p=3566</guid>

					<description><![CDATA[<p>The car break down sex turns out Mom Alexis Fawx Nathan Bronson Naughty America Stepmom porn video Stepmom Alexis Fawx sex turns out with her son during car break down stepmom latest porn video yamyhub naughty America latest porn video stepmom porn video mom Alexis Fawx porn video Nathan Bronson porn video latest Nathan Bronson [&#8230;]</p>
<p>The post <a rel="nofollow" href="https://www.yamyhub.com/video/the-car-break-down-sex-turns-out-mom-alexis-fawx-nathan-bronson/">The car break down sex turns out Mom Alexis Fawx Nathan Bronson</a> appeared first on <a rel="nofollow" href="https://www.yamyhub.com">Yamyhub</a>.</p>
]]></description>
										<content:encoded><![CDATA[<h2>The car break down sex turns out Mom Alexis Fawx Nathan Bronson</h2>
<p>Naughty America Stepmom porn video Stepmom Alexis Fawx sex turns out with her son during car break down stepmom latest porn video yamyhub naughty America latest porn video stepmom porn video mom Alexis Fawx porn video Nathan Bronson porn video latest Nathan Bronson porn</p>
<p>The post <a rel="nofollow" href="https://www.yamyhub.com/video/the-car-break-down-sex-turns-out-mom-alexis-fawx-nathan-bronson/">The car break down sex turns out Mom Alexis Fawx Nathan Bronson</a> appeared first on <a rel="nofollow" href="https://www.yamyhub.com">Yamyhub</a>.</p>
]]></content:encoded>
					
		
		
			</item>
	</channel>
</rss>
