<?xml version="1.0" encoding="UTF-8"?><rss version="2.0"
	xmlns:content="http://purl.org/rss/1.0/modules/content/"
	xmlns:wfw="http://wellformedweb.org/CommentAPI/"
	xmlns:dc="http://purl.org/dc/elements/1.1/"
	xmlns:atom="http://www.w3.org/2005/Atom"
	xmlns:sy="http://purl.org/rss/1.0/modules/syndication/"
	xmlns:slash="http://purl.org/rss/1.0/modules/slash/"
	>

<channel>
	<title>gonzo &#8211; Yamyhub</title>
	<atom:link href="https://www.yamyhub.com/categories/gonzo/feed/" rel="self" type="application/rss+xml" />
	<link>https://www.yamyhub.com</link>
	<description>Watch latest free HD Full length Porn video. Big ass, Big cock, MILF, Lesbian, Step sister and Step mother Porn videos. Yamyhub porn videos.</description>
	<lastBuildDate>Mon, 16 Aug 2021 03:34:34 +0000</lastBuildDate>
	<language>en-US</language>
	<sy:updatePeriod>
	hourly	</sy:updatePeriod>
	<sy:updateFrequency>
	1	</sy:updateFrequency>
	<generator>https://wordpress.org/?v=5.8</generator>

<image>
	<url>https://www.yamyhub.com/wp-content/uploads/2021/07/cropped-favicon-32x32.png</url>
	<title>gonzo &#8211; Yamyhub</title>
	<link>https://www.yamyhub.com</link>
	<width>32</width>
	<height>32</height>
</image> 
	<item>
		<title>Gonzo Gangbang anal sex with pornstars Alexis crystal</title>
		<link>https://www.yamyhub.com/video/gonzo-gangbang-anal-sex-with-pornstars-alexis-crystal/</link>
		
		<dc:creator><![CDATA[yamyhub]]></dc:creator>
		<pubDate>Mon, 16 Aug 2021 03:27:43 +0000</pubDate>
				<guid isPermaLink="false">https://www.yamyhub.com/?post_type=video&#038;p=4536</guid>

					<description><![CDATA[<p>Gonzo Gangbang anal sex with pornstars Alexis crystal Gonzo pornstars veronica leal &#38; Alexis crystal Porn video by XNXX. Anal fuck from strapon &#38; double penetration by group sex cocks yamyhub. Strapon pornstar get anal from big sex toys. Fulfil her wished by get double penetration from group of cock xnxx. Xnxx pporn videos with [&#8230;]</p>
<p>The post <a rel="nofollow" href="https://www.yamyhub.com/video/gonzo-gangbang-anal-sex-with-pornstars-alexis-crystal/">Gonzo Gangbang anal sex with pornstars Alexis crystal</a> appeared first on <a rel="nofollow" href="https://www.yamyhub.com">Yamyhub</a>.</p>
]]></description>
										<content:encoded><![CDATA[<h2>Gonzo Gangbang anal sex with pornstars Alexis crystal</h2>
<p>Gonzo pornstars veronica leal &amp; Alexis crystal Porn video by XNXX. Anal fuck from strapon &amp; double penetration by group sex cocks yamyhub. Strapon pornstar get anal from big sex toys. Fulfil her wished by get double penetration from group of cock xnxx. Xnxx pporn videos with strapon double penetration group sex gangbang porn.</p>
<p>The post <a rel="nofollow" href="https://www.yamyhub.com/video/gonzo-gangbang-anal-sex-with-pornstars-alexis-crystal/">Gonzo Gangbang anal sex with pornstars Alexis crystal</a> appeared first on <a rel="nofollow" href="https://www.yamyhub.com">Yamyhub</a>.</p>
]]></content:encoded>
					
		
		
			</item>
		<item>
		<title>Gonzo three big cocks anal double penetration Veronica Leal</title>
		<link>https://www.yamyhub.com/video/gonzo-three-big-cocks-anal-double-penetration-veronica-leal/</link>
		
		<dc:creator><![CDATA[yamyhub]]></dc:creator>
		<pubDate>Thu, 05 Aug 2021 12:56:59 +0000</pubDate>
				<guid isPermaLink="false">https://www.yamyhub.com/?post_type=video&#038;p=4164</guid>

					<description><![CDATA[<p>Gonzo three big cocks anal double penetration Veronica Leal Gonzo pornstars Veronica Leal &#38; Chris Diamond Sex videos. Amateur pornstar get three cock &#38; Anal double penetration. Veronica Leal yamyhub. Big ass Gape pornstar Veronica Leal Get double penetration from two cocks. Veronica Leal Get three cocks in her ass gape and pussy. ass gape [&#8230;]</p>
<p>The post <a rel="nofollow" href="https://www.yamyhub.com/video/gonzo-three-big-cocks-anal-double-penetration-veronica-leal/">Gonzo three big cocks anal double penetration Veronica Leal</a> appeared first on <a rel="nofollow" href="https://www.yamyhub.com">Yamyhub</a>.</p>
]]></description>
										<content:encoded><![CDATA[<h2>Gonzo three big cocks anal double penetration Veronica Leal</h2>
<p>Gonzo pornstars Veronica Leal &amp; Chris Diamond Sex videos. Amateur pornstar get three cock &amp; Anal double penetration. Veronica Leal yamyhub. Big ass Gape pornstar Veronica Leal Get double penetration from two cocks. Veronica Leal Get three cocks in her ass gape and pussy. ass gape fucked by three awesome cocks. Daftsex spankbang porn video. DP sex videos.</p>
<p>The post <a rel="nofollow" href="https://www.yamyhub.com/video/gonzo-three-big-cocks-anal-double-penetration-veronica-leal/">Gonzo three big cocks anal double penetration Veronica Leal</a> appeared first on <a rel="nofollow" href="https://www.yamyhub.com">Yamyhub</a>.</p>
]]></content:encoded>
					
		
		
			</item>
		<item>
		<title>Big ass small tits busty porn star fucked anal from dick</title>
		<link>https://www.yamyhub.com/video/big-ass-small-tits-busty-porn-star-fucked-anal-from-dick/</link>
		
		<dc:creator><![CDATA[yamyhub]]></dc:creator>
		<pubDate>Mon, 26 Jul 2021 17:56:14 +0000</pubDate>
				<guid isPermaLink="false">https://www.yamyhub.com/?post_type=video&#038;p=3916</guid>

					<description><![CDATA[<p>Big ass small tits busty porn star fucked anal from dick Perfect gonzo anal porn video. Small tits big ass women take dich in her ass hole and pussy. Blonde Take sex toys to fuck ass hole Yamyhub. Big ass Russian women take Cock in her ass hole and sex toys. Women fucked from Sex [&#8230;]</p>
<p>The post <a rel="nofollow" href="https://www.yamyhub.com/video/big-ass-small-tits-busty-porn-star-fucked-anal-from-dick/">Big ass small tits busty porn star fucked anal from dick</a> appeared first on <a rel="nofollow" href="https://www.yamyhub.com">Yamyhub</a>.</p>
]]></description>
										<content:encoded><![CDATA[<h2>Big ass small tits busty porn star fucked anal from dick</h2>
<p>Perfect gonzo anal porn video. Small tits big ass women take dich in her ass hole and pussy. Blonde Take sex toys to fuck ass hole Yamyhub. Big ass Russian women take Cock in her ass hole and sex toys. Women fucked from Sex toys. Watch the latest HD full length Porn video. Small tits women fucked from big dick. Xhamster porn video daftsex porn videos.</p>
<p>The post <a rel="nofollow" href="https://www.yamyhub.com/video/big-ass-small-tits-busty-porn-star-fucked-anal-from-dick/">Big ass small tits busty porn star fucked anal from dick</a> appeared first on <a rel="nofollow" href="https://www.yamyhub.com">Yamyhub</a>.</p>
]]></content:encoded>
					
		
		
			</item>
		<item>
		<title>Read head women Veronica leal fuck anal from gangbang</title>
		<link>https://www.yamyhub.com/video/read-head-women-fuck-anal-from-gangbang-veronica-leal/</link>
		
		<dc:creator><![CDATA[yamyhub]]></dc:creator>
		<pubDate>Sat, 24 Jul 2021 13:25:37 +0000</pubDate>
				<guid isPermaLink="false">https://www.yamyhub.com/?post_type=video&#038;p=3832</guid>

					<description><![CDATA[<p>Read head women Fuck anal from gangbang Veronica leal Gonzo pornstar Veronica leal Anal gangbang porn video. Read head Women anal fuck three big cock double penetration. Veronica leal yamyhub. Veronica leal fuck fuck from group of big cock group sex. Three Big cock with two black cocks penetrate Veronica leal ass and pussy. Blowjob [&#8230;]</p>
<p>The post <a rel="nofollow" href="https://www.yamyhub.com/video/read-head-women-fuck-anal-from-gangbang-veronica-leal/">Read head women Veronica leal fuck anal from gangbang</a> appeared first on <a rel="nofollow" href="https://www.yamyhub.com">Yamyhub</a>.</p>
]]></description>
										<content:encoded><![CDATA[<h2>Read head women Fuck anal from gangbang Veronica leal</h2>
<p>Gonzo pornstar Veronica leal Anal gangbang porn video. Read head Women anal fuck three big cock double penetration. Veronica leal yamyhub. Veronica leal fuck fuck from group of big cock group sex. Three Big cock with two black cocks penetrate Veronica leal ass and pussy. Blowjob for for black and white cocks.  Anal fuck from three big cock. Gonzo gangbang porn video. Xvideos daftsex porn video. Fuck Veronica leal double penetration ass and pussy.</p>
<p>The post <a rel="nofollow" href="https://www.yamyhub.com/video/read-head-women-fuck-anal-from-gangbang-veronica-leal/">Read head women Veronica leal fuck anal from gangbang</a> appeared first on <a rel="nofollow" href="https://www.yamyhub.com">Yamyhub</a>.</p>
]]></content:encoded>
					
		
		
			</item>
		<item>
		<title>Anal sex with black cock in all hole threesome kristy black</title>
		<link>https://www.yamyhub.com/video/anal-sex-with-black-cock-in-all-hole-threesome-kristy-black/</link>
		
		<dc:creator><![CDATA[yamyhub]]></dc:creator>
		<pubDate>Sat, 24 Jul 2021 12:23:53 +0000</pubDate>
				<guid isPermaLink="false">https://www.yamyhub.com/?post_type=video&#038;p=3828</guid>

					<description><![CDATA[<p>Anal sex with black cock in all hole threesome kristy black Gonzo anal sex threesome Kristy black porn videos. Two Black cocks penetrate in all hole Kristy black anal threesome MMF yamyhub. Gonzo porn Anal sex with threesome porn video. Gonzo latest porn video Kristy black. Fuck anal Male male female love anal porn Yamyhub. [&#8230;]</p>
<p>The post <a rel="nofollow" href="https://www.yamyhub.com/video/anal-sex-with-black-cock-in-all-hole-threesome-kristy-black/">Anal sex with black cock in all hole threesome kristy black</a> appeared first on <a rel="nofollow" href="https://www.yamyhub.com">Yamyhub</a>.</p>
]]></description>
										<content:encoded><![CDATA[<h2>Anal sex with black cock in all hole threesome kristy black</h2>
<p>Gonzo anal sex threesome Kristy black porn videos. Two Black cocks penetrate in all hole Kristy black anal threesome MMF yamyhub. Gonzo porn Anal sex with threesome porn video. Gonzo latest porn video Kristy black. Fuck anal Male male female love anal porn Yamyhub. Gonzo porn video. Black cock fuck Kristy black ass and pussy ass hole porn video. spankbank porn TXXX latest porn.</p>
<p>The post <a rel="nofollow" href="https://www.yamyhub.com/video/anal-sex-with-black-cock-in-all-hole-threesome-kristy-black/">Anal sex with black cock in all hole threesome kristy black</a> appeared first on <a rel="nofollow" href="https://www.yamyhub.com">Yamyhub</a>.</p>
]]></content:encoded>
					
		
		
			</item>
		<item>
		<title>Sara bell gangbang with double anal double penetration gonzo</title>
		<link>https://www.yamyhub.com/video/sara-bell-gangbang-with-double-anal-double-penetration-gonzo/</link>
		
		<dc:creator><![CDATA[yamyhub]]></dc:creator>
		<pubDate>Fri, 28 May 2021 11:16:45 +0000</pubDate>
				<guid isPermaLink="false">http://localhost/github/?post_type=video&#038;p=3013</guid>

					<description><![CDATA[<p>Sara bell gangbang with double anal double penetration gonzo Gonzo porn video, sara bell fucked hardcore by black cocks, double anal porn videos, double penetration porn videos, ass gape porn video, ass hole porn video. Legalporno blowjob analvids sara bell hardcore with dp gangbang dap gonzo and triple penetration anal.</p>
<p>The post <a rel="nofollow" href="https://www.yamyhub.com/video/sara-bell-gangbang-with-double-anal-double-penetration-gonzo/">Sara bell gangbang with double anal double penetration gonzo</a> appeared first on <a rel="nofollow" href="https://www.yamyhub.com">Yamyhub</a>.</p>
]]></description>
										<content:encoded><![CDATA[<p>Sara bell gangbang with double anal double penetration gonzo</p>
<p>Gonzo porn video, sara bell fucked hardcore by black cocks, double anal porn videos, double penetration porn videos, ass gape porn video, ass hole porn video.</p>
<p>Legalporno blowjob analvids sara bell hardcore with dp gangbang dap gonzo and triple penetration anal.</p>
<p>The post <a rel="nofollow" href="https://www.yamyhub.com/video/sara-bell-gangbang-with-double-anal-double-penetration-gonzo/">Sara bell gangbang with double anal double penetration gonzo</a> appeared first on <a rel="nofollow" href="https://www.yamyhub.com">Yamyhub</a>.</p>
]]></content:encoded>
					
		
		
			</item>
		<item>
		<title>Gonzo double anal triple penetration Natasha Teen porn</title>
		<link>https://www.yamyhub.com/video/gonzo-double-anal-triple-penetration-natasha-teen-porn/</link>
		
		<dc:creator><![CDATA[yamyhub]]></dc:creator>
		<pubDate>Fri, 28 May 2021 10:53:14 +0000</pubDate>
				<guid isPermaLink="false">http://localhost/github/?post_type=video&#038;p=3011</guid>

					<description><![CDATA[<p>Gonzo double anal triple penetration Natasha Teen porn HD Porn Movies Triple Penetration  Gangbang And more HD porn Triple Penetration Triple Anal Double Penetration Double Anal Watch natasha teen porn videos, legalporno porn videos, analvids porn videos double anal, double penetration, double anal porn videos. Gonzo porn video.</p>
<p>The post <a rel="nofollow" href="https://www.yamyhub.com/video/gonzo-double-anal-triple-penetration-natasha-teen-porn/">Gonzo double anal triple penetration Natasha Teen porn</a> appeared first on <a rel="nofollow" href="https://www.yamyhub.com">Yamyhub</a>.</p>
]]></description>
										<content:encoded><![CDATA[<h1>Gonzo double anal triple penetration Natasha Teen porn</h1>
<p>HD Porn Movies Triple Penetration  Gangbang And more HD porn Triple Penetration Triple Anal Double Penetration Double Anal Watch natasha teen porn videos, legalporno porn videos, analvids porn videos double anal, double penetration, double anal porn videos. Gonzo porn video.</p>
<p>The post <a rel="nofollow" href="https://www.yamyhub.com/video/gonzo-double-anal-triple-penetration-natasha-teen-porn/">Gonzo double anal triple penetration Natasha Teen porn</a> appeared first on <a rel="nofollow" href="https://www.yamyhub.com">Yamyhub</a>.</p>
]]></content:encoded>
					
		
		
			</item>
	</channel>
</rss>
