<?xml version="1.0" encoding="UTF-8"?><rss version="2.0"
	xmlns:content="http://purl.org/rss/1.0/modules/content/"
	xmlns:wfw="http://wellformedweb.org/CommentAPI/"
	xmlns:dc="http://purl.org/dc/elements/1.1/"
	xmlns:atom="http://www.w3.org/2005/Atom"
	xmlns:sy="http://purl.org/rss/1.0/modules/syndication/"
	xmlns:slash="http://purl.org/rss/1.0/modules/slash/"
	>

<channel>
	<title>Anna de ville &#8211; Yamyhub</title>
	<atom:link href="https://www.yamyhub.com/categories/anna-de-ville/feed/" rel="self" type="application/rss+xml" />
	<link>https://www.yamyhub.com</link>
	<description>Watch latest free HD Full length Porn video. Big ass, Big cock, MILF, Lesbian, Step sister and Step mother Porn videos. Yamyhub porn videos.</description>
	<lastBuildDate>Tue, 10 Aug 2021 16:37:52 +0000</lastBuildDate>
	<language>en-US</language>
	<sy:updatePeriod>
	hourly	</sy:updatePeriod>
	<sy:updateFrequency>
	1	</sy:updateFrequency>
	<generator>https://wordpress.org/?v=5.8</generator>

<image>
	<url>https://www.yamyhub.com/wp-content/uploads/2021/07/cropped-favicon-32x32.png</url>
	<title>Anna de ville &#8211; Yamyhub</title>
	<link>https://www.yamyhub.com</link>
	<width>32</width>
	<height>32</height>
</image> 
	<item>
		<title>Anna de Ville want to love anal from BBC tushy</title>
		<link>https://www.yamyhub.com/video/anna-de-ville-want-to-love-anal-from-bbc-tushy/</link>
		
		<dc:creator><![CDATA[yamyhub]]></dc:creator>
		<pubDate>Sun, 01 Aug 2021 13:25:13 +0000</pubDate>
				<guid isPermaLink="false">https://www.yamyhub.com/?post_type=video&#038;p=4084</guid>

					<description><![CDATA[<p>Anna de Ville want to love anal from BBC tushy Tushy Pornstar Anna de Ville anal porn videos. Big black cock penetrate Anna de ville&#8217;s ass &#38; pussy. Blowjob First deep black anal yamyhub. Latest Tushy Black anal porn videos. Anna de ville Love to fuck her ass hole from big black cock. Big black [&#8230;]</p>
<p>The post <a rel="nofollow" href="https://www.yamyhub.com/video/anna-de-ville-want-to-love-anal-from-bbc-tushy/">Anna de Ville want to love anal from BBC tushy</a> appeared first on <a rel="nofollow" href="https://www.yamyhub.com">Yamyhub</a>.</p>
]]></description>
										<content:encoded><![CDATA[<h2>Anna de Ville want to love anal from BBC tushy</h2>
<p>Tushy Pornstar Anna de Ville anal porn videos. Big black cock penetrate Anna de ville&#8217;s ass &amp; pussy. Blowjob First deep black anal yamyhub. Latest Tushy Black anal porn videos. Anna de ville Love to fuck her ass hole from big black cock. Big black cock fuck pussy and ass and cum in mouth. Spankbang porn video.</p>
<p>The post <a rel="nofollow" href="https://www.yamyhub.com/video/anna-de-ville-want-to-love-anal-from-bbc-tushy/">Anna de Ville want to love anal from BBC tushy</a> appeared first on <a rel="nofollow" href="https://www.yamyhub.com">Yamyhub</a>.</p>
]]></content:encoded>
					
		
		
			</item>
		<item>
		<title>Big black cock fuck interracial anal sex Brunettes Anna de ville</title>
		<link>https://www.yamyhub.com/video/big-black-cock-fuck-interracial-anal-sex-brunettes-anna-de-ville/</link>
		
		<dc:creator><![CDATA[yamyhub]]></dc:creator>
		<pubDate>Sat, 24 Jul 2021 04:31:59 +0000</pubDate>
				<guid isPermaLink="false">https://www.yamyhub.com/?post_type=video&#038;p=3819</guid>

					<description><![CDATA[<p>Big black cock fuck interracial anal sex Brunettes Anna de ville Black cock interracial anal Anna de Ville porn video. Brunettes Anna de Ville fuck Interracial anal sex from big black cock. Sex video yamyhub. Anna de Ville latest porn video. Anna de ville fuck from black cock anal porn. Brunettes porn video. Anna de [&#8230;]</p>
<p>The post <a rel="nofollow" href="https://www.yamyhub.com/video/big-black-cock-fuck-interracial-anal-sex-brunettes-anna-de-ville/">Big black cock fuck interracial anal sex Brunettes Anna de ville</a> appeared first on <a rel="nofollow" href="https://www.yamyhub.com">Yamyhub</a>.</p>
]]></description>
										<content:encoded><![CDATA[<h2>Big black cock fuck interracial anal sex Brunettes Anna de ville</h2>
<p>Black cock interracial anal Anna de Ville porn video. Brunettes Anna de Ville fuck Interracial anal sex from big black cock. Sex video yamyhub. Anna de Ville latest porn video. Anna de ville fuck from black cock anal porn. Brunettes porn video. Anna de Ville fuck anal from big dick interracial anal porn video. xvideo porn xhamster porn</p>
<p>The post <a rel="nofollow" href="https://www.yamyhub.com/video/big-black-cock-fuck-interracial-anal-sex-brunettes-anna-de-ville/">Big black cock fuck interracial anal sex Brunettes Anna de ville</a> appeared first on <a rel="nofollow" href="https://www.yamyhub.com">Yamyhub</a>.</p>
]]></content:encoded>
					
		
		
			</item>
	</channel>
</rss>
