<?xml version="1.0" encoding="UTF-8"?><rss version="2.0"
	xmlns:content="http://purl.org/rss/1.0/modules/content/"
	xmlns:wfw="http://wellformedweb.org/CommentAPI/"
	xmlns:dc="http://purl.org/dc/elements/1.1/"
	xmlns:atom="http://www.w3.org/2005/Atom"
	xmlns:sy="http://purl.org/rss/1.0/modules/syndication/"
	xmlns:slash="http://purl.org/rss/1.0/modules/slash/"
	>

<channel>
	<title>ivy Secret &#8211; Yamyhub</title>
	<atom:link href="https://www.yamyhub.com/categories/ivy-secret/feed/" rel="self" type="application/rss+xml" />
	<link>https://www.yamyhub.com</link>
	<description>Watch latest free HD Full length Porn video. Big ass, Big cock, MILF, Lesbian, Step sister and Step mother Porn videos. Yamyhub porn videos.</description>
	<lastBuildDate>Tue, 10 Aug 2021 11:32:19 +0000</lastBuildDate>
	<language>en-US</language>
	<sy:updatePeriod>
	hourly	</sy:updatePeriod>
	<sy:updateFrequency>
	1	</sy:updateFrequency>
	<generator>https://wordpress.org/?v=5.8</generator>

<image>
	<url>https://www.yamyhub.com/wp-content/uploads/2021/07/cropped-favicon-32x32.png</url>
	<title>ivy Secret &#8211; Yamyhub</title>
	<link>https://www.yamyhub.com</link>
	<width>32</width>
	<height>32</height>
</image> 
	<item>
		<title>My hot lesbian teacher want to anal sex with strapon</title>
		<link>https://www.yamyhub.com/video/my-hot-lesbian-teacher-want-to-anal-sex-with-strapon/</link>
		
		<dc:creator><![CDATA[yamyhub]]></dc:creator>
		<pubDate>Thu, 29 Jul 2021 06:20:29 +0000</pubDate>
				<guid isPermaLink="false">https://www.yamyhub.com/?post_type=video&#038;p=3951</guid>

					<description><![CDATA[<p>My hot lesbian teacher want to anal sex with strapon Lesbian porn star Cory Chase ivy Secret strapon video. Hot teacher Cory Chase want to fuck from ivy Secret strapon anal training yamyhub. Teacher fuck her student by the use of strapon. Student want strapon in ass hole from Cory Chase. Use of strapon in [&#8230;]</p>
<p>The post <a rel="nofollow" href="https://www.yamyhub.com/video/my-hot-lesbian-teacher-want-to-anal-sex-with-strapon/">My hot lesbian teacher want to anal sex with strapon</a> appeared first on <a rel="nofollow" href="https://www.yamyhub.com">Yamyhub</a>.</p>
]]></description>
										<content:encoded><![CDATA[<h2>My hot lesbian teacher want to anal sex with strapon</h2>
<p>Lesbian porn star Cory Chase ivy Secret strapon video. Hot teacher Cory Chase want to fuck from ivy Secret strapon anal training yamyhub. Teacher fuck her student by the use of strapon. Student want strapon in ass hole from Cory Chase. Use of strapon in anal training sex videos. porn stars ivy Secret Cory Chase love strapon fucking. Pornhub videos xvideos.</p>
<p>The post <a rel="nofollow" href="https://www.yamyhub.com/video/my-hot-lesbian-teacher-want-to-anal-sex-with-strapon/">My hot lesbian teacher want to anal sex with strapon</a> appeared first on <a rel="nofollow" href="https://www.yamyhub.com">Yamyhub</a>.</p>
]]></content:encoded>
					
		
		
			</item>
	</channel>
</rss>
