<?xml version="1.0" encoding="UTF-8"?><rss version="2.0"
	xmlns:content="http://purl.org/rss/1.0/modules/content/"
	xmlns:wfw="http://wellformedweb.org/CommentAPI/"
	xmlns:dc="http://purl.org/dc/elements/1.1/"
	xmlns:atom="http://www.w3.org/2005/Atom"
	xmlns:sy="http://purl.org/rss/1.0/modules/syndication/"
	xmlns:slash="http://purl.org/rss/1.0/modules/slash/"
	>

<channel>
	<title>Emily Willis &#8211; Yamyhub</title>
	<atom:link href="https://www.yamyhub.com/categories/emily-willis/feed/" rel="self" type="application/rss+xml" />
	<link>https://www.yamyhub.com</link>
	<description>Watch latest free HD Full length Porn video. Big ass, Big cock, MILF, Lesbian, Step sister and Step mother Porn videos. Yamyhub porn videos.</description>
	<lastBuildDate>Tue, 17 Aug 2021 04:30:35 +0000</lastBuildDate>
	<language>en-US</language>
	<sy:updatePeriod>
	hourly	</sy:updatePeriod>
	<sy:updateFrequency>
	1	</sy:updateFrequency>
	<generator>https://wordpress.org/?v=5.8</generator>

<image>
	<url>https://www.yamyhub.com/wp-content/uploads/2021/07/cropped-favicon-32x32.png</url>
	<title>Emily Willis &#8211; Yamyhub</title>
	<link>https://www.yamyhub.com</link>
	<width>32</width>
	<height>32</height>
</image> 
	<item>
		<title>Tushy Threesome FFM anal fuck for Emily Willis pornhub</title>
		<link>https://www.yamyhub.com/video/tushy-threesome-ffm-anal-fuck-for-emily-willis-pornhub/</link>
		
		<dc:creator><![CDATA[yamyhub]]></dc:creator>
		<pubDate>Tue, 17 Aug 2021 04:30:35 +0000</pubDate>
				<guid isPermaLink="false">https://www.yamyhub.com/?post_type=video&#038;p=4574</guid>

					<description><![CDATA[<p>Tushy Threesome FFM anal fuck for Emily Willis pornhub Tushy pornstars Emily Willis, Hime Marie &#38; Keiran lee porn video by pornhub. Brunette blonde get cock in her ass anal threesome FFM yamyhub. Threesome porn for female female male get fucked hardcore by pornhub. Emily willis and hime marie get big cock of her in [&#8230;]</p>
<p>The post <a rel="nofollow" href="https://www.yamyhub.com/video/tushy-threesome-ffm-anal-fuck-for-emily-willis-pornhub/">Tushy Threesome FFM anal fuck for Emily Willis pornhub</a> appeared first on <a rel="nofollow" href="https://www.yamyhub.com">Yamyhub</a>.</p>
]]></description>
										<content:encoded><![CDATA[<h2>Tushy Threesome FFM anal fuck for Emily Willis pornhub</h2>
<p>Tushy pornstars Emily Willis, Hime Marie &amp; Keiran lee porn video by pornhub. Brunette blonde get cock in her ass anal threesome FFM yamyhub. Threesome porn for female female male get fucked hardcore by pornhub. Emily willis and hime marie get big cock of her in the office. Keiran lee want to get fucked hardcore two hot chicks.</p>
<p>The post <a rel="nofollow" href="https://www.yamyhub.com/video/tushy-threesome-ffm-anal-fuck-for-emily-willis-pornhub/">Tushy Threesome FFM anal fuck for Emily Willis pornhub</a> appeared first on <a rel="nofollow" href="https://www.yamyhub.com">Yamyhub</a>.</p>
]]></content:encoded>
					
		
		
			</item>
		<item>
		<title>Skinny brunette Emily Willis take ride on huge cock</title>
		<link>https://www.yamyhub.com/video/skinny-brunette-emily-willis-take-ride-on-huge-cock/</link>
		
		<dc:creator><![CDATA[yamyhub]]></dc:creator>
		<pubDate>Fri, 06 Aug 2021 02:59:22 +0000</pubDate>
				<guid isPermaLink="false">https://www.yamyhub.com/?post_type=video&#038;p=4169</guid>

					<description><![CDATA[<p>Skinny brunette Emily Willis take ride on huge cock My very first time Pornstar Emily Willis porn video. Hot skinny teen Getting the Rough sex with cock. Emily Willis pussy fuck porn yamyhub, Teen Emily Willis want to take cock inside her pussy. Pussy fuck with big cock and Emily Willis ride on cock. Teen [&#8230;]</p>
<p>The post <a rel="nofollow" href="https://www.yamyhub.com/video/skinny-brunette-emily-willis-take-ride-on-huge-cock/">Skinny brunette Emily Willis take ride on huge cock</a> appeared first on <a rel="nofollow" href="https://www.yamyhub.com">Yamyhub</a>.</p>
]]></description>
										<content:encoded><![CDATA[<h2>Skinny brunette Emily Willis take ride on huge cock</h2>
<p>My very first time Pornstar Emily Willis porn video. Hot skinny teen Getting the Rough sex with cock. Emily Willis pussy fuck porn yamyhub, Teen Emily Willis want to take cock inside her pussy. Pussy fuck with big cock and Emily Willis ride on cock. Teen Emily Willis want to fuck from big cock. My very first time porn video with TXXX porn xhamster porn videos.</p>
<p>The post <a rel="nofollow" href="https://www.yamyhub.com/video/skinny-brunette-emily-willis-take-ride-on-huge-cock/">Skinny brunette Emily Willis take ride on huge cock</a> appeared first on <a rel="nofollow" href="https://www.yamyhub.com">Yamyhub</a>.</p>
]]></content:encoded>
					
		
		
			</item>
		<item>
		<title>Tushy Emily Willis feed their asshole with big cock</title>
		<link>https://www.yamyhub.com/video/tushy-emily-willis-feed-their-asshole-with-big-cock/</link>
		
		<dc:creator><![CDATA[yamyhub]]></dc:creator>
		<pubDate>Mon, 02 Aug 2021 12:16:21 +0000</pubDate>
				<guid isPermaLink="false">https://www.yamyhub.com/?post_type=video&#038;p=4102</guid>

					<description><![CDATA[<p>Tushy Emily Willis feed their asshole with big cock Tushy Pornstar Emily Willis &#38; Chris Strokes Porn video. Pornstar Emily Willis has an amazing anal with monster cock. Ride cock inside her ass hole yamyhub. Emily Willis fuck anal from big cock. Tushy Emily Willis to be gaped. Ass gaped from Chris Strokes cock in her [&#8230;]</p>
<p>The post <a rel="nofollow" href="https://www.yamyhub.com/video/tushy-emily-willis-feed-their-asshole-with-big-cock/">Tushy Emily Willis feed their asshole with big cock</a> appeared first on <a rel="nofollow" href="https://www.yamyhub.com">Yamyhub</a>.</p>
]]></description>
										<content:encoded><![CDATA[<h2>Tushy Emily Willis feed their asshole with big cock</h2>
<p>Tushy Pornstar Emily Willis &amp; Chris Strokes Porn video. Pornstar Emily Willis has an amazing anal with monster cock. Ride cock inside her ass hole yamyhub. Emily Willis fuck anal from big cock. Tushy Emily Willis to be gaped. Ass gaped from Chris Strokes cock in her ass. Tushy Xvideos porn.</p>
<p>The post <a rel="nofollow" href="https://www.yamyhub.com/video/tushy-emily-willis-feed-their-asshole-with-big-cock/">Tushy Emily Willis feed their asshole with big cock</a> appeared first on <a rel="nofollow" href="https://www.yamyhub.com">Yamyhub</a>.</p>
]]></content:encoded>
					
		
		
			</item>
		<item>
		<title>Skinny young bitch Emily Willis has sex with boyfriend&#8217;s father</title>
		<link>https://www.yamyhub.com/video/skinny-young-bitch-emily-willis-has-sex-with-boyfriends-father/</link>
		
		<dc:creator><![CDATA[yamyhub]]></dc:creator>
		<pubDate>Sun, 11 Jul 2021 09:58:04 +0000</pubDate>
				<guid isPermaLink="false">https://www.yamyhub.com/?post_type=video&#038;p=3587</guid>

					<description><![CDATA[<p>Skinny young bitch Emily Willis has sex with boyfriend&#8217;s father Bangbros family porn video Skinny young bitch teen Emily willis has sex with her boyfriend father family porn video yamyhub bangbros porn video latest family bangbros porn video Emily willis porn video Emily willis sex with her boyfrind&#8217; father father fuck her daughter fuck daughter.</p>
<p>The post <a rel="nofollow" href="https://www.yamyhub.com/video/skinny-young-bitch-emily-willis-has-sex-with-boyfriends-father/">Skinny young bitch Emily Willis has sex with boyfriend&#8217;s father</a> appeared first on <a rel="nofollow" href="https://www.yamyhub.com">Yamyhub</a>.</p>
]]></description>
										<content:encoded><![CDATA[<h2>Skinny young bitch Emily Willis has sex with boyfriend&#8217;s father</h2>
<p>Bangbros family porn video Skinny young bitch teen Emily willis has sex with her boyfriend father family porn video yamyhub bangbros porn video latest family bangbros porn video Emily willis porn video Emily willis sex with her boyfrind&#8217; father father fuck her daughter fuck daughter.</p>
<p>The post <a rel="nofollow" href="https://www.yamyhub.com/video/skinny-young-bitch-emily-willis-has-sex-with-boyfriends-father/">Skinny young bitch Emily Willis has sex with boyfriend&#8217;s father</a> appeared first on <a rel="nofollow" href="https://www.yamyhub.com">Yamyhub</a>.</p>
]]></content:encoded>
					
		
		
			</item>
	</channel>
</rss>
