<?xml version="1.0" encoding="UTF-8"?><rss version="2.0"
	xmlns:content="http://purl.org/rss/1.0/modules/content/"
	xmlns:wfw="http://wellformedweb.org/CommentAPI/"
	xmlns:dc="http://purl.org/dc/elements/1.1/"
	xmlns:atom="http://www.w3.org/2005/Atom"
	xmlns:sy="http://purl.org/rss/1.0/modules/syndication/"
	xmlns:slash="http://purl.org/rss/1.0/modules/slash/"
	>

<channel>
	<title>Serena Blair &#8211; Yamyhub</title>
	<atom:link href="https://adult.yamyhub.com/categories/serena-blair/feed/" rel="self" type="application/rss+xml" />
	<link>https://adult.yamyhub.com</link>
	<description>Watch latest free HD Full length Porn video. Big ass, Big cock, MILF, Lesbian, Step sister and Step mother Porn videos. Yamyhub porn videos.</description>
	<lastBuildDate>Mon, 14 Jun 2021 17:59:35 +0000</lastBuildDate>
	<language>en-US</language>
	<sy:updatePeriod>
	hourly	</sy:updatePeriod>
	<sy:updateFrequency>
	1	</sy:updateFrequency>
	<generator>https://wordpress.org/?v=5.7.2</generator>

<image>
	<url>https://adult.yamyhub.com/wp-content/uploads/2021/06/favicon.png</url>
	<title>Serena Blair &#8211; Yamyhub</title>
	<link>https://adult.yamyhub.com</link>
	<width>32</width>
	<height>32</height>
</image> 
	<item>
		<title>GIRLSWAY Angela White Turns Bachelorette Party Foursome</title>
		<link>https://adult.yamyhub.com/video/girlsway-angela-white-turns-bachelorette-party-foursome/</link>
		
		<dc:creator><![CDATA[yamyhub]]></dc:creator>
		<pubDate>Sat, 15 May 2021 01:49:20 +0000</pubDate>
				<guid isPermaLink="false">http://localhost/github/?post_type=video&#038;p=2868</guid>

					<description><![CDATA[<p>GIRLSWAY Angela White Turns this Bachelorette Party into a Foursome Serena Blair &#8211; Alix Lynx &#8211; Silvia Saige Babe Big Ass, Big Tits, Fingering, HD Porn, Lesbian, MILF Old/Young Pornstar, Pussy Licking, Reality</p>
<p>The post <a rel="nofollow" href="https://adult.yamyhub.com/video/girlsway-angela-white-turns-bachelorette-party-foursome/">GIRLSWAY Angela White Turns Bachelorette Party Foursome</a> appeared first on <a rel="nofollow" href="https://adult.yamyhub.com">Yamyhub</a>.</p>
]]></description>
										<content:encoded><![CDATA[<p>GIRLSWAY Angela White Turns this Bachelorette Party into a Foursome Serena Blair &#8211; Alix Lynx &#8211; Silvia Saige</p>
<p>Babe Big Ass, Big Tits, Fingering, HD Porn, Lesbian, MILF Old/Young</p>
<p>Pornstar, Pussy Licking, Reality</p>
<p>The post <a rel="nofollow" href="https://adult.yamyhub.com/video/girlsway-angela-white-turns-bachelorette-party-foursome/">GIRLSWAY Angela White Turns Bachelorette Party Foursome</a> appeared first on <a rel="nofollow" href="https://adult.yamyhub.com">Yamyhub</a>.</p>
]]></content:encoded>
					
		
		
			</item>
	</channel>
</rss>
