<?xml version="1.0" encoding="UTF-8"?><rss version="2.0"
	xmlns:content="http://purl.org/rss/1.0/modules/content/"
	xmlns:wfw="http://wellformedweb.org/CommentAPI/"
	xmlns:dc="http://purl.org/dc/elements/1.1/"
	xmlns:atom="http://www.w3.org/2005/Atom"
	xmlns:sy="http://purl.org/rss/1.0/modules/syndication/"
	xmlns:slash="http://purl.org/rss/1.0/modules/slash/"
	>

<channel>
	<title>Adriana Chechik &#8211; Yamyhub</title>
	<atom:link href="https://www.yamyhub.com/categories/adriana-chechik/feed/" rel="self" type="application/rss+xml" />
	<link>https://www.yamyhub.com</link>
	<description>Watch latest free HD Full length Porn video. Big ass, Big cock, MILF, Lesbian, Step sister and Step mother Porn videos. Yamyhub porn videos.</description>
	<lastBuildDate>Wed, 11 Aug 2021 12:42:33 +0000</lastBuildDate>
	<language>en-US</language>
	<sy:updatePeriod>
	hourly	</sy:updatePeriod>
	<sy:updateFrequency>
	1	</sy:updateFrequency>
	<generator>https://wordpress.org/?v=5.8</generator>

<image>
	<url>https://www.yamyhub.com/wp-content/uploads/2021/07/cropped-favicon-32x32.png</url>
	<title>Adriana Chechik &#8211; Yamyhub</title>
	<link>https://www.yamyhub.com</link>
	<width>32</width>
	<height>32</height>
</image> 
	<item>
		<title>Mofos Squirt organism in office threesome FFM Xvideos</title>
		<link>https://www.yamyhub.com/video/mofos-squirt-organism-in-office-threesome-ffm-xvideos/</link>
		
		<dc:creator><![CDATA[yamyhub]]></dc:creator>
		<pubDate>Sat, 07 Aug 2021 17:05:22 +0000</pubDate>
				<guid isPermaLink="false">https://www.yamyhub.com/?post_type=video&#038;p=4181</guid>

					<description><![CDATA[<p>Mofos Squirt organism in office threesome FFM Xvideos Mofos pornstars Tiffany Watson &#38; Adriana Chechik Xvideos porn XXX. Hot teacher and student get threesome squirt organism in class Yamyhub. Threesome Xvideos porn video with hottest pornstars of premium network mofos. Hot best teen chicks want to get cock from her student. Squirt in class with [&#8230;]</p>
<p>The post <a rel="nofollow" href="https://www.yamyhub.com/video/mofos-squirt-organism-in-office-threesome-ffm-xvideos/">Mofos Squirt organism in office threesome FFM Xvideos</a> appeared first on <a rel="nofollow" href="https://www.yamyhub.com">Yamyhub</a>.</p>
]]></description>
										<content:encoded><![CDATA[<h2>Mofos Squirt organism in office threesome FFM Xvideos</h2>
<p>Mofos pornstars Tiffany Watson &amp; Adriana Chechik Xvideos porn XXX. Hot teacher and student get threesome squirt organism in class Yamyhub. Threesome Xvideos porn video with hottest pornstars of premium network mofos. Hot best teen chicks want to get cock from her student. Squirt in class with teacher and student. School porn videos. Xvideos best video collection with mofos porn videos.</p>
<p>The post <a rel="nofollow" href="https://www.yamyhub.com/video/mofos-squirt-organism-in-office-threesome-ffm-xvideos/">Mofos Squirt organism in office threesome FFM Xvideos</a> appeared first on <a rel="nofollow" href="https://www.yamyhub.com">Yamyhub</a>.</p>
]]></content:encoded>
					
		
		
			</item>
		<item>
		<title>Jules Jordan Black cock Fuck Adriana chechik ass BBC</title>
		<link>https://www.yamyhub.com/video/jules-jordan-black-cock-fuck-adriana-chechik-ass-bbc/</link>
		
		<dc:creator><![CDATA[yamyhub]]></dc:creator>
		<pubDate>Mon, 19 Jul 2021 18:23:16 +0000</pubDate>
				<guid isPermaLink="false">https://www.yamyhub.com/?post_type=video&#038;p=3767</guid>

					<description><![CDATA[<p>Jules Jordan Black cock Fuck Adriana chechik ass BBC Jules Jordan &#38; Adriana chechik anal porn video. Big black cock fuck Adriana chechik ass interracial Squirt porn video. Anal fuck BBC yamyhub Jules Jordan latest porn video. Jules Jordan anal porn video. BBC porn. BBC fuck Adriana chechik ass squirt porn. Adriana chechik fucked by [&#8230;]</p>
<p>The post <a rel="nofollow" href="https://www.yamyhub.com/video/jules-jordan-black-cock-fuck-adriana-chechik-ass-bbc/">Jules Jordan Black cock Fuck Adriana chechik ass BBC</a> appeared first on <a rel="nofollow" href="https://www.yamyhub.com">Yamyhub</a>.</p>
]]></description>
										<content:encoded><![CDATA[<h2>Jules Jordan Black cock Fuck Adriana chechik ass BBC</h2>
<p>Jules Jordan &amp; Adriana chechik anal porn video. Big black cock fuck Adriana chechik ass interracial Squirt porn video. Anal fuck BBC yamyhub Jules Jordan latest porn video. Jules Jordan anal porn video. BBC porn. BBC fuck Adriana chechik ass squirt porn. Adriana chechik fucked by big black cock. XNXX porn videos Youporn video.</p>
<p>The post <a rel="nofollow" href="https://www.yamyhub.com/video/jules-jordan-black-cock-fuck-adriana-chechik-ass-bbc/">Jules Jordan Black cock Fuck Adriana chechik ass BBC</a> appeared first on <a rel="nofollow" href="https://www.yamyhub.com">Yamyhub</a>.</p>
]]></content:encoded>
					
		
		
			</item>
		<item>
		<title>Deepthroat porn stars Sasha Grey Adriana chechik blowjob</title>
		<link>https://www.yamyhub.com/video/deepthroat-porn-stars-sasha-grey-adriana-chechik-blowjob/</link>
		
		<dc:creator><![CDATA[yamyhub]]></dc:creator>
		<pubDate>Mon, 19 Jul 2021 17:48:17 +0000</pubDate>
				<guid isPermaLink="false">https://www.yamyhub.com/?post_type=video&#038;p=3764</guid>

					<description><![CDATA[<p>Deepthroat porn stars Sasha Grey Adriana chechik blowjob Porn stars Adriana chechik &#38; Sasha Grey deep throat porn video. Busty teen porn stars Sasha Grey &#38; Adriana chechik blowjob porn yamyhub. Porn star Adriana chechik Blowjob porn video. Porn star Adriana chechik. Deep throat porn video. Porn star Sasha Grey Blowjob porn. Sasha Grey deep [&#8230;]</p>
<p>The post <a rel="nofollow" href="https://www.yamyhub.com/video/deepthroat-porn-stars-sasha-grey-adriana-chechik-blowjob/">Deepthroat porn stars Sasha Grey Adriana chechik blowjob</a> appeared first on <a rel="nofollow" href="https://www.yamyhub.com">Yamyhub</a>.</p>
]]></description>
										<content:encoded><![CDATA[<h2>Deepthroat porn stars Sasha Grey Adriana chechik blowjob</h2>
<p>Porn stars Adriana chechik &amp; Sasha Grey deep throat porn video. Busty teen porn stars Sasha Grey &amp; Adriana chechik blowjob porn yamyhub. Porn star Adriana chechik Blowjob porn video. Porn star Adriana chechik. Deep throat porn video. Porn star Sasha Grey Blowjob porn. Sasha Grey deep throat porn. Spankbang porn video Pornhub video.</p>
<p>The post <a rel="nofollow" href="https://www.yamyhub.com/video/deepthroat-porn-stars-sasha-grey-adriana-chechik-blowjob/">Deepthroat porn stars Sasha Grey Adriana chechik blowjob</a> appeared first on <a rel="nofollow" href="https://www.yamyhub.com">Yamyhub</a>.</p>
]]></content:encoded>
					
		
		
			</item>
		<item>
		<title>Deep throat Adriana chechik best competition best blowjob</title>
		<link>https://www.yamyhub.com/video/deep-throat-adriana-chechik-best-competition-best-blowjob/</link>
		
		<dc:creator><![CDATA[yamyhub]]></dc:creator>
		<pubDate>Mon, 19 Jul 2021 06:07:58 +0000</pubDate>
				<guid isPermaLink="false">https://www.yamyhub.com/?post_type=video&#038;p=3760</guid>

					<description><![CDATA[<p>Deep throat Adriana chechik best competition best blowjob Adriana chechik Deepthroat blowjob competition porn video. Deep throat porn star Adriana chechik best competition for blowjob porn Yamyhub. Adriana chechik deep throat porn video. Adriana chechik latest blowjob porn video. Blowjob competition porn video. Porn star Adriana chechik. TXXX porn video daftsex porn video .</p>
<p>The post <a rel="nofollow" href="https://www.yamyhub.com/video/deep-throat-adriana-chechik-best-competition-best-blowjob/">Deep throat Adriana chechik best competition best blowjob</a> appeared first on <a rel="nofollow" href="https://www.yamyhub.com">Yamyhub</a>.</p>
]]></description>
										<content:encoded><![CDATA[<h2>Deep throat Adriana chechik best competition best blowjob</h2>
<p>Adriana chechik Deepthroat blowjob competition porn video. Deep throat porn star Adriana chechik best competition for blowjob porn Yamyhub. Adriana chechik deep throat porn video. Adriana chechik latest blowjob porn video. Blowjob competition porn video. Porn star Adriana chechik. TXXX porn video daftsex porn video .</p>
<p>The post <a rel="nofollow" href="https://www.yamyhub.com/video/deep-throat-adriana-chechik-best-competition-best-blowjob/">Deep throat Adriana chechik best competition best blowjob</a> appeared first on <a rel="nofollow" href="https://www.yamyhub.com">Yamyhub</a>.</p>
]]></content:encoded>
					
		
		
			</item>
		<item>
		<title>Porn star Adriana chechik Anal sex with dildo squirt</title>
		<link>https://www.yamyhub.com/video/porn-star-adriana-chechik-anal-sex-with-dildo-squirt/</link>
		
		<dc:creator><![CDATA[yamyhub]]></dc:creator>
		<pubDate>Mon, 19 Jul 2021 06:02:02 +0000</pubDate>
				<guid isPermaLink="false">https://www.yamyhub.com/?post_type=video&#038;p=3758</guid>

					<description><![CDATA[<p>Porn star Adriana chechik Anal sex with dildo squirt Legal porno Adriana chechik Anal sex dildo squirt porn video. Ass porn star Adriana chechik anal sex with dildo squirt sex toys porn yamyhub. Legal porno hardcore porn legal porno anal porn video. Legal porno Adriana chechik anal with sex toys dildo porn video. Dildo porn [&#8230;]</p>
<p>The post <a rel="nofollow" href="https://www.yamyhub.com/video/porn-star-adriana-chechik-anal-sex-with-dildo-squirt/">Porn star Adriana chechik Anal sex with dildo squirt</a> appeared first on <a rel="nofollow" href="https://www.yamyhub.com">Yamyhub</a>.</p>
]]></description>
										<content:encoded><![CDATA[<h2>Porn star Adriana chechik Anal sex with dildo squirt</h2>
<p>Legal porno Adriana chechik Anal sex dildo squirt porn video. Ass porn star Adriana chechik anal sex with dildo squirt sex toys porn yamyhub. Legal porno hardcore porn legal porno anal porn video. Legal porno Adriana chechik anal with sex toys dildo porn video. Dildo porn anal. XNXX porn video Youporn video.</p>
<p>The post <a rel="nofollow" href="https://www.yamyhub.com/video/porn-star-adriana-chechik-anal-sex-with-dildo-squirt/">Porn star Adriana chechik Anal sex with dildo squirt</a> appeared first on <a rel="nofollow" href="https://www.yamyhub.com">Yamyhub</a>.</p>
]]></content:encoded>
					
		
		
			</item>
		<item>
		<title>Adriana chechik anal Squirt compilation porn videos</title>
		<link>https://www.yamyhub.com/video/adriana-chechik-anal-squirt-compilation-porn-videos/</link>
		
		<dc:creator><![CDATA[yamyhub]]></dc:creator>
		<pubDate>Mon, 19 Jul 2021 03:08:28 +0000</pubDate>
				<guid isPermaLink="false">https://www.yamyhub.com/?post_type=video&#038;p=3751</guid>

					<description><![CDATA[<p>Adriana chechik anal Squirt compilation porn videos Adriana chechik anal squirt compilation pussy lick Porn video. Big ass porn star Adriana chechik anal Squirt compilation pussy lick yamyhub. Adriana chechik latest porn video. Adriana chechik anal squirt compilation on pussy lick. Pussy lick squirt squirt porn. Spankbang porn video daftsex porn.</p>
<p>The post <a rel="nofollow" href="https://www.yamyhub.com/video/adriana-chechik-anal-squirt-compilation-porn-videos/">Adriana chechik anal Squirt compilation porn videos</a> appeared first on <a rel="nofollow" href="https://www.yamyhub.com">Yamyhub</a>.</p>
]]></description>
										<content:encoded><![CDATA[<h2>Adriana chechik anal Squirt compilation porn videos</h2>
<p>Adriana chechik anal squirt compilation pussy lick Porn video. Big ass porn star Adriana chechik anal Squirt compilation pussy lick yamyhub. Adriana chechik latest porn video. Adriana chechik anal squirt compilation on pussy lick. Pussy lick squirt squirt porn. Spankbang porn video daftsex porn.</p>
<p>The post <a rel="nofollow" href="https://www.yamyhub.com/video/adriana-chechik-anal-squirt-compilation-porn-videos/">Adriana chechik anal Squirt compilation porn videos</a> appeared first on <a rel="nofollow" href="https://www.yamyhub.com">Yamyhub</a>.</p>
]]></content:encoded>
					
		
		
			</item>
		<item>
		<title>Oiled girl Adriana chechik squirt on pussy fuck LUBED Porn</title>
		<link>https://www.yamyhub.com/video/oiled-girl-adriana-chechik-squirt-on-pussy-fuck-lubed/</link>
		
		<dc:creator><![CDATA[yamyhub]]></dc:creator>
		<pubDate>Mon, 19 Jul 2021 02:59:39 +0000</pubDate>
				<guid isPermaLink="false">https://www.yamyhub.com/?post_type=video&#038;p=3749</guid>

					<description><![CDATA[<p>Oiled girl Adriana chechik squirt on pussy fuck LUBED Porn LUBED Adriana chechik squirting porn video. Oiled Big ass girl Adriana chechik squirt on pussy fuck From big cock. Blowjob porn video yamyhub. Adriana chechik latest squirt porn video. Oiled girl porn video. Big cock fuck oiled girl Adriana chechik Squirt in oil. Oiled teen [&#8230;]</p>
<p>The post <a rel="nofollow" href="https://www.yamyhub.com/video/oiled-girl-adriana-chechik-squirt-on-pussy-fuck-lubed/">Oiled girl Adriana chechik squirt on pussy fuck LUBED Porn</a> appeared first on <a rel="nofollow" href="https://www.yamyhub.com">Yamyhub</a>.</p>
]]></description>
										<content:encoded><![CDATA[<h2>Oiled girl Adriana chechik squirt on pussy fuck LUBED Porn</h2>
<p>LUBED Adriana chechik squirting porn video. Oiled Big ass girl Adriana chechik squirt on pussy fuck From big cock. Blowjob porn video yamyhub. Adriana chechik latest squirt porn video. Oiled girl porn video. Big cock fuck oiled girl Adriana chechik Squirt in oil. Oiled teen fuck hard sex. Daft sex squirt porn eporner latest video.</p>
<p>The post <a rel="nofollow" href="https://www.yamyhub.com/video/oiled-girl-adriana-chechik-squirt-on-pussy-fuck-lubed/">Oiled girl Adriana chechik squirt on pussy fuck LUBED Porn</a> appeared first on <a rel="nofollow" href="https://www.yamyhub.com">Yamyhub</a>.</p>
]]></content:encoded>
					
		
		
			</item>
		<item>
		<title>Porn star Adriana chechik latest Porn video compilation</title>
		<link>https://www.yamyhub.com/video/porn-star-adriana-chechik-latest-porn-video-compilation/</link>
		
		<dc:creator><![CDATA[yamyhub]]></dc:creator>
		<pubDate>Mon, 19 Jul 2021 02:44:10 +0000</pubDate>
				<guid isPermaLink="false">https://www.yamyhub.com/?post_type=video&#038;p=3747</guid>

					<description><![CDATA[<p>Porn star Adriana chechik latest Porn video compilation Adriana chechik anal pussy fuck compilation porn video. Big ass huge tits porn star Adriana chechik porn video. compilation anal ass yamyhub Adriana chechik porn video. latest anal compilation anal ass fuck compilation porn video. TXXX anal pussy fuck compilation TXXX porn video. Youporn video latest Adriana [&#8230;]</p>
<p>The post <a rel="nofollow" href="https://www.yamyhub.com/video/porn-star-adriana-chechik-latest-porn-video-compilation/">Porn star Adriana chechik latest Porn video compilation</a> appeared first on <a rel="nofollow" href="https://www.yamyhub.com">Yamyhub</a>.</p>
]]></description>
										<content:encoded><![CDATA[<h2>Porn star Adriana chechik latest Porn video compilation</h2>
<p>Adriana chechik anal pussy fuck compilation porn video. Big ass huge tits porn star Adriana chechik porn video. compilation anal ass yamyhub Adriana chechik porn video. latest anal compilation anal ass fuck compilation porn video. TXXX anal pussy fuck compilation TXXX porn video. Youporn video latest Adriana chechik compilation video.</p>
<p>The post <a rel="nofollow" href="https://www.yamyhub.com/video/porn-star-adriana-chechik-latest-porn-video-compilation/">Porn star Adriana chechik latest Porn video compilation</a> appeared first on <a rel="nofollow" href="https://www.yamyhub.com">Yamyhub</a>.</p>
]]></content:encoded>
					
		
		
			</item>
		<item>
		<title>Busty teen Adriana chechik Fuck bang digital playground</title>
		<link>https://www.yamyhub.com/video/busty-teen-adriana-chechik-fuck-bang-digital-playground/</link>
		
		<dc:creator><![CDATA[yamyhub]]></dc:creator>
		<pubDate>Mon, 19 Jul 2021 01:57:26 +0000</pubDate>
				<guid isPermaLink="false">https://www.yamyhub.com/?post_type=video&#038;p=3745</guid>

					<description><![CDATA[<p>Busty teen Adriana chechik Fuck bang digital playground Digital playground Adriana chechik Group sex porn video. Busty teen Adriana chechik Fuck Bang from group digital playground group sex yamyhub. pornstar Adriana chechik porn video. Adriana chechik fuck gangbang from group. Group sex porn video group fuck Adriana chechik digital playground porn video. Xnxx porn video [&#8230;]</p>
<p>The post <a rel="nofollow" href="https://www.yamyhub.com/video/busty-teen-adriana-chechik-fuck-bang-digital-playground/">Busty teen Adriana chechik Fuck bang digital playground</a> appeared first on <a rel="nofollow" href="https://www.yamyhub.com">Yamyhub</a>.</p>
]]></description>
										<content:encoded><![CDATA[<h2>Busty teen Adriana chechik Fuck bang digital playground</h2>
<p>Digital playground Adriana chechik Group sex porn video. Busty teen Adriana chechik Fuck Bang from group digital playground group sex yamyhub. pornstar Adriana chechik porn video. Adriana chechik fuck gangbang from group. Group sex porn video group fuck Adriana chechik digital playground porn video. Xnxx porn video spankbang porn.</p>
<p>The post <a rel="nofollow" href="https://www.yamyhub.com/video/busty-teen-adriana-chechik-fuck-bang-digital-playground/">Busty teen Adriana chechik Fuck bang digital playground</a> appeared first on <a rel="nofollow" href="https://www.yamyhub.com">Yamyhub</a>.</p>
]]></content:encoded>
					
		
		
			</item>
		<item>
		<title>Porn stars shaking boobs dani daniels Karlee Grey Adriana Chechik</title>
		<link>https://www.yamyhub.com/video/porn-stars-shaking-boobs-dani-daniels-karlee-grey-adriana-chechik/</link>
		
		<dc:creator><![CDATA[yamyhub]]></dc:creator>
		<pubDate>Sat, 17 Jul 2021 02:35:13 +0000</pubDate>
				<guid isPermaLink="false">https://www.yamyhub.com/?post_type=video&#038;p=3717</guid>

					<description><![CDATA[<p>Porn stars shaking boobs dani daniels Karlee Grey Adriana Chechik Porn stars shaking boobs porn video. Big boobs shake by Dani Daniels Karlee grey Adriana Chechik Peta Jensen Aidra Fox Porn star yamyhub. Dani Daniels porn video Karlee grey porn video. Adriana Chechik porn video Aidra Fox porn video. Peta Jensen porn video boobs shake [&#8230;]</p>
<p>The post <a rel="nofollow" href="https://www.yamyhub.com/video/porn-stars-shaking-boobs-dani-daniels-karlee-grey-adriana-chechik/">Porn stars shaking boobs dani daniels Karlee Grey Adriana Chechik</a> appeared first on <a rel="nofollow" href="https://www.yamyhub.com">Yamyhub</a>.</p>
]]></description>
										<content:encoded><![CDATA[<h2>Porn stars shaking boobs dani daniels Karlee Grey Adriana Chechik</h2>
<p>Porn stars shaking boobs porn video. Big boobs shake by Dani Daniels Karlee grey Adriana Chechik Peta Jensen Aidra Fox Porn star yamyhub. Dani Daniels porn video Karlee grey porn video. Adriana Chechik porn video Aidra Fox porn video. Peta Jensen porn video boobs shake yamyhub. spankbang video youporn video.</p>
<p>The post <a rel="nofollow" href="https://www.yamyhub.com/video/porn-stars-shaking-boobs-dani-daniels-karlee-grey-adriana-chechik/">Porn stars shaking boobs dani daniels Karlee Grey Adriana Chechik</a> appeared first on <a rel="nofollow" href="https://www.yamyhub.com">Yamyhub</a>.</p>
]]></content:encoded>
					
		
		
			</item>
	</channel>
</rss>
