<?xml version="1.0" encoding="UTF-8"?><rss version="2.0"
	xmlns:content="http://purl.org/rss/1.0/modules/content/"
	xmlns:wfw="http://wellformedweb.org/CommentAPI/"
	xmlns:dc="http://purl.org/dc/elements/1.1/"
	xmlns:atom="http://www.w3.org/2005/Atom"
	xmlns:sy="http://purl.org/rss/1.0/modules/syndication/"
	xmlns:slash="http://purl.org/rss/1.0/modules/slash/"
	>

<channel>
	<title>Luna star &#8211; Yamyhub</title>
	<atom:link href="https://www.yamyhub.com/categories/luna-star/feed/" rel="self" type="application/rss+xml" />
	<link>https://www.yamyhub.com</link>
	<description>Watch latest free HD Full length Porn video. Big ass, Big cock, MILF, Lesbian, Step sister and Step mother Porn videos. Yamyhub porn videos.</description>
	<lastBuildDate>Sun, 27 Jun 2021 09:52:12 +0000</lastBuildDate>
	<language>en-US</language>
	<sy:updatePeriod>
	hourly	</sy:updatePeriod>
	<sy:updateFrequency>
	1	</sy:updateFrequency>
	<generator>https://wordpress.org/?v=5.7.2</generator>

<image>
	<url>https://www.yamyhub.com/wp-content/uploads/2021/06/favicon.png</url>
	<title>Luna star &#8211; Yamyhub</title>
	<link>https://www.yamyhub.com</link>
	<width>32</width>
	<height>32</height>
</image> 
	<item>
		<title>Sexy Nurses Fucked Johnny sins Dani Daniels BRAZZERS</title>
		<link>https://www.yamyhub.com/video/sexy-nurses-fucked-johnny-sins-dani-daniels-brazzers/</link>
		
		<dc:creator><![CDATA[yamyhub]]></dc:creator>
		<pubDate>Thu, 20 May 2021 16:23:46 +0000</pubDate>
				<guid isPermaLink="false">http://localhost/github/?post_type=video&#038;p=2971</guid>

					<description><![CDATA[<p>Sexy Nurses Fucked – Johnny sins – Luna star – Dani Daniels – BRAZZERS Sexy Nurses Fucked – Johnny sins – Luna star – Dani Daniels – BRAZZERS, Big Tits porn Pornstar Threesome HD Porn, Brazzers, Natural Tits, Latina, Big Boobs porn, Kissing Threesome, Nurse Oil Uniform, Doggystyle porn Big Dick</p>
<p>The post <a rel="nofollow" href="https://www.yamyhub.com/video/sexy-nurses-fucked-johnny-sins-dani-daniels-brazzers/">Sexy Nurses Fucked Johnny sins Dani Daniels BRAZZERS</a> appeared first on <a rel="nofollow" href="https://www.yamyhub.com">Yamyhub</a>.</p>
]]></description>
										<content:encoded><![CDATA[<h3>Sexy Nurses Fucked – Johnny sins – Luna star – Dani Daniels – BRAZZERS</h3>
<p>Sexy Nurses Fucked – Johnny sins – Luna star – Dani Daniels – BRAZZERS,</p>
<p>Big Tits porn Pornstar Threesome HD Porn, Brazzers, Natural Tits,</p>
<p>Latina, Big Boobs porn, Kissing Threesome, Nurse Oil Uniform, Doggystyle porn Big Dick</p>
<p>The post <a rel="nofollow" href="https://www.yamyhub.com/video/sexy-nurses-fucked-johnny-sins-dani-daniels-brazzers/">Sexy Nurses Fucked Johnny sins Dani Daniels BRAZZERS</a> appeared first on <a rel="nofollow" href="https://www.yamyhub.com">Yamyhub</a>.</p>
]]></content:encoded>
					
		
		
			</item>
	</channel>
</rss>
