<?xml version="1.0" encoding="UTF-8"?><rss version="2.0"
	xmlns:content="http://purl.org/rss/1.0/modules/content/"
	xmlns:wfw="http://wellformedweb.org/CommentAPI/"
	xmlns:dc="http://purl.org/dc/elements/1.1/"
	xmlns:atom="http://www.w3.org/2005/Atom"
	xmlns:sy="http://purl.org/rss/1.0/modules/syndication/"
	xmlns:slash="http://purl.org/rss/1.0/modules/slash/"
	>

<channel>
	<title>Kendra Spade &#8211; Yamyhub</title>
	<atom:link href="https://www.yamyhub.com/categories/kendra-spade/feed/" rel="self" type="application/rss+xml" />
	<link>https://www.yamyhub.com</link>
	<description>Watch latest free HD Full length Porn video. Big ass, Big cock, MILF, Lesbian, Step sister and Step mother Porn videos. Yamyhub porn videos.</description>
	<lastBuildDate>Sun, 27 Jun 2021 04:03:28 +0000</lastBuildDate>
	<language>en-US</language>
	<sy:updatePeriod>
	hourly	</sy:updatePeriod>
	<sy:updateFrequency>
	1	</sy:updateFrequency>
	<generator>https://wordpress.org/?v=5.7.2</generator>

<image>
	<url>https://www.yamyhub.com/wp-content/uploads/2021/06/favicon.png</url>
	<title>Kendra Spade &#8211; Yamyhub</title>
	<link>https://www.yamyhub.com</link>
	<width>32</width>
	<height>32</height>
</image> 
	<item>
		<title>Kendra Spade Cheats with other Women Abigail Mac Brazzers</title>
		<link>https://www.yamyhub.com/video/kendra-spade-cheats-with-other-women-abigail-mac-brazzers/</link>
		
		<dc:creator><![CDATA[yamyhub]]></dc:creator>
		<pubDate>Fri, 11 Jun 2021 03:48:34 +0000</pubDate>
				<guid isPermaLink="false">https://www.yamyhub.com/?post_type=video&#038;p=3293</guid>

					<description><![CDATA[<p>Kendra Spade Cheats with other Women Abigail Mac Brazzers Big Ass Lesbian Brunette HD Porn Big Tits  Pornstar Brazzers Porhub Lesbian Cheater Pornohub Mgvideos Fantasy Cuck Booty Big Tits Curves Sissor Big Ass Thicc Sissoring Pussy Eating Kendra Spade and abigail mac fuck each other. pornhub video. brazzers porn videos.</p>
<p>The post <a rel="nofollow" href="https://www.yamyhub.com/video/kendra-spade-cheats-with-other-women-abigail-mac-brazzers/">Kendra Spade Cheats with other Women Abigail Mac Brazzers</a> appeared first on <a rel="nofollow" href="https://www.yamyhub.com">Yamyhub</a>.</p>
]]></description>
										<content:encoded><![CDATA[<h1>Kendra Spade Cheats with other Women Abigail Mac Brazzers</h1>
<p>Big Ass Lesbian Brunette HD Porn Big Tits  Pornstar</p>
<p>Brazzers Porhub Lesbian Cheater Pornohub Mgvideos Fantasy Cuck Booty Big Tits Curves Sissor Big Ass Thicc Sissoring Pussy Eating</p>
<p>Kendra Spade and abigail mac fuck each other. pornhub video. brazzers porn videos.</p>
<p>The post <a rel="nofollow" href="https://www.yamyhub.com/video/kendra-spade-cheats-with-other-women-abigail-mac-brazzers/">Kendra Spade Cheats with other Women Abigail Mac Brazzers</a> appeared first on <a rel="nofollow" href="https://www.yamyhub.com">Yamyhub</a>.</p>
]]></content:encoded>
					
		
		
			</item>
	</channel>
</rss>
