<?xml version="1.0" encoding="UTF-8"?><rss version="2.0"
	xmlns:content="http://purl.org/rss/1.0/modules/content/"
	xmlns:wfw="http://wellformedweb.org/CommentAPI/"
	xmlns:dc="http://purl.org/dc/elements/1.1/"
	xmlns:atom="http://www.w3.org/2005/Atom"
	xmlns:sy="http://purl.org/rss/1.0/modules/syndication/"
	xmlns:slash="http://purl.org/rss/1.0/modules/slash/"
	>

<channel>
	<title>Evil Angel &#8211; Yamyhub</title>
	<atom:link href="https://adult.yamyhub.com/categories/evil-angel/feed/" rel="self" type="application/rss+xml" />
	<link>https://adult.yamyhub.com</link>
	<description>Watch latest free HD Full length Porn video. Big ass, Big cock, MILF, Lesbian, Step sister and Step mother Porn videos. Yamyhub porn videos.</description>
	<lastBuildDate>Wed, 16 Jun 2021 04:23:28 +0000</lastBuildDate>
	<language>en-US</language>
	<sy:updatePeriod>
	hourly	</sy:updatePeriod>
	<sy:updateFrequency>
	1	</sy:updateFrequency>
	<generator>https://wordpress.org/?v=5.7.2</generator>

<image>
	<url>https://adult.yamyhub.com/wp-content/uploads/2021/06/favicon.png</url>
	<title>Evil Angel &#8211; Yamyhub</title>
	<link>https://adult.yamyhub.com</link>
	<width>32</width>
	<height>32</height>
</image> 
	<item>
		<title>Angela White Ass Fucked Dick Toys anal porn &#8211; Evil Angel</title>
		<link>https://adult.yamyhub.com/video/angela-white-ass-fucked-dick-toys-anal-porn-evilangel/</link>
		
		<dc:creator><![CDATA[yamyhub]]></dc:creator>
		<pubDate>Fri, 14 May 2021 11:34:31 +0000</pubDate>
				<guid isPermaLink="false">http://localhost/github/?post_type=video&#038;p=2847</guid>

					<description><![CDATA[<p>Angela White Pussy and Ass Fucked with Dick &#38; Toys anal porn &#8211; Evil Angel, Anal porn, Big Dick porn, Big Tits porn, Female porn, Orgasm, HD Porn, MILF, Pornstar, Rough Sex, Squirt Watch ass fuck nude Angela White fuck hard anal sex in full-length threesome, lesbian and POV Pornstar porn videos on pornhub</p>
<p>The post <a rel="nofollow" href="https://adult.yamyhub.com/video/angela-white-ass-fucked-dick-toys-anal-porn-evilangel/">Angela White Ass Fucked Dick Toys anal porn &#8211; Evil Angel</a> appeared first on <a rel="nofollow" href="https://adult.yamyhub.com">Yamyhub</a>.</p>
]]></description>
										<content:encoded><![CDATA[<p>Angela White Pussy and Ass Fucked with Dick &amp; Toys anal porn &#8211; Evil Angel,</p>
<p>Anal porn, Big Dick porn, Big Tits porn, Female porn,</p>
<p>Orgasm, HD Porn, MILF, Pornstar, Rough Sex, Squirt</p>
<p>Watch ass fuck nude <em>Angela White</em> fuck hard <em>anal</em> sex in full-length</p>
<p>threesome, lesbian and POV Pornstar porn videos on pornhub</p>
<p>The post <a rel="nofollow" href="https://adult.yamyhub.com/video/angela-white-ass-fucked-dick-toys-anal-porn-evilangel/">Angela White Ass Fucked Dick Toys anal porn &#8211; Evil Angel</a> appeared first on <a rel="nofollow" href="https://adult.yamyhub.com">Yamyhub</a>.</p>
]]></content:encoded>
					
		
		
			</item>
	</channel>
</rss>
