<?xml version="1.0" encoding="UTF-8"?><rss version="2.0"
	xmlns:content="http://purl.org/rss/1.0/modules/content/"
	xmlns:wfw="http://wellformedweb.org/CommentAPI/"
	xmlns:dc="http://purl.org/dc/elements/1.1/"
	xmlns:atom="http://www.w3.org/2005/Atom"
	xmlns:sy="http://purl.org/rss/1.0/modules/syndication/"
	xmlns:slash="http://purl.org/rss/1.0/modules/slash/"
	>

<channel>
	<title>Ellie Brilsen &#8211; Yamyhub</title>
	<atom:link href="https://www.yamyhub.com/categories/ellie-brilsen/feed/" rel="self" type="application/rss+xml" />
	<link>https://www.yamyhub.com</link>
	<description>Watch latest free HD Full length Porn video. Big ass, Big cock, MILF, Lesbian, Step sister and Step mother Porn videos. Yamyhub porn videos.</description>
	<lastBuildDate>Tue, 10 Aug 2021 10:38:20 +0000</lastBuildDate>
	<language>en-US</language>
	<sy:updatePeriod>
	hourly	</sy:updatePeriod>
	<sy:updateFrequency>
	1	</sy:updateFrequency>
	<generator>https://wordpress.org/?v=5.8</generator>

<image>
	<url>https://www.yamyhub.com/wp-content/uploads/2021/07/cropped-favicon-32x32.png</url>
	<title>Ellie Brilsen &#8211; Yamyhub</title>
	<link>https://www.yamyhub.com</link>
	<width>32</width>
	<height>32</height>
</image> 
	<item>
		<title>Legal porno Russian Ellie Brilsen fuck anal double penetration</title>
		<link>https://www.yamyhub.com/video/legal-porno-russian-ellie-brilsen-fuck-anal-double-penetration/</link>
		
		<dc:creator><![CDATA[yamyhub]]></dc:creator>
		<pubDate>Wed, 04 Aug 2021 10:46:14 +0000</pubDate>
				<guid isPermaLink="false">https://www.yamyhub.com/?post_type=video&#038;p=4146</guid>

					<description><![CDATA[<p>Legal porno Russian Ellie Brilsen fuck anal double penetration Legal porno Russian Porn star Ellie Brilsen Porn video. Young women Want to take two cocks in ass hole and pussy. Double penetration anal. hot young teen want two cock at same time. Ellie Brilsen  fucked hardcore from big in her ass hole and pussy. Pussy [&#8230;]</p>
<p>The post <a rel="nofollow" href="https://www.yamyhub.com/video/legal-porno-russian-ellie-brilsen-fuck-anal-double-penetration/">Legal porno Russian Ellie Brilsen fuck anal double penetration</a> appeared first on <a rel="nofollow" href="https://www.yamyhub.com">Yamyhub</a>.</p>
]]></description>
										<content:encoded><![CDATA[<h2>Legal porno Russian Ellie Brilsen fuck anal double penetration</h2>
<p>Legal porno Russian Porn star Ellie Brilsen Porn video. Young women Want to take two cocks in ass hole and pussy. Double penetration anal. hot young teen want two cock at same time. Ellie Brilsen  fucked hardcore from big in her ass hole and pussy. Pussy and ass fucked from big dick. Ellie Brilsen want double penetration anal porn xxx. XNXX porn youporn.</p>
<p>The post <a rel="nofollow" href="https://www.yamyhub.com/video/legal-porno-russian-ellie-brilsen-fuck-anal-double-penetration/">Legal porno Russian Ellie Brilsen fuck anal double penetration</a> appeared first on <a rel="nofollow" href="https://www.yamyhub.com">Yamyhub</a>.</p>
]]></content:encoded>
					
		
		
			</item>
	</channel>
</rss>
