45ca
<?xml version="1.0" encoding="UTF-8"?><rss version="2.0"
	xmlns:content="http://purl.org/rss/1.0/modules/content/"
	xmlns:wfw="http://wellformedweb.org/CommentAPI/"
	xmlns:dc="http://purl.org/dc/elements/1.1/"
	xmlns:atom="http://www.w3.org/2005/Atom"
	xmlns:sy="http://purl.org/rss/1.0/modules/syndication/"
	xmlns:slash="http://purl.org/rss/1.0/modules/slash/"
	>

<channel>
	<title>Natasha nice &#8211; Yamyhub</title>
	<atom:link href="https://www.yamyhub.com/categories/natasha-nice/feed/" rel="self" type="application/rss+xml" />
	<link>https://www.yamyhub.com</link>
	<description>Watch latest free HD Full length Porn video. Big ass, Big cock, MILF, Lesbian, Step sister and Step mother Porn videos. Yamyhub porn videos.</description>
	<lastBuildDate>Sun, 04 Jul 2021 12:38:49 +0000</lastBuildDate>
	<language>en-US</language>
	<sy:updatePeriod>
	hourly	</sy:updatePeriod>
	<sy:updateFrequency>
	1	</sy:updateFrequency>
	<generator>https://wordpress.org/?v=5.7.2</generator>

<image>
	<url>https://www.yamyhub.com/wp-content/uploads/2021/06/favicon.png</url>
	<title>Natasha nice &#8211; Yamyhub</title>
	<link>https://www.yamyhub.com</link>
	<width>32</width>
	<height>32</height>
</image> 
	<item>
		<title>Two Black cock Pound Natasha nice In ass and pussy DP</title>
		<link>https://www.yamyhub.com/video/two-black-cock-pound-natasha-nice-in-ass-and-pussy-dp/</link>
		
		<dc:creator><![CDATA[yamyhub]]></dc:creator>
		<pubDate>Sun, 04 Jul 2021 12:38:49 +0000</pubDate>
				<guid isPermaLink="false">https://www.yamyhub.com/?post_type=video&#038;p=3529</guid>

					<description><![CDATA[<p>Two Black cock Pound Natasha nice In ass and pussy DP Double penetration porn video Busty blonde big ass big tits teen Natasha nice two black cock Interracial in ass and pussy yamyhub interracial porn videos interracial double penetration porn video double penetration anal porn video anal double penetration slut blonde big ass big tits [&#8230;]</p>
<p>The post <a rel="nofollow" href="https://www.yamyhub.com/video/two-black-cock-pound-natasha-nice-in-ass-and-pussy-dp/">Two Black cock Pound Natasha nice In ass and pussy DP</a> appeared first on <a rel="nofollow" href="https://www.yamyhub.com">Yamyhub</a>.</p>
]]></description>
										<content:encoded><![CDATA[<h2>Two Black cock Pound Natasha nice In ass and pussy DP</h2>
<p>Double penetration porn video Busty blonde big ass big tits teen Natasha nice two black cock Interracial in ass and pussy yamyhub interracial porn videos interracial double penetration porn video double penetration anal porn video anal double penetration slut blonde big ass big tits black cock interracial anal</p>
<p>The post <a rel="nofollow" href="https://www.yamyhub.com/video/two-black-cock-pound-natasha-nice-in-ass-and-pussy-dp/">Two Black cock Pound Natasha nice In ass and pussy DP</a> appeared first on <a rel="nofollow" href="https://www.yamyhub.com">Yamyhub</a>.</p>
]]></content:encoded>
					
		
		
			</item>
		<item>
		<title>Busty blonde Natasha Nice Fuck from random tinder friend</title>
		<link>https://www.yamyhub.com/video/busty-blonde-natasha-nice-fuck-from-random-tinder-friend/</link>
		
		<dc:creator><![CDATA[yamyhub]]></dc:creator>
		<pubDate>Sun, 04 Jul 2021 11:16:48 +0000</pubDate>
				<guid isPermaLink="false">https://www.yamyhub.com/?post_type=video&#038;p=3524</guid>

					<description><![CDATA[<p>Busty blonde Natasha Nice Fuck from random tinder friend Mofos porn video big ass big tits Busty blonde teen Natasha nice Fuck from random tinder friend Mofos porn video yamyhub Big ass porn videos big tits porn video busty Natasha Nice Fuck tinder porn videos Natasha nice Mofos porn video.</p>
<p>The post <a rel="nofollow" href="https://www.yamyhub.com/video/busty-blonde-natasha-nice-fuck-from-random-tinder-friend/">Busty blonde Natasha Nice Fuck from random tinder friend</a> appeared first on <a rel="nofollow" href="https://www.yamyhub.com">Yamyhub</a>.</p>
]]></description>
										<content:encoded><![CDATA[<h2>Busty blonde Natasha Nice Fuck from random tinder friend</h2>
<p>Mofos porn video big ass big tits Busty blonde teen Natasha nice Fuck from random tinder friend Mofos porn video yamyhub Big ass porn videos big tits porn video busty Natasha Nice Fuck tinder porn videos Natasha nice Mofos porn video.</p>
<p>The post <a rel="nofollow" href="https://www.yamyhub.com/video/busty-blonde-natasha-nice-fuck-from-random-tinder-friend/">Busty blonde Natasha Nice Fuck from random tinder friend</a> appeared first on <a rel="nofollow" href="https://www.yamyhub.com">Yamyhub</a>.</p>
]]></content:encoded>
					
		
		
			</item>
		<item>
		<title>Natasha Nice suck huge dick like vacuum cleaner POV</title>
		<link>https://www.yamyhub.com/video/natasha-nice-suck-huge-dick-like-vacuum-cleaner-pov/</link>
		
		<dc:creator><![CDATA[yamyhub]]></dc:creator>
		<pubDate>Sun, 04 Jul 2021 10:46:02 +0000</pubDate>
				<guid isPermaLink="false">https://www.yamyhub.com/?post_type=video&#038;p=3525</guid>

					<description><![CDATA[<p>Natasha Nice suck huge dick like vacuum cleaner POV First class POV porn video Big ass big boobs teen Natasha nice suck huge cock like a vacuum cleaner POV porn video yamyhub POV porn video first class POV porn Natasha nice POV porn POV porn videos big ass big dick big boobs porn videos</p>
<p>The post <a rel="nofollow" href="https://www.yamyhub.com/video/natasha-nice-suck-huge-dick-like-vacuum-cleaner-pov/">Natasha Nice suck huge dick like vacuum cleaner POV</a> appeared first on <a rel="nofollow" href="https://www.yamyhub.com">Yamyhub</a>.</p>
]]></description>
										<content:encoded><![CDATA[<h2>Natasha Nice suck huge dick like vacuum cleaner POV</h2>
<p>First class POV porn video Big ass big boobs teen Natasha nice suck huge cock like a vacuum cleaner POV porn video yamyhub POV porn video first class POV porn Natasha nice POV porn POV porn videos big ass big dick big boobs porn videos</p>
<p>The post <a rel="nofollow" href="https://www.yamyhub.com/video/natasha-nice-suck-huge-dick-like-vacuum-cleaner-pov/">Natasha Nice suck huge dick like vacuum cleaner POV</a> appeared first on <a rel="nofollow" href="https://www.yamyhub.com">Yamyhub</a>.</p>
]]></content:encoded>
					
		
		
			</item>
		<item>
		<title>Natasha Nice take computer repair cock in kitchen naughty America</title>
		<link>https://www.yamyhub.com/video/natasha-nice-take-computer-repair-cock-in-kitchen-naughty-america/</link>
		
		<dc:creator><![CDATA[yamyhub]]></dc:creator>
		<pubDate>Sun, 04 Jul 2021 03:05:43 +0000</pubDate>
				<guid isPermaLink="false">https://www.yamyhub.com/?post_type=video&#038;p=3522</guid>

					<description><![CDATA[<p>Natasha Nice take computer repair cock in kitchen naughty America Naughty America porn video Natasha nice take computer repair cock in her pussy and ass Natasha nice naughty America porn videos yamyhub Natasha nice porn video Natasha nice fuck in kitchen kitchen sex porn video sex video free</p>
<p>The post <a rel="nofollow" href="https://www.yamyhub.com/video/natasha-nice-take-computer-repair-cock-in-kitchen-naughty-america/">Natasha Nice take computer repair cock in kitchen naughty America</a> appeared first on <a rel="nofollow" href="https://www.yamyhub.com">Yamyhub</a>.</p>
]]></description>
										<content:encoded><![CDATA[<h2>Natasha Nice take computer repair cock in kitchen naughty America</h2>
<p>Naughty America porn video Natasha nice take computer repair cock in her pussy and ass Natasha nice naughty America porn videos yamyhub Natasha nice porn video Natasha nice fuck in kitchen kitchen sex porn video sex video free</p>
<p>The post <a rel="nofollow" href="https://www.yamyhub.com/video/natasha-nice-take-computer-repair-cock-in-kitchen-naughty-america/">Natasha Nice take computer repair cock in kitchen naughty America</a> appeared first on <a rel="nofollow" href="https://www.yamyhub.com">Yamyhub</a>.</p>
]]></content:encoded>
					
		
		
			</item>
		<item>
		<title>Big boobs &#038; big ass teacher Natasha nice fuck naughtyamerica</title>
		<link>https://www.yamyhub.com/video/big-boobs-big-ass-teacher-natasha-nice-fuck-naughtyamerica/</link>
		
		<dc:creator><![CDATA[yamyhub]]></dc:creator>
		<pubDate>Sun, 04 Jul 2021 02:49:49 +0000</pubDate>
				<guid isPermaLink="false">https://www.yamyhub.com/?post_type=video&#038;p=3520</guid>

					<description><![CDATA[<p>Big boobs &#38; big ass teacher Natasha nice fuck naughty America Naughty America school teacher porn video Big ass big boobs school teacher Natasha nice fuck from student during class yamyhub porn school teacher porn video Natasha nice porn video Natasha nice fuck from student Natasha nice fuck in school</p>
<p>The post <a rel="nofollow" href="https://www.yamyhub.com/video/big-boobs-big-ass-teacher-natasha-nice-fuck-naughtyamerica/">Big boobs &#038; big ass teacher Natasha nice fuck naughtyamerica</a> appeared first on <a rel="nofollow" href="https://www.yamyhub.com">Yamyhub</a>.</p>
]]></description>
										<content:encoded><![CDATA[<h2>Big boobs &amp; big ass teacher Natasha nice fuck naughty America</h2>
<p>Naughty America school teacher porn video Big ass big boobs school teacher Natasha nice fuck from student during class yamyhub porn school teacher porn video Natasha nice porn video Natasha nice fuck from student Natasha nice fuck in school</p>
<p>The post <a rel="nofollow" href="https://www.yamyhub.com/video/big-boobs-big-ass-teacher-natasha-nice-fuck-naughtyamerica/">Big boobs &#038; big ass teacher Natasha nice fuck naughtyamerica</a> appeared first on <a rel="nofollow" href="https://www.yamyhub.com">Yamyhub</a>.</p>
]]></content:encoded>
					
		
		
			</item>
		<item>
		<title>big tits mom Natasha nice Fucked by son MILF Nublies porn</title>
		<link>https://www.yamyhub.com/video/big-tits-mom-natasha-nice-fucked-by-son-milf-nublies-porn/</link>
		
		<dc:creator><![CDATA[yamyhub]]></dc:creator>
		<pubDate>Sat, 03 Jul 2021 14:04:02 +0000</pubDate>
				<guid isPermaLink="false">https://www.yamyhub.com/?post_type=video&#038;p=3512</guid>

					<description><![CDATA[<p>big tits mom Natasha nice Fucked by son MILF Nublies porn Nublies porn MILF porn videos Big tits mom Natasha nice Fuck by son MILF Nublies porn video yamyhub MILF porn videos Natasha nice porn video Natasha nice mom porn video Natasha nice MILF porn video MILF big tits mom fuck mom porn videos</p>
<p>The post <a rel="nofollow" href="https://www.yamyhub.com/video/big-tits-mom-natasha-nice-fucked-by-son-milf-nublies-porn/">big tits mom Natasha nice Fucked by son MILF Nublies porn</a> appeared first on <a rel="nofollow" href="https://www.yamyhub.com">Yamyhub</a>.</p>
]]></description>
										<content:encoded><![CDATA[<h2>big tits mom Natasha nice Fucked by son MILF Nublies porn</h2>
<p>Nublies porn MILF porn videos Big tits mom Natasha nice Fuck by son MILF Nublies porn video yamyhub MILF porn videos Natasha nice porn video Natasha nice mom porn video Natasha nice MILF porn video MILF big tits mom fuck mom porn videos</p>
<p>The post <a rel="nofollow" href="https://www.yamyhub.com/video/big-tits-mom-natasha-nice-fucked-by-son-milf-nublies-porn/">big tits mom Natasha nice Fucked by son MILF Nublies porn</a> appeared first on <a rel="nofollow" href="https://www.yamyhub.com">Yamyhub</a>.</p>
]]></content:encoded>
					
		
		
			</item>
		<item>
		<title>Plumber Fuck natural boobs blonde Natasha nice Naughtyamerica</title>
		<link>https://www.yamyhub.com/video/plumber-fuck-natural-boobs-blonde-natasha-nice-naughtyamerica/</link>
		
		<dc:creator><![CDATA[yamyhub]]></dc:creator>
		<pubDate>Sat, 03 Jul 2021 13:51:29 +0000</pubDate>
				<guid isPermaLink="false">https://www.yamyhub.com/?post_type=video&#038;p=3511</guid>

					<description><![CDATA[<p>Plumber Fuck natural boobs blonde Natasha nice Naughtyamerica Natural boobs Blonde Girl Porn video Plumber boy fuck natural big boobs girl Natasha Nice Naughtyamerica porn videos yamyhub porn naughtyamerica porn video blonde girl porn video big boobs porn video Natasha nice porn video Natasha nice big boobs</p>
<p>The post <a rel="nofollow" href="https://www.yamyhub.com/video/plumber-fuck-natural-boobs-blonde-natasha-nice-naughtyamerica/">Plumber Fuck natural boobs blonde Natasha nice Naughtyamerica</a> appeared first on <a rel="nofollow" href="https://www.yamyhub.com">Yamyhub</a>.</p>
]]></description>
										<content:encoded><![CDATA[<h2>Plumber Fuck natural boobs blonde Natasha nice Naughtyamerica</h2>
<p>Natural boobs Blonde Girl Porn video Plumber boy fuck natural big boobs girl Natasha Nice Naughtyamerica porn videos yamyhub porn naughtyamerica porn video blonde girl porn video big boobs porn video Natasha nice porn video Natasha nice big boobs</p>
<p>The post <a rel="nofollow" href="https://www.yamyhub.com/video/plumber-fuck-natural-boobs-blonde-natasha-nice-naughtyamerica/">Plumber Fuck natural boobs blonde Natasha nice Naughtyamerica</a> appeared first on <a rel="nofollow" href="https://www.yamyhub.com">Yamyhub</a>.</p>
]]></content:encoded>
					
		
		
			</item>
		<item>
		<title>MILF Natasha nice Fuck Interracial black cock Bangbros</title>
		<link>https://www.yamyhub.com/video/milf-natasha-nice-fuck-interracial-black-cock-bangbros/</link>
		
		<dc:creator><![CDATA[yamyhub]]></dc:creator>
		<pubDate>Sat, 03 Jul 2021 05:35:48 +0000</pubDate>
				<guid isPermaLink="false">https://www.yamyhub.com/?post_type=video&#038;p=3509</guid>

					<description><![CDATA[<p>MILF Natasha nice Fuck Interracial black cock Bangbros bangbros Big Black cock porn video MILF Natasha nice Fuck Interracial by Big black cock bangbros porn videos yamyhub porn video BBC porn video big black cock porn big ass natasha nice porn video natasha nice fuck by black cock black cock porn videos.</p>
<p>The post <a rel="nofollow" href="https://www.yamyhub.com/video/milf-natasha-nice-fuck-interracial-black-cock-bangbros/">MILF Natasha nice Fuck Interracial black cock Bangbros</a> appeared first on <a rel="nofollow" href="https://www.yamyhub.com">Yamyhub</a>.</p>
]]></description>
										<content:encoded><![CDATA[<h2>MILF Natasha nice Fuck Interracial black cock Bangbros</h2>
<p>bangbros Big Black cock porn video MILF Natasha nice Fuck Interracial by Big black cock bangbros porn videos yamyhub porn video BBC porn video big black cock porn big ass natasha nice porn video natasha nice fuck by black cock black cock porn videos.</p>
<p>The post <a rel="nofollow" href="https://www.yamyhub.com/video/milf-natasha-nice-fuck-interracial-black-cock-bangbros/">MILF Natasha nice Fuck Interracial black cock Bangbros</a> appeared first on <a rel="nofollow" href="https://www.yamyhub.com">Yamyhub</a>.</p>
]]></content:encoded>
					
		
		
			</item>
		<item>
		<title>Natasha nice love group sex gangbang black in all hole</title>
		<link>https://www.yamyhub.com/video/natasha-nice-love-group-sex-gangbang-black-in-all-hole/</link>
		
		<dc:creator><![CDATA[yamyhub]]></dc:creator>
		<pubDate>Sat, 03 Jul 2021 05:14:01 +0000</pubDate>
				<guid isPermaLink="false">https://www.yamyhub.com/?post_type=video&#038;p=3507</guid>

					<description><![CDATA[<p>Gangbang porn video Natasha nice love group sex gangbang by black cocks in all hole anal porn ass fuck double penetration yamyhub Natasha nice gangbang double penetration p[orn video black cocks blond girl love group sex anal porn videos black cock porn video.</p>
<p>The post <a rel="nofollow" href="https://www.yamyhub.com/video/natasha-nice-love-group-sex-gangbang-black-in-all-hole/">Natasha nice love group sex gangbang black in all hole</a> appeared first on <a rel="nofollow" href="https://www.yamyhub.com">Yamyhub</a>.</p>
]]></description>
										<content:encoded><![CDATA[<p>Gangbang porn video Natasha nice love group sex gangbang by black cocks in all hole anal porn ass fuck double penetration yamyhub Natasha nice gangbang double penetration p[orn video black cocks blond girl love group sex anal porn videos black cock porn video.</p>
<p>The post <a rel="nofollow" href="https://www.yamyhub.com/video/natasha-nice-love-group-sex-gangbang-black-in-all-hole/">Natasha nice love group sex gangbang black in all hole</a> appeared first on <a rel="nofollow" href="https://www.yamyhub.com">Yamyhub</a>.</p>
]]></content:encoded>
					
		
		
			</item>
		<item>
		<title>Mypervfamily Natasha nice Fuck POV by big cock</title>
		<link>https://www.yamyhub.com/video/mypervfamily-natasha-nice-fuck-pov-by-big-cock/</link>
		
		<dc:creator><![CDATA[yamyhub]]></dc:creator>
		<pubDate>Thu, 01 Jul 2021 10:33:29 +0000</pubDate>
				<guid isPermaLink="false">https://www.yamyhub.com/?post_type=video&#038;p=3505</guid>

					<description><![CDATA[<p>Mypervfamily Natasha nice Fuck POV by big cock Mypervfamily porn video Big ass natasha nice Fuck pov by big dick mypervfamily porn video Yamyhub family perv porn video natasha nice porn video natasha nice fuck hardcore by big dick natasha nice ass</p>
<p>The post <a rel="nofollow" href="https://www.yamyhub.com/video/mypervfamily-natasha-nice-fuck-pov-by-big-cock/">Mypervfamily Natasha nice Fuck POV by big cock</a> appeared first on <a rel="nofollow" href="https://www.yamyhub.com">Yamyhub</a>.</p>
]]></description>
										<content:encoded><![CDATA[<h2>Mypervfamily Natasha nice Fuck POV by big cock</h2>
<p>Mypervfamily porn video Big ass natasha nice Fuck pov by big dick mypervfamily porn video Yamyhub family perv porn video natasha nice porn video natasha nice fuck hardcore by big dick natasha nice ass</p>
<p>The post <a rel="nofollow" href="https://www.yamyhub.com/video/mypervfamily-natasha-nice-fuck-pov-by-big-cock/">Mypervfamily Natasha nice Fuck POV by big cock</a> appeared first on <a rel="nofollow" href="https://www.yamyhub.com">Yamyhub</a>.</p>
]]></content:encoded>
					
		
		
			</item>
	</channel>
</rss>

0

