3f68
<?xml version="1.0" encoding="UTF-8"?><rss version="2.0"
	xmlns:content="http://purl.org/rss/1.0/modules/content/"
	xmlns:wfw="http://wellformedweb.org/CommentAPI/"
	xmlns:dc="http://purl.org/dc/elements/1.1/"
	xmlns:atom="http://www.w3.org/2005/Atom"
	xmlns:sy="http://purl.org/rss/1.0/modules/syndication/"
	xmlns:slash="http://purl.org/rss/1.0/modules/slash/"
	>

<channel>
	<title>Dani daniels &#8211; Yamyhub</title>
	<atom:link href="https://www.yamyhub.com/categories/dani-daniels/feed/" rel="self" type="application/rss+xml" />
	<link>https://www.yamyhub.com</link>
	<description>Watch latest free HD Full length Porn video. Big ass, Big cock, MILF, Lesbian, Step sister and Step mother Porn videos. Yamyhub porn videos.</description>
	<lastBuildDate>Sun, 18 Jul 2021 05:22:52 +0000</lastBuildDate>
	<language>en-US</language>
	<sy:updatePeriod>
	hourly	</sy:updatePeriod>
	<sy:updateFrequency>
	1	</sy:updateFrequency>
	<generator>https://wordpress.org/?v=5.7.2</generator>

<image>
	<url>https://www.yamyhub.com/wp-content/uploads/2021/06/favicon.png</url>
	<title>Dani daniels &#8211; Yamyhub</title>
	<link>https://www.yamyhub.com</link>
	<width>32</width>
	<height>32</height>
</image> 
	<item>
		<title>Porn stars shaking boobs dani daniels Karlee Grey Adriana Chechik</title>
		<link>https://www.yamyhub.com/video/porn-stars-shaking-boobs-dani-daniels-karlee-grey-adriana-chechik/</link>
		
		<dc:creator><![CDATA[yamyhub]]></dc:creator>
		<pubDate>Sat, 17 Jul 2021 02:35:13 +0000</pubDate>
				<guid isPermaLink="false">https://www.yamyhub.com/?post_type=video&#038;p=3717</guid>

					<description><![CDATA[<p>Porn stars shaking boobs dani daniels Karlee Grey Adriana Chechik Porn stars shaking boobs porn video Big boobs shake by Dani Daniels Karlee grey Adriana Chechik Peta Jensen Aidra Fox Porn star yamyhub Dani Daniels porn video Karlee grey porn video Adriana Chechik porn video Aidra Fox porn video Peta Jensen porn video boobs shake [&#8230;]</p>
<p>The post <a rel="nofollow" href="https://www.yamyhub.com/video/porn-stars-shaking-boobs-dani-daniels-karlee-grey-adriana-chechik/">Porn stars shaking boobs dani daniels Karlee Grey Adriana Chechik</a> appeared first on <a rel="nofollow" href="https://www.yamyhub.com">Yamyhub</a>.</p>
]]></description>
										<content:encoded><![CDATA[<h2>Porn stars shaking boobs dani daniels Karlee Grey Adriana Chechik</h2>
<p>Porn stars shaking boobs porn video Big boobs shake by Dani Daniels Karlee grey Adriana Chechik Peta Jensen Aidra Fox Porn star yamyhub Dani Daniels porn video Karlee grey porn video Adriana Chechik porn video Aidra Fox porn video Peta Jensen porn video boobs shake yamyhub spankbang video youporn video.</p>
<p>The post <a rel="nofollow" href="https://www.yamyhub.com/video/porn-stars-shaking-boobs-dani-daniels-karlee-grey-adriana-chechik/">Porn stars shaking boobs dani daniels Karlee Grey Adriana Chechik</a> appeared first on <a rel="nofollow" href="https://www.yamyhub.com">Yamyhub</a>.</p>
]]></content:encoded>
					
		
		
			</item>
		<item>
		<title>Skinny Dani Daniels and Chloe Foster Kissed and fucked Each Other</title>
		<link>https://www.yamyhub.com/video/skinny-dani-daniels-and-chloe-foster-kissed-and-fucked-each-other/</link>
		
		<dc:creator><![CDATA[yamyhub]]></dc:creator>
		<pubDate>Thu, 20 May 2021 16:41:53 +0000</pubDate>
				<guid isPermaLink="false">http://localhost/github/?post_type=video&#038;p=2967</guid>

					<description><![CDATA[<p>Skinny Dani Daniels and Chloe Foster Kissed and fucked Each Other Skinny Babes Dani Daniels and Chloe Foster Kissed and fucked Each Other Dani daniels porn videos, chloe foster porn videos, Lesbian porn, pussy lich, Kissed Pussy, girl on girl porn pornstar,brunette big tits, babes lesbian, pussy kissing, blonde licking shaved</p>
<p>The post <a rel="nofollow" href="https://www.yamyhub.com/video/skinny-dani-daniels-and-chloe-foster-kissed-and-fucked-each-other/">Skinny Dani Daniels and Chloe Foster Kissed and fucked Each Other</a> appeared first on <a rel="nofollow" href="https://www.yamyhub.com">Yamyhub</a>.</p>
]]></description>
										<content:encoded><![CDATA[<h3>Skinny Dani Daniels and Chloe Foster Kissed and fucked Each Other</h3>
<p>Skinny Babes Dani Daniels and Chloe Foster Kissed and fucked Each Other</p>
<p>Dani daniels porn videos, chloe foster porn videos, Lesbian porn, pussy lich, Kissed Pussy, girl on girl porn</p>
<p>pornstar,brunette big tits, babes lesbian, pussy kissing, blonde licking shaved</p>
<p>The post <a rel="nofollow" href="https://www.yamyhub.com/video/skinny-dani-daniels-and-chloe-foster-kissed-and-fucked-each-other/">Skinny Dani Daniels and Chloe Foster Kissed and fucked Each Other</a> appeared first on <a rel="nofollow" href="https://www.yamyhub.com">Yamyhub</a>.</p>
]]></content:encoded>
					
		
		
			</item>
		<item>
		<title>Slutty Nuns Fucked – Johnny sins – kissa sins – dani daniels</title>
		<link>https://www.yamyhub.com/video/slutty-nuns-fucked-johnny-sins-kissa-sins-dani-daniels/</link>
		
		<dc:creator><![CDATA[yamyhub]]></dc:creator>
		<pubDate>Thu, 20 May 2021 16:29:52 +0000</pubDate>
				<guid isPermaLink="false">http://localhost/github/?post_type=video&#038;p=2973</guid>

					<description><![CDATA[<p>Slutty Nuns Fucked – Johnny sins – kissa sins – dani daniels Slutty Nuns Fucked Hardcore by big dick, Johnny Porn videos, kissa sins Porn videos, dani daniels Porn videos, Threesome porn, HD porn, Porn hardcore, Big Dick porn Fucking Nuns Religious Priests, Brazzers Hardcore Threesome Priest Blonde Brunette And Dress Up Nun, Threesome porn, [&#8230;]</p>
<p>The post <a rel="nofollow" href="https://www.yamyhub.com/video/slutty-nuns-fucked-johnny-sins-kissa-sins-dani-daniels/">Slutty Nuns Fucked – Johnny sins – kissa sins – dani daniels</a> appeared first on <a rel="nofollow" href="https://www.yamyhub.com">Yamyhub</a>.</p>
]]></description>
										<content:encoded><![CDATA[<h3>Slutty Nuns Fucked – Johnny sins – kissa sins – dani daniels</h3>
<p>Slutty Nuns Fucked Hardcore by big dick, Johnny Porn videos, kissa sins Porn videos, dani daniels Porn videos, Threesome porn, HD porn, Porn hardcore, Big Dick porn Fucking Nuns Religious Priests, Brazzers Hardcore Threesome Priest Blonde Brunette And Dress Up Nun, Threesome porn, MILF porn</p>
<p>The post <a rel="nofollow" href="https://www.yamyhub.com/video/slutty-nuns-fucked-johnny-sins-kissa-sins-dani-daniels/">Slutty Nuns Fucked – Johnny sins – kissa sins – dani daniels</a> appeared first on <a rel="nofollow" href="https://www.yamyhub.com">Yamyhub</a>.</p>
]]></content:encoded>
					
		
		
			</item>
		<item>
		<title>Sexy Nurses Fucked Johnny sins Dani Daniels BRAZZERS</title>
		<link>https://www.yamyhub.com/video/sexy-nurses-fucked-johnny-sins-dani-daniels-brazzers/</link>
		
		<dc:creator><![CDATA[yamyhub]]></dc:creator>
		<pubDate>Thu, 20 May 2021 16:23:46 +0000</pubDate>
				<guid isPermaLink="false">http://localhost/github/?post_type=video&#038;p=2971</guid>

					<description><![CDATA[<p>Sexy Nurses Fucked – Johnny sins – Luna star – Dani Daniels – BRAZZERS Sexy Nurses Fucked – Johnny sins – Luna star – Dani Daniels – BRAZZERS, Big Tits porn Pornstar Threesome HD Porn, Brazzers, Natural Tits, Latina, Big Boobs porn, Kissing Threesome, Nurse Oil Uniform, Doggystyle porn Big Dick</p>
<p>The post <a rel="nofollow" href="https://www.yamyhub.com/video/sexy-nurses-fucked-johnny-sins-dani-daniels-brazzers/">Sexy Nurses Fucked Johnny sins Dani Daniels BRAZZERS</a> appeared first on <a rel="nofollow" href="https://www.yamyhub.com">Yamyhub</a>.</p>
]]></description>
										<content:encoded><![CDATA[<h3>Sexy Nurses Fucked – Johnny sins – Luna star – Dani Daniels – BRAZZERS</h3>
<p>Sexy Nurses Fucked – Johnny sins – Luna star – Dani Daniels – BRAZZERS,</p>
<p>Big Tits porn Pornstar Threesome HD Porn, Brazzers, Natural Tits,</p>
<p>Latina, Big Boobs porn, Kissing Threesome, Nurse Oil Uniform, Doggystyle porn Big Dick</p>
<p>The post <a rel="nofollow" href="https://www.yamyhub.com/video/sexy-nurses-fucked-johnny-sins-dani-daniels-brazzers/">Sexy Nurses Fucked Johnny sins Dani Daniels BRAZZERS</a> appeared first on <a rel="nofollow" href="https://www.yamyhub.com">Yamyhub</a>.</p>
]]></content:encoded>
					
		
		
			</item>
		<item>
		<title>Hot babe Dani Daniels riding cock in office Johnny sins</title>
		<link>https://www.yamyhub.com/video/hot-babe-dani-daniels-riding-cock-in-office-johnny-sins/</link>
		
		<dc:creator><![CDATA[yamyhub]]></dc:creator>
		<pubDate>Sat, 15 May 2021 01:57:32 +0000</pubDate>
				<guid isPermaLink="false">http://localhost/github/?post_type=video&#038;p=2871</guid>

					<description><![CDATA[<p>Hot babe Dani Daniels riding cock in office &#8211; Johnny sins, Naughty America, Dani Daniels, suck fuck busty big-tits naughty-america office panty hose hardcore blonde dani-daniels</p>
<p>The post <a rel="nofollow" href="https://www.yamyhub.com/video/hot-babe-dani-daniels-riding-cock-in-office-johnny-sins/">Hot babe Dani Daniels riding cock in office Johnny sins</a> appeared first on <a rel="nofollow" href="https://www.yamyhub.com">Yamyhub</a>.</p>
]]></description>
										<content:encoded><![CDATA[<p>Hot babe Dani Daniels riding cock in office &#8211; Johnny sins, Naughty America,</p>
<p>Dani Daniels, suck fuck busty big-tits naughty-america office panty hose hardcore blonde dani-daniels</p>
<p>The post <a rel="nofollow" href="https://www.yamyhub.com/video/hot-babe-dani-daniels-riding-cock-in-office-johnny-sins/">Hot babe Dani Daniels riding cock in office Johnny sins</a> appeared first on <a rel="nofollow" href="https://www.yamyhub.com">Yamyhub</a>.</p>
]]></content:encoded>
					
		
		
			</item>
		<item>
		<title>Interical fucked Big ass dani daniels</title>
		<link>https://www.yamyhub.com/video/interical-fucked-big-ass-dani-daniels/</link>
		
		<dc:creator><![CDATA[yamyhub]]></dc:creator>
		<pubDate>Sat, 15 May 2021 01:49:33 +0000</pubDate>
				<guid isPermaLink="false">http://localhost/github/?post_type=video&#038;p=2867</guid>

					<description><![CDATA[<p>Interical fucked Big ass &#8211; dani daniels, newbowint, Pornstar Amateur, Big ass amateur Dani Daniels, Teen Cumshot, Danni daniels, Big Ass, Creampie Squirt, Hardcore Brunette HD Porn 1080p</p>
<p>The post <a rel="nofollow" href="https://www.yamyhub.com/video/interical-fucked-big-ass-dani-daniels/">Interical fucked Big ass dani daniels</a> appeared first on <a rel="nofollow" href="https://www.yamyhub.com">Yamyhub</a>.</p>
]]></description>
										<content:encoded><![CDATA[<p>Interical fucked Big ass &#8211; dani daniels, newbowint, Pornstar Amateur, Big ass amateur</p>
<p>Dani Daniels, Teen Cumshot, Danni daniels, Big Ass, Creampie Squirt, Hardcore Brunette</p>
<p>HD Porn 1080p</p>
<p>The post <a rel="nofollow" href="https://www.yamyhub.com/video/interical-fucked-big-ass-dani-daniels/">Interical fucked Big ass dani daniels</a> appeared first on <a rel="nofollow" href="https://www.yamyhub.com">Yamyhub</a>.</p>
]]></content:encoded>
					
		
		
			</item>
		<item>
		<title>Brazzers Step Sisters Dani Daniels &#038; Celeste Star Lick Pussy</title>
		<link>https://www.yamyhub.com/video/brazzers-step-sisters-dani-daniels-celeste-star-lick-pussy/</link>
		
		<dc:creator><![CDATA[yamyhub]]></dc:creator>
		<pubDate>Sat, 15 May 2021 01:45:40 +0000</pubDate>
				<guid isPermaLink="false">http://localhost/github/?post_type=video&#038;p=2866</guid>

					<description><![CDATA[<p>Brazzers &#8211; Step Sisters Dani Daniels &#38; Celeste Star Lick Pussy Lesbian Pornstar , Brunette HD Porn, Small Tits Teen, Brazzers Natural Tits Teenager , Stepsisters,, Lesbian Brunette, Ass Licking, pussy Licking Brazzers Free, step sister porn, Young porn</p>
<p>The post <a rel="nofollow" href="https://www.yamyhub.com/video/brazzers-step-sisters-dani-daniels-celeste-star-lick-pussy/">Brazzers Step Sisters Dani Daniels &#038; Celeste Star Lick Pussy</a> appeared first on <a rel="nofollow" href="https://www.yamyhub.com">Yamyhub</a>.</p>
]]></description>
										<content:encoded><![CDATA[<p>Brazzers &#8211; Step Sisters Dani Daniels &amp; Celeste Star Lick Pussy</p>
<p>Lesbian Pornstar , Brunette HD Porn, Small Tits Teen, Brazzers Natural Tits</p>
<p>Teenager , Stepsisters,, Lesbian Brunette, Ass Licking, pussy Licking</p>
<p>Brazzers Free, step sister porn, Young porn</p>
<p>The post <a rel="nofollow" href="https://www.yamyhub.com/video/brazzers-step-sisters-dani-daniels-celeste-star-lick-pussy/">Brazzers Step Sisters Dani Daniels &#038; Celeste Star Lick Pussy</a> appeared first on <a rel="nofollow" href="https://www.yamyhub.com">Yamyhub</a>.</p>
]]></content:encoded>
					
		
		
			</item>
		<item>
		<title>BRAZZERS Teen Pussy and Rides Big cock Dani Daniels Johnny sins</title>
		<link>https://www.yamyhub.com/video/brazzers-teen-pussy-and-rides-big-cock-dani-daniels-johnny-sins/</link>
		
		<dc:creator><![CDATA[yamyhub]]></dc:creator>
		<pubDate>Sat, 15 May 2021 01:45:39 +0000</pubDate>
				<guid isPermaLink="false">http://localhost/github/?post_type=video&#038;p=2864</guid>

					<description><![CDATA[<p>BRAZZERS Teen Pussy and Rides Big cock Dani Daniels Johnny sins BRAZZERS &#8211; Teen Shows off her Hairy Pussy and Rides Big cock &#8211; Dani Daniels &#8211; Johnny sins HD Porn Hardcore Pornstar, Babe Big Dick Brunette Teenager, Inmate Prison Uniform, Bubble Butt Natural Boobs Young Brazzers Brunette Teen, Brazzers Free Brazzers Network, Hairy Round [&#8230;]</p>
<p>The post <a rel="nofollow" href="https://www.yamyhub.com/video/brazzers-teen-pussy-and-rides-big-cock-dani-daniels-johnny-sins/">BRAZZERS Teen Pussy and Rides Big cock Dani Daniels Johnny sins</a> appeared first on <a rel="nofollow" href="https://www.yamyhub.com">Yamyhub</a>.</p>
]]></description>
										<content:encoded><![CDATA[<h2>BRAZZERS Teen Pussy and Rides Big cock Dani Daniels Johnny sins</h2>
<p>BRAZZERS &#8211; Teen Shows off her Hairy Pussy and Rides Big cock &#8211; Dani Daniels &#8211; Johnny sins</p>
<p>HD Porn Hardcore Pornstar, Babe Big Dick Brunette</p>
<p>Teenager, Inmate Prison Uniform, Bubble Butt Natural Boobs</p>
<p>Young Brazzers Brunette Teen, Brazzers Free Brazzers Network, Hairy Round Ass Pounded</p>
<p>The post <a rel="nofollow" href="https://www.yamyhub.com/video/brazzers-teen-pussy-and-rides-big-cock-dani-daniels-johnny-sins/">BRAZZERS Teen Pussy and Rides Big cock Dani Daniels Johnny sins</a> appeared first on <a rel="nofollow" href="https://www.yamyhub.com">Yamyhub</a>.</p>
]]></content:encoded>
					
		
		
			</item>
		<item>
		<title>BANGBROS Dani daniels big Dick Pink Dress Doggy style</title>
		<link>https://www.yamyhub.com/video/bangbros-dani-daniels-big-dick-pink-dress-doggy-style/</link>
		
		<dc:creator><![CDATA[yamyhub]]></dc:creator>
		<pubDate>Fri, 14 May 2021 12:16:42 +0000</pubDate>
				<guid isPermaLink="false">http://localhost/github/?post_type=video&#038;p=2854</guid>

					<description><![CDATA[<p>BANGBROS, Dani daniels big Dick Pink Dress Doggy style Dani Daniels Fucked Hardcore by Big cock, Dani Daniels Hardcore, Big Tits Brunette MILF Pornstar Big Dick HD Sex Dani daniels Rough fucked, HD Porn 1080p Creampie fucked hardcore by big dick</p>
<p>The post <a rel="nofollow" href="https://www.yamyhub.com/video/bangbros-dani-daniels-big-dick-pink-dress-doggy-style/">BANGBROS Dani daniels big Dick Pink Dress Doggy style</a> appeared first on <a rel="nofollow" href="https://www.yamyhub.com">Yamyhub</a>.</p>
]]></description>
										<content:encoded><![CDATA[<p>BANGBROS, Dani daniels big Dick Pink Dress Doggy style</p>
<p>Dani Daniels Fucked Hardcore by Big cock, Dani Daniels Hardcore, Big Tits Brunette</p>
<p>MILF Pornstar Big Dick HD Sex</p>
<p>Dani daniels Rough fucked, HD Porn 1080p Creampie</p>
<p>fucked hardcore by big dick</p>
<p>The post <a rel="nofollow" href="https://www.yamyhub.com/video/bangbros-dani-daniels-big-dick-pink-dress-doggy-style/">BANGBROS Dani daniels big Dick Pink Dress Doggy style</a> appeared first on <a rel="nofollow" href="https://www.yamyhub.com">Yamyhub</a>.</p>
]]></content:encoded>
					
		
		
			</item>
	</channel>
</rss>

0

