<?xml version="1.0" encoding="UTF-8"?><rss version="2.0"
	xmlns:content="http://purl.org/rss/1.0/modules/content/"
	xmlns:wfw="http://wellformedweb.org/CommentAPI/"
	xmlns:dc="http://purl.org/dc/elements/1.1/"
	xmlns:atom="http://www.w3.org/2005/Atom"
	xmlns:sy="http://purl.org/rss/1.0/modules/syndication/"
	xmlns:slash="http://purl.org/rss/1.0/modules/slash/"
	>

<channel>
	<title>Gabriella Lati &#8211; Yamyhub</title>
	<atom:link href="https://www.yamyhub.com/categories/gabriella-lati/feed/" rel="self" type="application/rss+xml" />
	<link>https://www.yamyhub.com</link>
	<description>Watch latest free HD Full length Porn video. Big ass, Big cock, MILF, Lesbian, Step sister and Step mother Porn videos. Yamyhub porn videos.</description>
	<lastBuildDate>Sat, 31 Jul 2021 06:45:37 +0000</lastBuildDate>
	<language>en-US</language>
	<sy:updatePeriod>
	hourly	</sy:updatePeriod>
	<sy:updateFrequency>
	1	</sy:updateFrequency>
	<generator>https://wordpress.org/?v=5.8</generator>

<image>
	<url>https://www.yamyhub.com/wp-content/uploads/2021/07/cropped-favicon-32x32.png</url>
	<title>Gabriella Lati &#8211; Yamyhub</title>
	<link>https://www.yamyhub.com</link>
	<width>32</width>
	<height>32</height>
</image> 
	<item>
		<title>GangBang porn ultra slut Gabriella Lati 10 on 1</title>
		<link>https://www.yamyhub.com/video/gangbang-porn-ultra-slut-gabriella-lati-10-on-1/</link>
		
		<dc:creator><![CDATA[yamyhub]]></dc:creator>
		<pubDate>Sun, 23 May 2021 09:46:43 +0000</pubDate>
				<guid isPermaLink="false">http://localhost/github/?post_type=video&#038;p=2983</guid>

					<description><![CDATA[<p>GangBang porn ultra slut Gabriella Lati 10 on 1 Gangbang porn video Watch Gabriella lati gangbang porn videos on xvideos and legalporno. 10 men fuck 1 slut. Triple penetration Double anal ass hole anal hardcore gaping gangbang ass gape ass fucked hard anal gaping double anal ass hole legal porno porn videos xvideos porn videos</p>
<p>The post <a rel="nofollow" href="https://www.yamyhub.com/video/gangbang-porn-ultra-slut-gabriella-lati-10-on-1/">GangBang porn ultra slut Gabriella Lati 10 on 1</a> appeared first on <a rel="nofollow" href="https://www.yamyhub.com">Yamyhub</a>.</p>
]]></description>
										<content:encoded><![CDATA[<h3>GangBang porn ultra slut Gabriella Lati 10 on 1</h3>
<p>Gangbang porn video Watch Gabriella lati gangbang porn videos on xvideos and legalporno. 10 men fuck 1 slut. Triple penetration Double anal</p>
<p>ass hole anal hardcore gaping gangbang ass gape ass fucked hard anal gaping double anal ass hole</p>
<p>legal porno porn videos</p>
<p>xvideos porn videos</p>
<p>The post <a rel="nofollow" href="https://www.yamyhub.com/video/gangbang-porn-ultra-slut-gabriella-lati-10-on-1/">GangBang porn ultra slut Gabriella Lati 10 on 1</a> appeared first on <a rel="nofollow" href="https://www.yamyhub.com">Yamyhub</a>.</p>
]]></content:encoded>
					
		
		
			</item>
	</channel>
</rss>
