2c70
<?xml version="1.0" encoding="UTF-8"?><rss version="2.0"
	xmlns:content="http://purl.org/rss/1.0/modules/content/"
	xmlns:wfw="http://wellformedweb.org/CommentAPI/"
	xmlns:dc="http://purl.org/dc/elements/1.1/"
	xmlns:atom="http://www.w3.org/2005/Atom"
	xmlns:sy="http://purl.org/rss/1.0/modules/syndication/"
	xmlns:slash="http://purl.org/rss/1.0/modules/slash/"
	>

<channel>
	<title>Lana Rhoades &#8211; Yamyhub</title>
	<atom:link href="https://adult.yamyhub.com/categories/lana-rhoades/feed/" rel="self" type="application/rss+xml" />
	<link>https://adult.yamyhub.com</link>
	<description>Watch latest free HD Full length Porn video. Big ass, Big cock, MILF, Lesbian, Step sister and Step mother Porn videos. Yamyhub porn videos.</description>
	<lastBuildDate>Tue, 22 Jun 2021 04:45:02 +0000</lastBuildDate>
	<language>en-US</language>
	<sy:updatePeriod>
	hourly	</sy:updatePeriod>
	<sy:updateFrequency>
	1	</sy:updateFrequency>
	<generator>https://wordpress.org/?v=5.7.2</generator>

<image>
	<url>https://adult.yamyhub.com/wp-content/uploads/2021/06/favicon.png</url>
	<title>Lana Rhoades &#8211; Yamyhub</title>
	<link>https://adult.yamyhub.com</link>
	<width>32</width>
	<height>32</height>
</image> 
	<item>
		<title>Lesbian x Lana rhoades &#038; Tori black have lesbian sex</title>
		<link>https://adult.yamyhub.com/video/lesbian-x-lana-rhoades-tori-black-have-lesbian-sex/</link>
		
		<dc:creator><![CDATA[yamyhub]]></dc:creator>
		<pubDate>Tue, 22 Jun 2021 04:43:47 +0000</pubDate>
				<guid isPermaLink="false">https://adult.yamyhub.com/?post_type=video&#038;p=3433</guid>

					<description><![CDATA[<p>Lesbian x Lana rhoades &#38; Tori black have lesbian sex lesbian videos lana rhoades and tori black tori black and lana rhoades lic and fuck each pussies on bed tori black lesbian porn videos lana rhoades porn videos. lesbian x porn videos</p>
<p>The post <a rel="nofollow" href="https://adult.yamyhub.com/video/lesbian-x-lana-rhoades-tori-black-have-lesbian-sex/">Lesbian x Lana rhoades &#038; Tori black have lesbian sex</a> appeared first on <a rel="nofollow" href="https://adult.yamyhub.com">Yamyhub</a>.</p>
]]></description>
										<content:encoded><![CDATA[<h2>Lesbian x Lana rhoades &amp; Tori black have lesbian sex</h2>
<p>lesbian videos lana rhoades and tori black tori black and lana rhoades lic and fuck each pussies on bed tori black lesbian porn videos lana rhoades porn videos. lesbian x porn videos</p>
<p>The post <a rel="nofollow" href="https://adult.yamyhub.com/video/lesbian-x-lana-rhoades-tori-black-have-lesbian-sex/">Lesbian x Lana rhoades &#038; Tori black have lesbian sex</a> appeared first on <a rel="nofollow" href="https://adult.yamyhub.com">Yamyhub</a>.</p>
]]></content:encoded>
					
		
		
			</item>
		<item>
		<title>Stepmom Suck Stepdaughter Boyfriend cock under cover Brazzers</title>
		<link>https://adult.yamyhub.com/video/stepmom-suck-stepdaughter-boyfriend-cock-under-cover-brazzers/</link>
		
		<dc:creator><![CDATA[yamyhub]]></dc:creator>
		<pubDate>Sun, 20 Jun 2021 06:20:43 +0000</pubDate>
				<guid isPermaLink="false">https://adult.yamyhub.com/?post_type=video&#038;p=3411</guid>

					<description><![CDATA[<p>Stepmom Suck Stepdaughter Boyfriend cock under cover Brazzers Brazzers stepmom porn videos, Brazzers stepdaughter porn videos. mom suck boyfriend cock under cover. brazzers porn videos. Threesome porn videos. two sluty female fuck by male dominant. Nicolette Shea porn videos, Nicolette Shea threesome porn Nicolette Shea and lana rhoades porn videos. Nicolette Shea threesome porn videos.</p>
<p>The post <a rel="nofollow" href="https://adult.yamyhub.com/video/stepmom-suck-stepdaughter-boyfriend-cock-under-cover-brazzers/">Stepmom Suck Stepdaughter Boyfriend cock under cover Brazzers</a> appeared first on <a rel="nofollow" href="https://adult.yamyhub.com">Yamyhub</a>.</p>
]]></description>
										<content:encoded><![CDATA[<h2>Stepmom Suck Stepdaughter Boyfriend cock under cover Brazzers</h2>
<p>Brazzers stepmom porn videos, Brazzers stepdaughter porn videos. mom suck boyfriend cock under cover. brazzers porn videos. Threesome porn videos. two sluty female fuck by male dominant. Nicolette Shea porn videos, Nicolette Shea threesome porn Nicolette Shea and lana rhoades porn videos. Nicolette Shea threesome porn videos.</p>
<p>The post <a rel="nofollow" href="https://adult.yamyhub.com/video/stepmom-suck-stepdaughter-boyfriend-cock-under-cover-brazzers/">Stepmom Suck Stepdaughter Boyfriend cock under cover Brazzers</a> appeared first on <a rel="nofollow" href="https://adult.yamyhub.com">Yamyhub</a>.</p>
]]></content:encoded>
					
		
		
			</item>
		<item>
		<title>Brazzers &#8211; Four Sluty big ass teen Fuck hardcore By Mr lee</title>
		<link>https://adult.yamyhub.com/video/brazzers-four-sluty-big-ass-teen-fuck-hardcore-by-mr-lee/</link>
		
		<dc:creator><![CDATA[yamyhub]]></dc:creator>
		<pubDate>Sun, 20 Jun 2021 05:58:26 +0000</pubDate>
				<guid isPermaLink="false">https://adult.yamyhub.com/?post_type=video&#038;p=3409</guid>

					<description><![CDATA[<p>Brazzers &#8211; Four Sluty big ass teen Fuck hardcore By Mr lee Mr lee porn videos, Mr Lee fuck four girls in office. big ass bog boobs Lana rhoades porn videos. Riley Reid porn videos, Riley Reid fuck in office. Janice Griffith porn videos, Janice Griffith lesbian porn videos, Aidra Fox porn videos Aidra Fox [&#8230;]</p>
<p>The post <a rel="nofollow" href="https://adult.yamyhub.com/video/brazzers-four-sluty-big-ass-teen-fuck-hardcore-by-mr-lee/">Brazzers &#8211; Four Sluty big ass teen Fuck hardcore By Mr lee</a> appeared first on <a rel="nofollow" href="https://adult.yamyhub.com">Yamyhub</a>.</p>
]]></description>
										<content:encoded><![CDATA[<h2>Brazzers &#8211; Four Sluty big ass teen Fuck hardcore By Mr lee</h2>
<p>Mr lee porn videos, Mr Lee fuck four girls in office. big ass bog boobs Lana rhoades porn videos. Riley Reid porn videos, Riley Reid fuck in office.</p>
<p>Janice Griffith porn videos, Janice Griffith lesbian porn videos, Aidra Fox porn videos Aidra Fox lesbian organism porn. Brazzers girls gang porn videos.</p>
<p>The post <a rel="nofollow" href="https://adult.yamyhub.com/video/brazzers-four-sluty-big-ass-teen-fuck-hardcore-by-mr-lee/">Brazzers &#8211; Four Sluty big ass teen Fuck hardcore By Mr lee</a> appeared first on <a rel="nofollow" href="https://adult.yamyhub.com">Yamyhub</a>.</p>
]]></content:encoded>
					
		
		
			</item>
		<item>
		<title>Brunette Teen Lana rhoades take big cock in ass</title>
		<link>https://adult.yamyhub.com/video/brunette-teen-lana-rhoades-take-big-cock-in-ass/</link>
		
		<dc:creator><![CDATA[yamyhub]]></dc:creator>
		<pubDate>Sat, 19 Jun 2021 13:33:15 +0000</pubDate>
				<guid isPermaLink="false">https://adult.yamyhub.com/?post_type=video&#038;p=3405</guid>

					<description><![CDATA[<p>Brunette Teen Lana rhoades take big cock in ass Lana rhoades porn videos, porn videos, lana rhoades big ass big boobs porn videos lana rhoades. lana rhoades fuck anal in kitchen lana rhoades anal sex. brunette teen lana fuck anal. big ass porn videos. brazzers porn videos. Brazzers anal.</p>
<p>The post <a rel="nofollow" href="https://adult.yamyhub.com/video/brunette-teen-lana-rhoades-take-big-cock-in-ass/">Brunette Teen Lana rhoades take big cock in ass</a> appeared first on <a rel="nofollow" href="https://adult.yamyhub.com">Yamyhub</a>.</p>
]]></description>
										<content:encoded><![CDATA[<h2>Brunette Teen Lana rhoades take big cock in ass</h2>
<p>Lana rhoades porn videos, porn videos, lana rhoades big ass big boobs porn videos lana rhoades. lana rhoades fuck anal in kitchen lana rhoades anal sex. brunette teen lana fuck anal.</p>
<p>big ass porn videos. brazzers porn videos. Brazzers anal.</p>
<p>The post <a rel="nofollow" href="https://adult.yamyhub.com/video/brunette-teen-lana-rhoades-take-big-cock-in-ass/">Brunette Teen Lana rhoades take big cock in ass</a> appeared first on <a rel="nofollow" href="https://adult.yamyhub.com">Yamyhub</a>.</p>
]]></content:encoded>
					
		
		
			</item>
		<item>
		<title>Teen lana rhoades Fuck anal Excercise ball in yoga paint</title>
		<link>https://adult.yamyhub.com/video/teen-lana-rhoades-fuck-anal-excercise-ball-in-yoga-paint/</link>
		
		<dc:creator><![CDATA[yamyhub]]></dc:creator>
		<pubDate>Sat, 19 Jun 2021 04:19:05 +0000</pubDate>
				<guid isPermaLink="false">https://adult.yamyhub.com/?post_type=video&#038;p=3402</guid>

					<description><![CDATA[<p>Teen lana rhoades Fuck hardcore anal Exercise ball in yoga paint Lana rhoades porn video, lana rhoades fuck anal , anal porn videos, anal sex, brazzers porn videos, big ass big tits lana rhoades big boobs lana rhoades. lana rhoades porn videos yoga sex yoga porn lana rhoades. &#160;</p>
<p>The post <a rel="nofollow" href="https://adult.yamyhub.com/video/teen-lana-rhoades-fuck-anal-excercise-ball-in-yoga-paint/">Teen lana rhoades Fuck anal Excercise ball in yoga paint</a> appeared first on <a rel="nofollow" href="https://adult.yamyhub.com">Yamyhub</a>.</p>
]]></description>
										<content:encoded><![CDATA[<h1>Teen lana rhoades Fuck hardcore anal Exercise ball in yoga paint</h1>
<p>Lana rhoades porn video, lana rhoades fuck anal , anal porn videos, anal sex, brazzers porn videos, big ass big tits lana rhoades big boobs lana rhoades. lana rhoades porn videos yoga sex yoga porn lana rhoades.</p>
<p>&nbsp;</p>
<p>The post <a rel="nofollow" href="https://adult.yamyhub.com/video/teen-lana-rhoades-fuck-anal-excercise-ball-in-yoga-paint/">Teen lana rhoades Fuck anal Excercise ball in yoga paint</a> appeared first on <a rel="nofollow" href="https://adult.yamyhub.com">Yamyhub</a>.</p>
]]></content:encoded>
					
		
		
			</item>
		<item>
		<title>Leah Gotti &#038; Lana Rhoades Fucked Interracial Gangbang Blacked</title>
		<link>https://adult.yamyhub.com/video/leah-gotti-lana-rhoades-fucked-interracial-gangbang-blacked/</link>
		
		<dc:creator><![CDATA[yamyhub]]></dc:creator>
		<pubDate>Mon, 14 Jun 2021 06:23:30 +0000</pubDate>
				<guid isPermaLink="false">https://adult.yamyhub.com/?post_type=video&#038;p=3325</guid>

					<description><![CDATA[<p>Leah Gotti &#38; Lana Rhoades Fucked Interracial Gangbang Blacked Watch HD full length Lana rhoades and leah gotti Fucked interical by big monster black cocks. blacked foursome porn videos. big ass leah gotti porn videos. lana rhoades porn videos. big boobs porn. big ass porn.</p>
<p>The post <a rel="nofollow" href="https://adult.yamyhub.com/video/leah-gotti-lana-rhoades-fucked-interracial-gangbang-blacked/">Leah Gotti &#038; Lana Rhoades Fucked Interracial Gangbang Blacked</a> appeared first on <a rel="nofollow" href="https://adult.yamyhub.com">Yamyhub</a>.</p>
]]></description>
										<content:encoded><![CDATA[<h2>Leah Gotti &amp; Lana Rhoades Fucked Interracial Gangbang Blacked</h2>
<p>Watch HD full length Lana rhoades and leah gotti Fucked interical by big monster black cocks. blacked foursome porn videos.</p>
<p>big ass leah gotti porn videos. lana rhoades porn videos. big boobs porn. big ass porn.</p>
<p>The post <a rel="nofollow" href="https://adult.yamyhub.com/video/leah-gotti-lana-rhoades-fucked-interracial-gangbang-blacked/">Leah Gotti &#038; Lana Rhoades Fucked Interracial Gangbang Blacked</a> appeared first on <a rel="nofollow" href="https://adult.yamyhub.com">Yamyhub</a>.</p>
]]></content:encoded>
					
		
		
			</item>
	</channel>
</rss>

0

