<?xml version="1.0" encoding="UTF-8"?><rss version="2.0"
	xmlns:content="http://purl.org/rss/1.0/modules/content/"
	xmlns:wfw="http://wellformedweb.org/CommentAPI/"
	xmlns:dc="http://purl.org/dc/elements/1.1/"
	xmlns:atom="http://www.w3.org/2005/Atom"
	xmlns:sy="http://purl.org/rss/1.0/modules/syndication/"
	xmlns:slash="http://purl.org/rss/1.0/modules/slash/"
	>

<channel>
	<title>Hime marie &#8211; Yamyhub</title>
	<atom:link href="https://www.yamyhub.com/categories/hime-marie/feed/" rel="self" type="application/rss+xml" />
	<link>https://www.yamyhub.com</link>
	<description>Watch latest free HD Full length Porn video. Big ass, Big cock, MILF, Lesbian, Step sister and Step mother Porn videos. Yamyhub porn videos.</description>
	<lastBuildDate>Tue, 17 Aug 2021 04:30:35 +0000</lastBuildDate>
	<language>en-US</language>
	<sy:updatePeriod>
	hourly	</sy:updatePeriod>
	<sy:updateFrequency>
	1	</sy:updateFrequency>
	<generator>https://wordpress.org/?v=5.8</generator>

<image>
	<url>https://www.yamyhub.com/wp-content/uploads/2021/07/cropped-favicon-32x32.png</url>
	<title>Hime marie &#8211; Yamyhub</title>
	<link>https://www.yamyhub.com</link>
	<width>32</width>
	<height>32</height>
</image> 
	<item>
		<title>Tushy Threesome FFM anal fuck for Emily Willis pornhub</title>
		<link>https://www.yamyhub.com/video/tushy-threesome-ffm-anal-fuck-for-emily-willis-pornhub/</link>
		
		<dc:creator><![CDATA[yamyhub]]></dc:creator>
		<pubDate>Tue, 17 Aug 2021 04:30:35 +0000</pubDate>
				<guid isPermaLink="false">https://www.yamyhub.com/?post_type=video&#038;p=4574</guid>

					<description><![CDATA[<p>Tushy Threesome FFM anal fuck for Emily Willis pornhub Tushy pornstars Emily Willis, Hime Marie &#38; Keiran lee porn video by pornhub. Brunette blonde get cock in her ass anal threesome FFM yamyhub. Threesome porn for female female male get fucked hardcore by pornhub. Emily willis and hime marie get big cock of her in [&#8230;]</p>
<p>The post <a rel="nofollow" href="https://www.yamyhub.com/video/tushy-threesome-ffm-anal-fuck-for-emily-willis-pornhub/">Tushy Threesome FFM anal fuck for Emily Willis pornhub</a> appeared first on <a rel="nofollow" href="https://www.yamyhub.com">Yamyhub</a>.</p>
]]></description>
										<content:encoded><![CDATA[<h2>Tushy Threesome FFM anal fuck for Emily Willis pornhub</h2>
<p>Tushy pornstars Emily Willis, Hime Marie &amp; Keiran lee porn video by pornhub. Brunette blonde get cock in her ass anal threesome FFM yamyhub. Threesome porn for female female male get fucked hardcore by pornhub. Emily willis and hime marie get big cock of her in the office. Keiran lee want to get fucked hardcore two hot chicks.</p>
<p>The post <a rel="nofollow" href="https://www.yamyhub.com/video/tushy-threesome-ffm-anal-fuck-for-emily-willis-pornhub/">Tushy Threesome FFM anal fuck for Emily Willis pornhub</a> appeared first on <a rel="nofollow" href="https://www.yamyhub.com">Yamyhub</a>.</p>
]]></content:encoded>
					
		
		
			</item>
		<item>
		<title>Holed blonde teen Hime marie take cock in ass hole anal</title>
		<link>https://www.yamyhub.com/video/holed-blonde-teen-hime-marie-take-cock-in-ass-hole-anal/</link>
		
		<dc:creator><![CDATA[yamyhub]]></dc:creator>
		<pubDate>Fri, 13 Aug 2021 17:14:04 +0000</pubDate>
				<guid isPermaLink="false">https://www.yamyhub.com/?post_type=video&#038;p=4481</guid>

					<description><![CDATA[<p>Holed blonde teen Hime marie take cock in ass hole anal Holed porn star Hime marie sex video. Blonde Small its teen fucked ass hole from big fat cock anal. Skinny ride ass to mouth porn yamyhub. Teen get ride on fat big cock holed porn. Porn star want to ride fat dick on her [&#8230;]</p>
<p>The post <a rel="nofollow" href="https://www.yamyhub.com/video/holed-blonde-teen-hime-marie-take-cock-in-ass-hole-anal/">Holed blonde teen Hime marie take cock in ass hole anal</a> appeared first on <a rel="nofollow" href="https://www.yamyhub.com">Yamyhub</a>.</p>
]]></description>
										<content:encoded><![CDATA[<h2>Holed blonde teen Hime marie take cock in ass hole anal</h2>
<p>Holed porn star Hime marie sex video. Blonde Small its teen fucked ass hole from big fat cock anal. Skinny ride ass to mouth porn yamyhub. Teen get ride on fat big cock holed porn. Porn star want to ride fat dick on her ass hole. Ass hole get cock from ass to mouth porn. anal creampie rider on the bed sex videos.</p>
<p>The post <a rel="nofollow" href="https://www.yamyhub.com/video/holed-blonde-teen-hime-marie-take-cock-in-ass-hole-anal/">Holed blonde teen Hime marie take cock in ass hole anal</a> appeared first on <a rel="nofollow" href="https://www.yamyhub.com">Yamyhub</a>.</p>
]]></content:encoded>
					
		
		
			</item>
	</channel>
</rss>
