<?xml version="1.0" encoding="UTF-8"?><rss version="2.0"
	xmlns:content="http://purl.org/rss/1.0/modules/content/"
	xmlns:wfw="http://wellformedweb.org/CommentAPI/"
	xmlns:dc="http://purl.org/dc/elements/1.1/"
	xmlns:atom="http://www.w3.org/2005/Atom"
	xmlns:sy="http://purl.org/rss/1.0/modules/syndication/"
	xmlns:slash="http://purl.org/rss/1.0/modules/slash/"
	>

<channel>
	<title>Kaia Katava &#8211; Yamyhub</title>
	<atom:link href="https://www.yamyhub.com/categories/kaia-katava/feed/" rel="self" type="application/rss+xml" />
	<link>https://www.yamyhub.com</link>
	<description>Watch latest free HD Full length Porn video. Big ass, Big cock, MILF, Lesbian, Step sister and Step mother Porn videos. Yamyhub porn videos.</description>
	<lastBuildDate>Tue, 17 Aug 2021 13:27:40 +0000</lastBuildDate>
	<language>en-US</language>
	<sy:updatePeriod>
	hourly	</sy:updatePeriod>
	<sy:updateFrequency>
	1	</sy:updateFrequency>
	<generator>https://wordpress.org/?v=5.8</generator>

<image>
	<url>https://www.yamyhub.com/wp-content/uploads/2021/07/cropped-favicon-32x32.png</url>
	<title>Kaia Katava &#8211; Yamyhub</title>
	<link>https://www.yamyhub.com</link>
	<width>32</width>
	<height>32</height>
</image> 
	<item>
		<title>21 sextury Ass hole for young brunette pornstar Kaia Katava</title>
		<link>https://www.yamyhub.com/video/21-sextury-ass-hole-for-young-brunette-pornstar-kaia-katava/</link>
		
		<dc:creator><![CDATA[yamyhub]]></dc:creator>
		<pubDate>Tue, 17 Aug 2021 12:35:14 +0000</pubDate>
				<guid isPermaLink="false">https://www.yamyhub.com/?post_type=video&#038;p=4600</guid>

					<description><![CDATA[<p>21 sextury Ass hole for young brunette pornstar Kaia Katava 21sextury pornstar Kaia Katava anal porn video. Skinny shaved pussy young brunette anal ass hole ride on cock. Dildo fuck ass yamyhub. Skinny shaved pussy want to get cock in the ass hole. Anal fucked for young brunette in her ass hole from cock. Dick [&#8230;]</p>
<p>The post <a rel="nofollow" href="https://www.yamyhub.com/video/21-sextury-ass-hole-for-young-brunette-pornstar-kaia-katava/">21 sextury Ass hole for young brunette pornstar Kaia Katava</a> appeared first on <a rel="nofollow" href="https://www.yamyhub.com">Yamyhub</a>.</p>
]]></description>
										<content:encoded><![CDATA[<h2>21 sextury Ass hole for young brunette pornstar Kaia Katava</h2>
<p>21sextury pornstar Kaia Katava anal porn video. Skinny shaved pussy young brunette anal ass hole ride on cock. Dildo fuck ass yamyhub. Skinny shaved pussy want to get cock in the ass hole. Anal fucked for young brunette in her ass hole from cock. Dick penetrate inside ass fuck. Young teen porn videos.</p>
<p>The post <a rel="nofollow" href="https://www.yamyhub.com/video/21-sextury-ass-hole-for-young-brunette-pornstar-kaia-katava/">21 sextury Ass hole for young brunette pornstar Kaia Katava</a> appeared first on <a rel="nofollow" href="https://www.yamyhub.com">Yamyhub</a>.</p>
]]></content:encoded>
					
		
		
			</item>
	</channel>
</rss>
