<?xml version="1.0" encoding="UTF-8"?><rss version="2.0"
	xmlns:content="http://purl.org/rss/1.0/modules/content/"
	xmlns:wfw="http://wellformedweb.org/CommentAPI/"
	xmlns:dc="http://purl.org/dc/elements/1.1/"
	xmlns:atom="http://www.w3.org/2005/Atom"
	xmlns:sy="http://purl.org/rss/1.0/modules/syndication/"
	xmlns:slash="http://purl.org/rss/1.0/modules/slash/"
	>

<channel>
	<title>Chris Strokes &#8211; Yamyhub</title>
	<atom:link href="https://www.yamyhub.com/categories/chris-strokes/feed/" rel="self" type="application/rss+xml" />
	<link>https://www.yamyhub.com</link>
	<description>Watch latest free HD Full length Porn video. Big ass, Big cock, MILF, Lesbian, Step sister and Step mother Porn videos. Yamyhub porn videos.</description>
	<lastBuildDate>Tue, 10 Aug 2021 10:53:58 +0000</lastBuildDate>
	<language>en-US</language>
	<sy:updatePeriod>
	hourly	</sy:updatePeriod>
	<sy:updateFrequency>
	1	</sy:updateFrequency>
	<generator>https://wordpress.org/?v=5.8</generator>

<image>
	<url>https://www.yamyhub.com/wp-content/uploads/2021/07/cropped-favicon-32x32.png</url>
	<title>Chris Strokes &#8211; Yamyhub</title>
	<link>https://www.yamyhub.com</link>
	<width>32</width>
	<height>32</height>
</image> 
	<item>
		<title>Tushy Emily Willis feed their asshole with big cock</title>
		<link>https://www.yamyhub.com/video/tushy-emily-willis-feed-their-asshole-with-big-cock/</link>
		
		<dc:creator><![CDATA[yamyhub]]></dc:creator>
		<pubDate>Mon, 02 Aug 2021 12:16:21 +0000</pubDate>
				<guid isPermaLink="false">https://www.yamyhub.com/?post_type=video&#038;p=4102</guid>

					<description><![CDATA[<p>Tushy Emily Willis feed their asshole with big cock Tushy Pornstar Emily Willis &#38; Chris Strokes Porn video. Pornstar Emily Willis has an amazing anal with monster cock. Ride cock inside her ass hole yamyhub. Emily Willis fuck anal from big cock. Tushy Emily Willis to be gaped. Ass gaped from Chris Strokes cock in her [&#8230;]</p>
<p>The post <a rel="nofollow" href="https://www.yamyhub.com/video/tushy-emily-willis-feed-their-asshole-with-big-cock/">Tushy Emily Willis feed their asshole with big cock</a> appeared first on <a rel="nofollow" href="https://www.yamyhub.com">Yamyhub</a>.</p>
]]></description>
										<content:encoded><![CDATA[<h2>Tushy Emily Willis feed their asshole with big cock</h2>
<p>Tushy Pornstar Emily Willis &amp; Chris Strokes Porn video. Pornstar Emily Willis has an amazing anal with monster cock. Ride cock inside her ass hole yamyhub. Emily Willis fuck anal from big cock. Tushy Emily Willis to be gaped. Ass gaped from Chris Strokes cock in her ass. Tushy Xvideos porn.</p>
<p>The post <a rel="nofollow" href="https://www.yamyhub.com/video/tushy-emily-willis-feed-their-asshole-with-big-cock/">Tushy Emily Willis feed their asshole with big cock</a> appeared first on <a rel="nofollow" href="https://www.yamyhub.com">Yamyhub</a>.</p>
]]></content:encoded>
					
		
		
			</item>
	</channel>
</rss>
