<?xml version="1.0" encoding="UTF-8"?><rss version="2.0"
	xmlns:content="http://purl.org/rss/1.0/modules/content/"
	xmlns:wfw="http://wellformedweb.org/CommentAPI/"
	xmlns:dc="http://purl.org/dc/elements/1.1/"
	xmlns:atom="http://www.w3.org/2005/Atom"
	xmlns:sy="http://purl.org/rss/1.0/modules/syndication/"
	xmlns:slash="http://purl.org/rss/1.0/modules/slash/"
	>

<channel>
	<title>Violet Starr &#8211; Yamyhub</title>
	<atom:link href="https://adult.yamyhub.com/categories/violet-starr/feed/" rel="self" type="application/rss+xml" />
	<link>https://adult.yamyhub.com</link>
	<description>Watch latest free HD Full length Porn video. Big ass, Big cock, MILF, Lesbian, Step sister and Step mother Porn videos. Yamyhub porn videos.</description>
	<lastBuildDate>Wed, 16 Jun 2021 04:32:51 +0000</lastBuildDate>
	<language>en-US</language>
	<sy:updatePeriod>
	hourly	</sy:updatePeriod>
	<sy:updateFrequency>
	1	</sy:updateFrequency>
	<generator>https://wordpress.org/?v=5.7.2</generator>

<image>
	<url>https://adult.yamyhub.com/wp-content/uploads/2021/06/favicon.png</url>
	<title>Violet Starr &#8211; Yamyhub</title>
	<link>https://adult.yamyhub.com</link>
	<width>32</width>
	<height>32</height>
</image> 
	<item>
		<title>Girlsway Skye Blue has her Wife&#8217;s Permission to Fuck Violet Starr</title>
		<link>https://adult.yamyhub.com/video/girlsway-skye-blue-has-her-wife-permission-fuck-violet-starr/</link>
		
		<dc:creator><![CDATA[yamyhub]]></dc:creator>
		<pubDate>Sat, 15 May 2021 01:57:33 +0000</pubDate>
				<guid isPermaLink="false">http://localhost/github/?post_type=video&#038;p=2870</guid>

					<description><![CDATA[<p>lesbian sex videos, girlsway, lesbian porn videos, teen Babe Skye Blue lesbian porn Big Tits Blonde Teen violet Starr lesbian porn, Skye Blue and violet Starr fingure each other lesbian organism, fucking lesbian</p>
<p>The post <a rel="nofollow" href="https://adult.yamyhub.com/video/girlsway-skye-blue-has-her-wife-permission-fuck-violet-starr/">Girlsway Skye Blue has her Wife&#8217;s Permission to Fuck Violet Starr</a> appeared first on <a rel="nofollow" href="https://adult.yamyhub.com">Yamyhub</a>.</p>
]]></description>
										<content:encoded><![CDATA[<p>lesbian sex videos, girlsway, lesbian porn videos, teen Babe Skye Blue lesbian porn</p>
<p>Big Tits Blonde Teen violet Starr lesbian porn, Skye Blue and violet Starr fingure each other</p>
<p>lesbian organism, fucking lesbian</p>
<p>The post <a rel="nofollow" href="https://adult.yamyhub.com/video/girlsway-skye-blue-has-her-wife-permission-fuck-violet-starr/">Girlsway Skye Blue has her Wife&#8217;s Permission to Fuck Violet Starr</a> appeared first on <a rel="nofollow" href="https://adult.yamyhub.com">Yamyhub</a>.</p>
]]></content:encoded>
					
		
		
			</item>
	</channel>
</rss>
