<?xml version="1.0" encoding="UTF-8"?><rss version="2.0"
	xmlns:content="http://purl.org/rss/1.0/modules/content/"
	xmlns:wfw="http://wellformedweb.org/CommentAPI/"
	xmlns:dc="http://purl.org/dc/elements/1.1/"
	xmlns:atom="http://www.w3.org/2005/Atom"
	xmlns:sy="http://purl.org/rss/1.0/modules/syndication/"
	xmlns:slash="http://purl.org/rss/1.0/modules/slash/"
	>

<channel>
	<title>Jane Wilde &#8211; Yamyhub</title>
	<atom:link href="https://www.yamyhub.com/categories/jane-wilde/feed/" rel="self" type="application/rss+xml" />
	<link>https://www.yamyhub.com</link>
	<description>Watch latest free HD Full length Porn video. Big ass, Big cock, MILF, Lesbian, Step sister and Step mother Porn videos. Yamyhub porn videos.</description>
	<lastBuildDate>Tue, 10 Aug 2021 11:31:34 +0000</lastBuildDate>
	<language>en-US</language>
	<sy:updatePeriod>
	hourly	</sy:updatePeriod>
	<sy:updateFrequency>
	1	</sy:updateFrequency>
	<generator>https://wordpress.org/?v=5.8</generator>

<image>
	<url>https://www.yamyhub.com/wp-content/uploads/2021/07/cropped-favicon-32x32.png</url>
	<title>Jane Wilde &#8211; Yamyhub</title>
	<link>https://www.yamyhub.com</link>
	<width>32</width>
	<height>32</height>
</image> 
	<item>
		<title>Girlsway Lena Paul double penetration by strapon Pornhub</title>
		<link>https://www.yamyhub.com/video/girlsway-lena-paul-double-penetration-by-strapon-pornhub/</link>
		
		<dc:creator><![CDATA[yamyhub]]></dc:creator>
		<pubDate>Sun, 08 Aug 2021 17:42:55 +0000</pubDate>
				<guid isPermaLink="false">https://www.yamyhub.com/?post_type=video&#038;p=4208</guid>

					<description><![CDATA[<p>Girlsway Lena Paul double penetration by strapon Pornhub Girlsway Pornstars Gia Derza, Jane Wilde &#38; lena paul Pornhub porn video. Cute MILF double penetration pounded by strapon dick DP yamyhub. Best porn video for categories threesome girls on pornhub fuck Strapon porn double penetration. Lena Paul want to fuck DP (double penetration) from black strapon [&#8230;]</p>
<p>The post <a rel="nofollow" href="https://www.yamyhub.com/video/girlsway-lena-paul-double-penetration-by-strapon-pornhub/">Girlsway Lena Paul double penetration by strapon Pornhub</a> appeared first on <a rel="nofollow" href="https://www.yamyhub.com">Yamyhub</a>.</p>
]]></description>
										<content:encoded><![CDATA[<h2>Girlsway Lena Paul double penetration by strapon Pornhub</h2>
<p>Girlsway Pornstars Gia Derza, Jane Wilde &amp; lena paul Pornhub porn video. Cute MILF double penetration pounded by strapon dick DP yamyhub. Best porn video for categories threesome girls on pornhub fuck Strapon porn double penetration. Lena Paul want to fuck DP (double penetration) from black strapon dick on at pornhub. Jane Wild and Gia Derza with strapon fuck MILF teen.</p>
<p>The post <a rel="nofollow" href="https://www.yamyhub.com/video/girlsway-lena-paul-double-penetration-by-strapon-pornhub/">Girlsway Lena Paul double penetration by strapon Pornhub</a> appeared first on <a rel="nofollow" href="https://www.yamyhub.com">Yamyhub</a>.</p>
]]></content:encoded>
					
		
		
			</item>
		<item>
		<title>Brazzers office strapon fight between lesbian anal porn video</title>
		<link>https://www.yamyhub.com/video/brazzers-office-strapon-fight-between-lesbian-anal-porn-video/</link>
		
		<dc:creator><![CDATA[yamyhub]]></dc:creator>
		<pubDate>Thu, 29 Jul 2021 06:40:50 +0000</pubDate>
				<guid isPermaLink="false">https://www.yamyhub.com/?post_type=video&#038;p=3953</guid>

					<description><![CDATA[<p>Brazzers office strapon fight between lesbian anal porn video Brazzers porn star Jane Wilde &#38; Rocky Emerson strapon porn video. lesbian fuck in all hole from strapon in office. Sex toys anal yamyhub. Lesbian porn stars want love pin dildo porn videos. Lesbian first lick each other pussy and then fucked ass anal and pussy [&#8230;]</p>
<p>The post <a rel="nofollow" href="https://www.yamyhub.com/video/brazzers-office-strapon-fight-between-lesbian-anal-porn-video/">Brazzers office strapon fight between lesbian anal porn video</a> appeared first on <a rel="nofollow" href="https://www.yamyhub.com">Yamyhub</a>.</p>
]]></description>
										<content:encoded><![CDATA[<h2>Brazzers office strapon fight between lesbian anal porn video</h2>
<p>Brazzers porn star Jane Wilde &amp; Rocky Emerson strapon porn video. lesbian fuck in all hole from strapon in office. Sex toys anal yamyhub. Lesbian porn stars want love pin dildo porn videos. Lesbian first lick each other pussy and then fucked ass anal and pussy from pink strapon. Brazzers office porn videos with strapon. Brazzers porn xnxx porn TXXX porn.</p>
<p>The post <a rel="nofollow" href="https://www.yamyhub.com/video/brazzers-office-strapon-fight-between-lesbian-anal-porn-video/">Brazzers office strapon fight between lesbian anal porn video</a> appeared first on <a rel="nofollow" href="https://www.yamyhub.com">Yamyhub</a>.</p>
]]></content:encoded>
					
		
		
			</item>
	</channel>
</rss>
