<?xml version="1.0" encoding="UTF-8"?><rss version="2.0"
	xmlns:content="http://purl.org/rss/1.0/modules/content/"
	xmlns:wfw="http://wellformedweb.org/CommentAPI/"
	xmlns:dc="http://purl.org/dc/elements/1.1/"
	xmlns:atom="http://www.w3.org/2005/Atom"
	xmlns:sy="http://purl.org/rss/1.0/modules/syndication/"
	xmlns:slash="http://purl.org/rss/1.0/modules/slash/"
	>

<channel>
	<title>BANGBROS &#8211; Yamyhub</title>
	<atom:link href="https://www.yamyhub.com/categories/bangbros/feed/" rel="self" type="application/rss+xml" />
	<link>https://www.yamyhub.com</link>
	<description>Watch latest free HD Full length Porn video. Big ass, Big cock, MILF, Lesbian, Step sister and Step mother Porn videos. Yamyhub porn videos.</description>
	<lastBuildDate>Sun, 15 Aug 2021 04:59:01 +0000</lastBuildDate>
	<language>en-US</language>
	<sy:updatePeriod>
	hourly	</sy:updatePeriod>
	<sy:updateFrequency>
	1	</sy:updateFrequency>
	<generator>https://wordpress.org/?v=5.8</generator>

<image>
	<url>https://www.yamyhub.com/wp-content/uploads/2021/07/cropped-favicon-32x32.png</url>
	<title>BANGBROS &#8211; Yamyhub</title>
	<link>https://www.yamyhub.com</link>
	<width>32</width>
	<height>32</height>
</image> 
	<item>
		<title>Bangbros MILF Katie Morgan get her son cock XNXX</title>
		<link>https://www.yamyhub.com/video/bangbros-milf-katie-morgan-get-her-son-cock-xnxx/</link>
		
		<dc:creator><![CDATA[yamyhub]]></dc:creator>
		<pubDate>Sun, 15 Aug 2021 04:58:23 +0000</pubDate>
				<guid isPermaLink="false">https://www.yamyhub.com/?post_type=video&#038;p=4505</guid>

					<description><![CDATA[<p>Bangbros MILF Katie Morgan get her son cock XNXX Bangbros pornstar Katie Morgan porn video by XNX. MILF with big ass love to fuck from her son and take dick inside pussy yamyhub porn . best MILF katie morgan with big ass get cock inside pussy fuck . Son take down her MILF when no [&#8230;]</p>
<p>The post <a rel="nofollow" href="https://www.yamyhub.com/video/bangbros-milf-katie-morgan-get-her-son-cock-xnxx/">Bangbros MILF Katie Morgan get her son cock XNXX</a> appeared first on <a rel="nofollow" href="https://www.yamyhub.com">Yamyhub</a>.</p>
]]></description>
										<content:encoded><![CDATA[<h2>Bangbros MILF Katie Morgan get her son cock XNXX</h2>
<p>Bangbros pornstar Katie Morgan porn video by XNX. MILF with big ass love to fuck from her son and take dick inside pussy yamyhub porn . best MILF katie morgan with big ass get cock inside pussy fuck . Son take down her MILF when no one at home at xnxx. Son fuck her MILF ay home porn videos.</p>
<p>The post <a rel="nofollow" href="https://www.yamyhub.com/video/bangbros-milf-katie-morgan-get-her-son-cock-xnxx/">Bangbros MILF Katie Morgan get her son cock XNXX</a> appeared first on <a rel="nofollow" href="https://www.yamyhub.com">Yamyhub</a>.</p>
]]></content:encoded>
					
		
		
			</item>
		<item>
		<title>Bangbros fake boobs barbie sins double anal</title>
		<link>https://www.yamyhub.com/video/bangbros-fake-boobs-barbie-sins-double-anal/</link>
		
		<dc:creator><![CDATA[yamyhub]]></dc:creator>
		<pubDate>Fri, 13 Aug 2021 17:03:59 +0000</pubDate>
				<guid isPermaLink="false">https://www.yamyhub.com/?post_type=video&#038;p=4480</guid>

					<description><![CDATA[<p>Bangbros fake boobs barbie sins double anal Bangbros Pornstar Barbie sins porn video on spankbang. Fake boobs Young teen take double penetration &#38; double anal in ass hole yamyhub. Two big cock insert in young pussy and ass hole . Threesome gangbang for male male female spankbang porn. Double anal and double penetration for Barbie [&#8230;]</p>
<p>The post <a rel="nofollow" href="https://www.yamyhub.com/video/bangbros-fake-boobs-barbie-sins-double-anal/">Bangbros fake boobs barbie sins double anal</a> appeared first on <a rel="nofollow" href="https://www.yamyhub.com">Yamyhub</a>.</p>
]]></description>
										<content:encoded><![CDATA[<h2>Bangbros fake boobs barbie sins double anal</h2>
<p>Bangbros Pornstar Barbie sins porn video on spankbang. Fake boobs Young teen take double penetration &amp; double anal in ass hole yamyhub. Two big cock insert in young pussy and ass hole . Threesome gangbang for male male female spankbang porn. Double anal and double penetration for Barbie sins on premium porn bangbros.</p>
<p>The post <a rel="nofollow" href="https://www.yamyhub.com/video/bangbros-fake-boobs-barbie-sins-double-anal/">Bangbros fake boobs barbie sins double anal</a> appeared first on <a rel="nofollow" href="https://www.yamyhub.com">Yamyhub</a>.</p>
]]></content:encoded>
					
		
		
			</item>
		<item>
		<title>Bangbros Graduated student Jinx Maze sex in apartment</title>
		<link>https://www.yamyhub.com/video/bangbros-graduated-student-jinx-maze-sex-in-apartment/</link>
		
		<dc:creator><![CDATA[yamyhub]]></dc:creator>
		<pubDate>Mon, 09 Aug 2021 02:50:41 +0000</pubDate>
				<guid isPermaLink="false">https://www.yamyhub.com/?post_type=video&#038;p=4218</guid>

					<description><![CDATA[<p>Bangbros Graduated student Jinx Maze sex in apartment Bangbros Porn star Jinx Maze porn video. Student at Supervisor Apartment. Graduated porn star Jinx Maze pussy filled with cum sex yamyhub. Naughty school girl want cock. Excellent college girls fuck from behind. Student Jinx Maze love to get sex from behind porn videos. Student love each [&#8230;]</p>
<p>The post <a rel="nofollow" href="https://www.yamyhub.com/video/bangbros-graduated-student-jinx-maze-sex-in-apartment/">Bangbros Graduated student Jinx Maze sex in apartment</a> appeared first on <a rel="nofollow" href="https://www.yamyhub.com">Yamyhub</a>.</p>
]]></description>
										<content:encoded><![CDATA[<h2>Bangbros Graduated student Jinx Maze sex in apartment</h2>
<p>Bangbros Porn star Jinx Maze porn video. Student at Supervisor Apartment. Graduated porn star Jinx Maze pussy filled with cum sex yamyhub. Naughty school girl want cock. Excellent college girls fuck from behind. Student Jinx Maze love to get sex from behind porn videos. Student love each other after SAT.</p>
<p>The post <a rel="nofollow" href="https://www.yamyhub.com/video/bangbros-graduated-student-jinx-maze-sex-in-apartment/">Bangbros Graduated student Jinx Maze sex in apartment</a> appeared first on <a rel="nofollow" href="https://www.yamyhub.com">Yamyhub</a>.</p>
]]></content:encoded>
					
		
		
			</item>
		<item>
		<title>Bangbros African rocket BBC fuck anal &#038; pussy Lena Paul</title>
		<link>https://www.yamyhub.com/video/bangbros-african-rocket-bbc-fuck-anal-pussy-lena-paul/</link>
		
		<dc:creator><![CDATA[yamyhub]]></dc:creator>
		<pubDate>Thu, 05 Aug 2021 05:14:08 +0000</pubDate>
				<guid isPermaLink="false">https://www.yamyhub.com/?post_type=video&#038;p=4153</guid>

					<description><![CDATA[<p>Bangbros African rocket BBC fuck anal &#38; pussy Lena Paul Bangbros Pornstar Lena Paul porn video. Hairy pussy MILF love to fuck her pussy and ass. Lena Paul ride anal on Black cock porn yamyhub. Hot MILF want to ride on big black cock. Lena Paul take Big black cock (bbc) in her ass and [&#8230;]</p>
<p>The post <a rel="nofollow" href="https://www.yamyhub.com/video/bangbros-african-rocket-bbc-fuck-anal-pussy-lena-paul/">Bangbros African rocket BBC fuck anal &#038; pussy Lena Paul</a> appeared first on <a rel="nofollow" href="https://www.yamyhub.com">Yamyhub</a>.</p>
]]></description>
										<content:encoded><![CDATA[<h2>Bangbros African rocket BBC fuck anal &amp; pussy Lena Paul</h2>
<p>Bangbros Pornstar Lena Paul porn video. Hairy pussy MILF love to fuck her pussy and ass. Lena Paul ride anal on Black cock porn yamyhub. Hot MILF want to ride on big black cock. Lena Paul take Big black cock (bbc) in her ass and pussy. Watch the best anal porn videos on Lena Paul. african rocket cock fuck Lena Paul ass and pussy. Bangbros xvideos youporn videos.</p>
<p>The post <a rel="nofollow" href="https://www.yamyhub.com/video/bangbros-african-rocket-bbc-fuck-anal-pussy-lena-paul/">Bangbros African rocket BBC fuck anal &#038; pussy Lena Paul</a> appeared first on <a rel="nofollow" href="https://www.yamyhub.com">Yamyhub</a>.</p>
]]></content:encoded>
					
		
		
			</item>
		<item>
		<title>Bangbros Big orgy college party Compilation Julie cash</title>
		<link>https://www.yamyhub.com/video/bangbros-big-orgy-college-party-compilation-julie-cash/</link>
		
		<dc:creator><![CDATA[yamyhub]]></dc:creator>
		<pubDate>Mon, 02 Aug 2021 04:42:17 +0000</pubDate>
				<guid isPermaLink="false">https://www.yamyhub.com/?post_type=video&#038;p=4091</guid>

					<description><![CDATA[<p>Bangbros Big orgy college party Compilation Julie cash Bangbros Pornstars Kendra Lust, Kayla Carrera &#38; Julie cash porn video. Sharing cock and ass with all pornstar at college party Yamyhub. Fucking hot college chick pornstar at a college party. Bangbros college organism party compilation. Sex toys to fuck pussy at party. Late night party to [&#8230;]</p>
<p>The post <a rel="nofollow" href="https://www.yamyhub.com/video/bangbros-big-orgy-college-party-compilation-julie-cash/">Bangbros Big orgy college party Compilation Julie cash</a> appeared first on <a rel="nofollow" href="https://www.yamyhub.com">Yamyhub</a>.</p>
]]></description>
										<content:encoded><![CDATA[<h2>Bangbros Big orgy college party Compilation Julie cash</h2>
<p>Bangbros Pornstars Kendra Lust, Kayla Carrera &amp; Julie cash porn video. Sharing cock and ass with all pornstar at college party Yamyhub. Fucking hot college chick pornstar at a college party. Bangbros college organism party compilation. Sex toys to fuck pussy at party. Late night party to fuck all porn. sex videos Eporner XXX.</p>
<p>The post <a rel="nofollow" href="https://www.yamyhub.com/video/bangbros-big-orgy-college-party-compilation-julie-cash/">Bangbros Big orgy college party Compilation Julie cash</a> appeared first on <a rel="nofollow" href="https://www.yamyhub.com">Yamyhub</a>.</p>
]]></content:encoded>
					
		
		
			</item>
		<item>
		<title>Wife with big ass &#038; big tits take husband&#8217;s friend cock</title>
		<link>https://www.yamyhub.com/video/wife-with-big-ass-big-tits-take-husbands-friend-cock/</link>
		
		<dc:creator><![CDATA[yamyhub]]></dc:creator>
		<pubDate>Fri, 30 Jul 2021 03:49:58 +0000</pubDate>
				<guid isPermaLink="false">https://www.yamyhub.com/?post_type=video&#038;p=3961</guid>

					<description><![CDATA[<p>Wife with big ass &#38; big tits Take husband&#8217;s friend cock Bangbros Porn star Eva Notty Porn video. Wife fuck from husband friend when husband sleep. Porn star Eva Notty Big ass big tits fuck yamyhub. Eva Notty in blue lingerie Fucked from cock. Pussy and boobs fucked from husband friend. cock penetrate between boobs. [&#8230;]</p>
<p>The post <a rel="nofollow" href="https://www.yamyhub.com/video/wife-with-big-ass-big-tits-take-husbands-friend-cock/">Wife with big ass &#038; big tits take husband&#8217;s friend cock</a> appeared first on <a rel="nofollow" href="https://www.yamyhub.com">Yamyhub</a>.</p>
]]></description>
										<content:encoded><![CDATA[<h2>Wife with big ass &amp; big tits Take husband&#8217;s friend cock</h2>
<p>Bangbros Porn star Eva Notty Porn video. Wife fuck from husband friend when husband sleep. Porn star Eva Notty Big ass big tits fuck yamyhub. Eva Notty in blue lingerie Fucked from cock. Pussy and boobs fucked from husband friend. cock penetrate between boobs. Big tits big ass bangbros porn star Eva Notty porn video. Bangbros porn TXXX porn Xhamster porn.</p>
<p>The post <a rel="nofollow" href="https://www.yamyhub.com/video/wife-with-big-ass-big-tits-take-husbands-friend-cock/">Wife with big ass &#038; big tits take husband&#8217;s friend cock</a> appeared first on <a rel="nofollow" href="https://www.yamyhub.com">Yamyhub</a>.</p>
]]></content:encoded>
					
		
		
			</item>
		<item>
		<title>Big ass big boobs Alura jenson take her son cock</title>
		<link>https://www.yamyhub.com/video/big-ass-big-boobs-alura-jenson-take-her-son-cock/</link>
		
		<dc:creator><![CDATA[yamyhub]]></dc:creator>
		<pubDate>Mon, 26 Jul 2021 16:36:37 +0000</pubDate>
				<guid isPermaLink="false">https://www.yamyhub.com/?post_type=video&#038;p=3914</guid>

					<description><![CDATA[<p>Big ass big boobs Alura jenson take her son cock Bangbros Porn star Alura jenson Porn video. MILF big boobs big ass Porn star Alura jenson fucked from black son&#8217;s cock. MILF porn yamyhub. Black young cock penetrate Inside MILF&#8217;s pussy and big ass. Big ass porn star ALura jenson like black cock, Black cock [&#8230;]</p>
<p>The post <a rel="nofollow" href="https://www.yamyhub.com/video/big-ass-big-boobs-alura-jenson-take-her-son-cock/">Big ass big boobs Alura jenson take her son cock</a> appeared first on <a rel="nofollow" href="https://www.yamyhub.com">Yamyhub</a>.</p>
]]></description>
										<content:encoded><![CDATA[<h2>Big ass big boobs Alura jenson take her son cock</h2>
<p>Bangbros Porn star Alura jenson Porn video. MILF big boobs big ass Porn star Alura jenson fucked from black son&#8217;s cock. MILF porn yamyhub. Black young cock penetrate Inside MILF&#8217;s pussy and big ass. Big ass porn star ALura jenson like black cock, Black cock penetrate inside big boobs sex video. bangbros porn videos. daftsex porn video TXXX porn.</p>
<p>The post <a rel="nofollow" href="https://www.yamyhub.com/video/big-ass-big-boobs-alura-jenson-take-her-son-cock/">Big ass big boobs Alura jenson take her son cock</a> appeared first on <a rel="nofollow" href="https://www.yamyhub.com">Yamyhub</a>.</p>
]]></content:encoded>
					
		
		
			</item>
		<item>
		<title>Interracial big black cock fuck big ass abella danger threesome</title>
		<link>https://www.yamyhub.com/video/interracial-big-black-cock-fuck-big-ass-abella-danger-threesome/</link>
		
		<dc:creator><![CDATA[yamyhub]]></dc:creator>
		<pubDate>Thu, 22 Jul 2021 01:25:42 +0000</pubDate>
				<guid isPermaLink="false">https://www.yamyhub.com/?post_type=video&#038;p=3792</guid>

					<description><![CDATA[<p>Interracial big black cock fuck big ass abella danger threesome Bangbros threesome FFM abella danger porn video. Interracial big black cock fuck big ass chick abella danger. Threesome FFM sex video. yamyhub bangbros latest threesome porn video. Interracial big cock latest big black cock porn videos. Threesome two female one male porn video. Abella danger [&#8230;]</p>
<p>The post <a rel="nofollow" href="https://www.yamyhub.com/video/interracial-big-black-cock-fuck-big-ass-abella-danger-threesome/">Interracial big black cock fuck big ass abella danger threesome</a> appeared first on <a rel="nofollow" href="https://www.yamyhub.com">Yamyhub</a>.</p>
]]></description>
										<content:encoded><![CDATA[<h2>Interracial big black cock fuck big ass abella danger threesome</h2>
<p>Bangbros threesome FFM abella danger porn video. Interracial big black cock fuck big ass chick abella danger. Threesome FFM sex video. yamyhub bangbros latest threesome porn video. Interracial big cock latest big black cock porn videos. Threesome two female one male porn video. Abella danger xxx sex video. Xhamster porn video eporner videos .</p>
<p>The post <a rel="nofollow" href="https://www.yamyhub.com/video/interracial-big-black-cock-fuck-big-ass-abella-danger-threesome/">Interracial big black cock fuck big ass abella danger threesome</a> appeared first on <a rel="nofollow" href="https://www.yamyhub.com">Yamyhub</a>.</p>
]]></content:encoded>
					
		
		
			</item>
		<item>
		<title>Stepmom &#038; daughter fuck from boyfriend Julianna Vega Mia Khalifa</title>
		<link>https://www.yamyhub.com/video/stepmom-stepdaughter-fuck-from-boyfriend-julianna-vega-mia-khalifa/</link>
		
		<dc:creator><![CDATA[yamyhub]]></dc:creator>
		<pubDate>Tue, 20 Jul 2021 10:33:42 +0000</pubDate>
				<guid isPermaLink="false">https://www.yamyhub.com/?post_type=video&#038;p=3778</guid>

					<description><![CDATA[<p>Stepmom &#38; daughter fuck from boyfriend Julianna Vega Mia Khalifa Bangbros Mia Khalifa Julianna Vega porn video. Stepmom &#38; stepdaughter fuck from boyfriend at home. Mia Khalifa Julianna Vega porn yamyhub. Bangbros latest porn video. Bangbros family porn video. Stepmom porn stepdaughter porn. Boyfriend fuck mom and daughter Julianna Vega Mia Khalifa porn video. Eporner [&#8230;]</p>
<p>The post <a rel="nofollow" href="https://www.yamyhub.com/video/stepmom-stepdaughter-fuck-from-boyfriend-julianna-vega-mia-khalifa/">Stepmom &#038; daughter fuck from boyfriend Julianna Vega Mia Khalifa</a> appeared first on <a rel="nofollow" href="https://www.yamyhub.com">Yamyhub</a>.</p>
]]></description>
										<content:encoded><![CDATA[<h2>Stepmom &amp; daughter fuck from boyfriend Julianna Vega Mia Khalifa</h2>
<p>Bangbros Mia Khalifa Julianna Vega porn video. Stepmom &amp; stepdaughter fuck from boyfriend at home. Mia Khalifa Julianna Vega porn yamyhub. Bangbros latest porn video. Bangbros family porn video. Stepmom porn stepdaughter porn. Boyfriend fuck mom and daughter Julianna Vega Mia Khalifa porn video. Eporner porn  Xhamster porn video.</p>
<p>The post <a rel="nofollow" href="https://www.yamyhub.com/video/stepmom-stepdaughter-fuck-from-boyfriend-julianna-vega-mia-khalifa/">Stepmom &#038; daughter fuck from boyfriend Julianna Vega Mia Khalifa</a> appeared first on <a rel="nofollow" href="https://www.yamyhub.com">Yamyhub</a>.</p>
]]></content:encoded>
					
		
		
			</item>
		<item>
		<title>Stepmom Julianna Vega teach step son how to fuck bangbros</title>
		<link>https://www.yamyhub.com/video/stepmom-julianna-vega-teach-step-son-how-to-fuck-bangbros/</link>
		
		<dc:creator><![CDATA[yamyhub]]></dc:creator>
		<pubDate>Tue, 20 Jul 2021 10:22:13 +0000</pubDate>
				<guid isPermaLink="false">https://www.yamyhub.com/?post_type=video&#038;p=3776</guid>

					<description><![CDATA[<p>Stepmom Julianna Vega teach step son how to fuck bangbros Bangbros Stepmom Julianna Vega porn video. Stepmom Julianna Vega teach her stepson how to fuck while father not at home. Family porn yamyhub. Bangbros latest porn video .Julianna Vega latest porn videos. stepmom Julianna Vega teach stepson for sex. Julianna Vega big ass porn video. [&#8230;]</p>
<p>The post <a rel="nofollow" href="https://www.yamyhub.com/video/stepmom-julianna-vega-teach-step-son-how-to-fuck-bangbros/">Stepmom Julianna Vega teach step son how to fuck bangbros</a> appeared first on <a rel="nofollow" href="https://www.yamyhub.com">Yamyhub</a>.</p>
]]></description>
										<content:encoded><![CDATA[<h2>Stepmom Julianna Vega teach step son how to fuck bangbros</h2>
<p>Bangbros Stepmom Julianna Vega porn video. Stepmom Julianna Vega teach her stepson how to fuck while father not at home. Family porn yamyhub. Bangbros latest porn video .Julianna Vega latest porn videos. stepmom Julianna Vega teach stepson for sex. Julianna Vega big ass porn video. XNXX porn video Xvideos.</p>
<p>The post <a rel="nofollow" href="https://www.yamyhub.com/video/stepmom-julianna-vega-teach-step-son-how-to-fuck-bangbros/">Stepmom Julianna Vega teach step son how to fuck bangbros</a> appeared first on <a rel="nofollow" href="https://www.yamyhub.com">Yamyhub</a>.</p>
]]></content:encoded>
					
		
		
			</item>
	</channel>
</rss>
