<?xml version="1.0" encoding="UTF-8"?><rss version="2.0"
	xmlns:content="http://purl.org/rss/1.0/modules/content/"
	xmlns:wfw="http://wellformedweb.org/CommentAPI/"
	xmlns:dc="http://purl.org/dc/elements/1.1/"
	xmlns:atom="http://www.w3.org/2005/Atom"
	xmlns:sy="http://purl.org/rss/1.0/modules/syndication/"
	xmlns:slash="http://purl.org/rss/1.0/modules/slash/"
	>

<channel>
	<title>Sadie Blake &#8211; Yamyhub</title>
	<atom:link href="https://www.yamyhub.com/categories/sadie-blake/feed/" rel="self" type="application/rss+xml" />
	<link>https://www.yamyhub.com</link>
	<description>Watch latest free HD Full length Porn video. Big ass, Big cock, MILF, Lesbian, Step sister and Step mother Porn videos. Yamyhub porn videos.</description>
	<lastBuildDate>Fri, 16 Jul 2021 04:00:02 +0000</lastBuildDate>
	<language>en-US</language>
	<sy:updatePeriod>
	hourly	</sy:updatePeriod>
	<sy:updateFrequency>
	1	</sy:updateFrequency>
	<generator>https://wordpress.org/?v=5.7.2</generator>

<image>
	<url>https://www.yamyhub.com/wp-content/uploads/2021/06/favicon.png</url>
	<title>Sadie Blake &#8211; Yamyhub</title>
	<link>https://www.yamyhub.com</link>
	<width>32</width>
	<height>32</height>
</image> 
	<item>
		<title>Young teen Sadie Blake Fuck hardcore in office</title>
		<link>https://www.yamyhub.com/video/young-teen-sadie-blake-fuck-hardcore-in-office/</link>
		
		<dc:creator><![CDATA[yamyhub]]></dc:creator>
		<pubDate>Sun, 11 Jul 2021 11:07:58 +0000</pubDate>
				<guid isPermaLink="false">https://www.yamyhub.com/?post_type=video&#038;p=3589</guid>

					<description><![CDATA[<p>Young teen Sadie Blake Fuck hardcore in office Office girl porn video Young busty teen Sadie Blake fuck in office Young girl fuck from big cock young girls porn video yamyhub Sadie Blake porn video teen Sadie Blake fuck in office.</p>
<p>The post <a rel="nofollow" href="https://www.yamyhub.com/video/young-teen-sadie-blake-fuck-hardcore-in-office/">Young teen Sadie Blake Fuck hardcore in office</a> appeared first on <a rel="nofollow" href="https://www.yamyhub.com">Yamyhub</a>.</p>
]]></description>
										<content:encoded><![CDATA[<h2>Young teen Sadie Blake Fuck hardcore in office</h2>
<p>Office girl porn video Young busty teen Sadie Blake fuck in office Young girl fuck from big cock young girls porn video yamyhub Sadie Blake porn video teen Sadie Blake fuck in office.</p>
<p>The post <a rel="nofollow" href="https://www.yamyhub.com/video/young-teen-sadie-blake-fuck-hardcore-in-office/">Young teen Sadie Blake Fuck hardcore in office</a> appeared first on <a rel="nofollow" href="https://www.yamyhub.com">Yamyhub</a>.</p>
]]></content:encoded>
					
		
		
			</item>
	</channel>
</rss>
