<?xml version="1.0" encoding="UTF-8"?><rss version="2.0"
	xmlns:content="http://purl.org/rss/1.0/modules/content/"
	xmlns:wfw="http://wellformedweb.org/CommentAPI/"
	xmlns:dc="http://purl.org/dc/elements/1.1/"
	xmlns:atom="http://www.w3.org/2005/Atom"
	xmlns:sy="http://purl.org/rss/1.0/modules/syndication/"
	xmlns:slash="http://purl.org/rss/1.0/modules/slash/"
	>

<channel>
	<title>Emma Starletto &#8211; Yamyhub</title>
	<atom:link href="https://www.yamyhub.com/categories/emma-starletto/feed/" rel="self" type="application/rss+xml" />
	<link>https://www.yamyhub.com</link>
	<description>Watch latest free HD Full length Porn video. Big ass, Big cock, MILF, Lesbian, Step sister and Step mother Porn videos. Yamyhub porn videos.</description>
	<lastBuildDate>Tue, 10 Aug 2021 13:49:52 +0000</lastBuildDate>
	<language>en-US</language>
	<sy:updatePeriod>
	hourly	</sy:updatePeriod>
	<sy:updateFrequency>
	1	</sy:updateFrequency>
	<generator>https://wordpress.org/?v=5.8</generator>

<image>
	<url>https://www.yamyhub.com/wp-content/uploads/2021/07/cropped-favicon-32x32.png</url>
	<title>Emma Starletto &#8211; Yamyhub</title>
	<link>https://www.yamyhub.com</link>
	<width>32</width>
	<height>32</height>
</image> 
	<item>
		<title>Group sex with hot teen &#038; squirt Mofos POV threesome</title>
		<link>https://www.yamyhub.com/video/group-sex-with-hot-teen-squirt-mofos-pov-threesome/</link>
		
		<dc:creator><![CDATA[yamyhub]]></dc:creator>
		<pubDate>Sun, 25 Jul 2021 05:02:55 +0000</pubDate>
				<guid isPermaLink="false">https://www.yamyhub.com/?post_type=video&#038;p=3858</guid>

					<description><![CDATA[<p>Group sex with hot teen &#38; squirt Mofos POV threesome Mofos threesome Tiffany Watson POV Emma Starletto porn video. Hot teens banged from big dick &#38; squirt with group sex. threesome FFM yamyhub. latest threesome FFM porn video. Tiffany Watson fuck from dick POV. Emma Starletto POV porn video.  Teens banged from dick and squirt [&#8230;]</p>
<p>The post <a rel="nofollow" href="https://www.yamyhub.com/video/group-sex-with-hot-teen-squirt-mofos-pov-threesome/">Group sex with hot teen &#038; squirt Mofos POV threesome</a> appeared first on <a rel="nofollow" href="https://www.yamyhub.com">Yamyhub</a>.</p>
]]></description>
										<content:encoded><![CDATA[<h2>Group sex with hot teen &amp; squirt Mofos POV threesome</h2>
<p>Mofos threesome Tiffany Watson POV Emma Starletto porn video. Hot teens banged from big dick &amp; squirt with group sex. threesome FFM yamyhub. latest threesome FFM porn video. Tiffany Watson fuck from dick POV. Emma Starletto POV porn video.  Teens banged from dick and squirt at the end sex movies. Mofos POV Threesome porn videos. Xvideo xhamster sex movies.</p>
<p>The post <a rel="nofollow" href="https://www.yamyhub.com/video/group-sex-with-hot-teen-squirt-mofos-pov-threesome/">Group sex with hot teen &#038; squirt Mofos POV threesome</a> appeared first on <a rel="nofollow" href="https://www.yamyhub.com">Yamyhub</a>.</p>
]]></content:encoded>
					
		
		
			</item>
	</channel>
</rss>
