<?xml version="1.0" encoding="UTF-8"?><rss version="2.0"
	xmlns:content="http://purl.org/rss/1.0/modules/content/"
	xmlns:wfw="http://wellformedweb.org/CommentAPI/"
	xmlns:dc="http://purl.org/dc/elements/1.1/"
	xmlns:atom="http://www.w3.org/2005/Atom"
	xmlns:sy="http://purl.org/rss/1.0/modules/syndication/"
	xmlns:slash="http://purl.org/rss/1.0/modules/slash/"
	>

<channel>
	<title>Crystal Lust &#8211; Yamyhub</title>
	<atom:link href="https://www.yamyhub.com/categories/crystal-lust/feed/" rel="self" type="application/rss+xml" />
	<link>https://www.yamyhub.com</link>
	<description>Watch latest free HD Full length Porn video. Big ass, Big cock, MILF, Lesbian, Step sister and Step mother Porn videos. Yamyhub porn videos.</description>
	<lastBuildDate>Tue, 10 Aug 2021 13:46:10 +0000</lastBuildDate>
	<language>en-US</language>
	<sy:updatePeriod>
	hourly	</sy:updatePeriod>
	<sy:updateFrequency>
	1	</sy:updateFrequency>
	<generator>https://wordpress.org/?v=5.8</generator>

<image>
	<url>https://www.yamyhub.com/wp-content/uploads/2021/07/cropped-favicon-32x32.png</url>
	<title>Crystal Lust &#8211; Yamyhub</title>
	<link>https://www.yamyhub.com</link>
	<width>32</width>
	<height>32</height>
</image> 
	<item>
		<title>Hot Latina brunette take cock in her big ass crystal lust</title>
		<link>https://www.yamyhub.com/video/hot-latina-brunette-take-cock-in-her-big-ass-crystal-lust/</link>
		
		<dc:creator><![CDATA[yamyhub]]></dc:creator>
		<pubDate>Tue, 27 Jul 2021 03:27:52 +0000</pubDate>
				<guid isPermaLink="false">https://www.yamyhub.com/?post_type=video&#038;p=3919</guid>

					<description><![CDATA[<p>Hot Latina brunette take cock in her big ass crystal lust Pornhub star Crystal lust porn video. brunette Hot Latina porn star crystal lust take big dick in her ass. Huge ass crystal lust yamyhub. Watch the latest new HD full length Porn video of porn star crystal lust. Crystal lust new HD Porn video [&#8230;]</p>
<p>The post <a rel="nofollow" href="https://www.yamyhub.com/video/hot-latina-brunette-take-cock-in-her-big-ass-crystal-lust/">Hot Latina brunette take cock in her big ass crystal lust</a> appeared first on <a rel="nofollow" href="https://www.yamyhub.com">Yamyhub</a>.</p>
]]></description>
										<content:encoded><![CDATA[<h2>Hot Latina brunette take cock in her big ass crystal lust</h2>
<p>Pornhub star Crystal lust porn video. brunette Hot Latina porn star crystal lust take big dick in her ass. Huge ass crystal lust yamyhub. Watch the latest new HD full length Porn video of porn star crystal lust. Crystal lust new HD Porn video with big ass &amp; big big tits. latest Pornhub video. Xvideo &amp; Youporn videos.</p>
<p>The post <a rel="nofollow" href="https://www.yamyhub.com/video/hot-latina-brunette-take-cock-in-her-big-ass-crystal-lust/">Hot Latina brunette take cock in her big ass crystal lust</a> appeared first on <a rel="nofollow" href="https://www.yamyhub.com">Yamyhub</a>.</p>
]]></content:encoded>
					
		
		
			</item>
		<item>
		<title>Big tits big butt bitch Crystal Lust take her brother dick</title>
		<link>https://www.yamyhub.com/video/big-tits-big-butt-bitch-crystal-lust-take-her-brother-dick/</link>
		
		<dc:creator><![CDATA[yamyhub]]></dc:creator>
		<pubDate>Mon, 26 Jul 2021 03:10:39 +0000</pubDate>
				<guid isPermaLink="false">https://www.yamyhub.com/?post_type=video&#038;p=3895</guid>

					<description><![CDATA[<p>Big tits big butt bitch Crystal Lust take her brother dick Big butt big ass Crystal lust porn video. A bitch with big ass big boobs take her brother cock inside pussy. big butt big tits porn Yamyhub. Watch the latest big ass porn video with big boobs. Porn star Crystal lust fuck from her [&#8230;]</p>
<p>The post <a rel="nofollow" href="https://www.yamyhub.com/video/big-tits-big-butt-bitch-crystal-lust-take-her-brother-dick/">Big tits big butt bitch Crystal Lust take her brother dick</a> appeared first on <a rel="nofollow" href="https://www.yamyhub.com">Yamyhub</a>.</p>
]]></description>
										<content:encoded><![CDATA[<h2>Big tits big butt bitch Crystal Lust take her brother dick</h2>
<p>Big butt big ass Crystal lust porn video. A bitch with big ass big boobs take her brother cock inside pussy. big butt big tits porn Yamyhub. Watch the latest big ass porn video with big boobs. Porn star Crystal lust fuck from her brother cock when sheep on bed. Watch the big butt big ass big tits and big boobs porn video on Yamyhub. Xvideo porn Pornhub videos.</p>
<p>The post <a rel="nofollow" href="https://www.yamyhub.com/video/big-tits-big-butt-bitch-crystal-lust-take-her-brother-dick/">Big tits big butt bitch Crystal Lust take her brother dick</a> appeared first on <a rel="nofollow" href="https://www.yamyhub.com">Yamyhub</a>.</p>
]]></content:encoded>
					
		
		
			</item>
	</channel>
</rss>
