<?xml version="1.0" encoding="UTF-8"?><rss version="2.0"
	xmlns:content="http://purl.org/rss/1.0/modules/content/"
	xmlns:wfw="http://wellformedweb.org/CommentAPI/"
	xmlns:dc="http://purl.org/dc/elements/1.1/"
	xmlns:atom="http://www.w3.org/2005/Atom"
	xmlns:sy="http://purl.org/rss/1.0/modules/syndication/"
	xmlns:slash="http://purl.org/rss/1.0/modules/slash/"
	>

<channel>
	<title>Xander Corvus &#8211; Yamyhub</title>
	<atom:link href="https://www.yamyhub.com/categories/xander-corvus/feed/" rel="self" type="application/rss+xml" />
	<link>https://www.yamyhub.com</link>
	<description>Watch latest free HD Full length Porn video. Big ass, Big cock, MILF, Lesbian, Step sister and Step mother Porn videos. Yamyhub porn videos.</description>
	<lastBuildDate>Sun, 27 Jun 2021 04:15:34 +0000</lastBuildDate>
	<language>en-US</language>
	<sy:updatePeriod>
	hourly	</sy:updatePeriod>
	<sy:updateFrequency>
	1	</sy:updateFrequency>
	<generator>https://wordpress.org/?v=5.7.2</generator>

<image>
	<url>https://www.yamyhub.com/wp-content/uploads/2021/06/favicon.png</url>
	<title>Xander Corvus &#8211; Yamyhub</title>
	<link>https://www.yamyhub.com</link>
	<width>32</width>
	<height>32</height>
</image> 
	<item>
		<title>Bubble Butt Busty Abigail Mac Fucked by her Husband</title>
		<link>https://www.yamyhub.com/video/bubble-butt-busty-abigail-mac-fucked-by-her-husband/</link>
		
		<dc:creator><![CDATA[yamyhub]]></dc:creator>
		<pubDate>Thu, 10 Jun 2021 05:25:52 +0000</pubDate>
				<guid isPermaLink="false">https://www.yamyhub.com/?post_type=video&#038;p=3279</guid>

					<description><![CDATA[<p>Bubble Butt Busty Abigail Mac Fucked by her Husband Big Ass Pornstar Blowjob Hardcore  Role Play HD Porn Big Tits. Big Dick  Porhub Cuck Cheater Pornohub  Big Tits Hardcore Brazzers Missionary Riding Milf Hd Blowjob Rough  Brunette Big Boobs Mgvideos. Watch latest pornhub videos. full lenghth brazzers porn video abigail mac porn video. doggystyle porn [&#8230;]</p>
<p>The post <a rel="nofollow" href="https://www.yamyhub.com/video/bubble-butt-busty-abigail-mac-fucked-by-her-husband/">Bubble Butt Busty Abigail Mac Fucked by her Husband</a> appeared first on <a rel="nofollow" href="https://www.yamyhub.com">Yamyhub</a>.</p>
]]></description>
										<content:encoded><![CDATA[<h1>Bubble Butt Busty Abigail Mac Fucked by her Husband</h1>
<p>Big Ass Pornstar Blowjob Hardcore  Role Play HD Porn Big Tits.</p>
<p>Big Dick  Porhub Cuck Cheater Pornohub  Big Tits Hardcore Brazzers Missionary Riding Milf Hd Blowjob Rough  Brunette Big Boobs Mgvideos. Watch latest pornhub videos. full lenghth brazzers porn video abigail mac porn video. doggystyle porn video cowgirl porn.</p>
<p>Blowjob porn.</p>
<p>The post <a rel="nofollow" href="https://www.yamyhub.com/video/bubble-butt-busty-abigail-mac-fucked-by-her-husband/">Bubble Butt Busty Abigail Mac Fucked by her Husband</a> appeared first on <a rel="nofollow" href="https://www.yamyhub.com">Yamyhub</a>.</p>
]]></content:encoded>
					
		
		
			</item>
	</channel>
</rss>
