<?xml version="1.0" encoding="UTF-8"?><rss version="2.0"
	xmlns:content="http://purl.org/rss/1.0/modules/content/"
	xmlns:wfw="http://wellformedweb.org/CommentAPI/"
	xmlns:dc="http://purl.org/dc/elements/1.1/"
	xmlns:atom="http://www.w3.org/2005/Atom"
	xmlns:sy="http://purl.org/rss/1.0/modules/syndication/"
	xmlns:slash="http://purl.org/rss/1.0/modules/slash/"
	>

<channel>
	<title>Anie Darling &#8211; Yamyhub</title>
	<atom:link href="https://www.yamyhub.com/categories/anie-darling/feed/" rel="self" type="application/rss+xml" />
	<link>https://www.yamyhub.com</link>
	<description>Watch latest free HD Full length Porn video. Big ass, Big cock, MILF, Lesbian, Step sister and Step mother Porn videos. Yamyhub porn videos.</description>
	<lastBuildDate>Tue, 10 Aug 2021 10:47:22 +0000</lastBuildDate>
	<language>en-US</language>
	<sy:updatePeriod>
	hourly	</sy:updatePeriod>
	<sy:updateFrequency>
	1	</sy:updateFrequency>
	<generator>https://wordpress.org/?v=5.8</generator>

<image>
	<url>https://www.yamyhub.com/wp-content/uploads/2021/07/cropped-favicon-32x32.png</url>
	<title>Anie Darling &#8211; Yamyhub</title>
	<link>https://www.yamyhub.com</link>
	<width>32</width>
	<height>32</height>
</image> 
	<item>
		<title>Young Stepsister Fucked &#038; cum inside her pussy</title>
		<link>https://www.yamyhub.com/video/young-stepsister-fucked-cum-inside-her-pussy/</link>
		
		<dc:creator><![CDATA[yamyhub]]></dc:creator>
		<pubDate>Tue, 03 Aug 2021 12:06:59 +0000</pubDate>
				<guid isPermaLink="false">https://www.yamyhub.com/?post_type=video&#038;p=4123</guid>

					<description><![CDATA[<p>Young Stepsister Fucked &#38; cum inside her pussy Nubiles Porn star Anie Darling porn video. Stepsister ask me for message and started sex with brother. Stepsister Anie Darling porn yamyhub. stepsister want to cock from her brother. Brother and sister sex after quarrel &#38; cum inside pussy. Brother and sister love each other fuck Pussy [&#8230;]</p>
<p>The post <a rel="nofollow" href="https://www.yamyhub.com/video/young-stepsister-fucked-cum-inside-her-pussy/">Young Stepsister Fucked &#038; cum inside her pussy</a> appeared first on <a rel="nofollow" href="https://www.yamyhub.com">Yamyhub</a>.</p>
]]></description>
										<content:encoded><![CDATA[<h2>Young Stepsister Fucked &amp; cum inside her pussy</h2>
<p>Nubiles Porn star Anie Darling porn video. Stepsister ask me for message and started sex with brother. Stepsister Anie Darling porn yamyhub. stepsister want to cock from her brother. Brother and sister sex after quarrel &amp; cum inside pussy. Brother and sister love each other fuck Pussy at home. Nubiles porn with Anie Darling stepssiter porn Xvideos porn.</p>
<p>The post <a rel="nofollow" href="https://www.yamyhub.com/video/young-stepsister-fucked-cum-inside-her-pussy/">Young Stepsister Fucked &#038; cum inside her pussy</a> appeared first on <a rel="nofollow" href="https://www.yamyhub.com">Yamyhub</a>.</p>
]]></content:encoded>
					
		
		
			</item>
	</channel>
</rss>
