<?xml version="1.0" encoding="UTF-8"?><rss version="2.0"
	xmlns:content="http://purl.org/rss/1.0/modules/content/"
	xmlns:wfw="http://wellformedweb.org/CommentAPI/"
	xmlns:dc="http://purl.org/dc/elements/1.1/"
	xmlns:atom="http://www.w3.org/2005/Atom"
	xmlns:sy="http://purl.org/rss/1.0/modules/syndication/"
	xmlns:slash="http://purl.org/rss/1.0/modules/slash/"
	>

<channel>
	<title>Jezebeth &#8211; Yamyhub</title>
	<atom:link href="https://www.yamyhub.com/categories/jezebeth/feed/" rel="self" type="application/rss+xml" />
	<link>https://www.yamyhub.com</link>
	<description>Watch latest free HD Full length Porn video. Big ass, Big cock, MILF, Lesbian, Step sister and Step mother Porn videos. Yamyhub porn videos.</description>
	<lastBuildDate>Sun, 15 Aug 2021 01:51:16 +0000</lastBuildDate>
	<language>en-US</language>
	<sy:updatePeriod>
	hourly	</sy:updatePeriod>
	<sy:updateFrequency>
	1	</sy:updateFrequency>
	<generator>https://wordpress.org/?v=5.8</generator>

<image>
	<url>https://www.yamyhub.com/wp-content/uploads/2021/07/cropped-favicon-32x32.png</url>
	<title>Jezebeth &#8211; Yamyhub</title>
	<link>https://www.yamyhub.com</link>
	<width>32</width>
	<height>32</height>
</image> 
	<item>
		<title>Step Siblings Sophia Leone &#038; Jezebeth Fuck from brother</title>
		<link>https://www.yamyhub.com/video/step-siblings-sophia-leone-jezebeth-fuck-from-brother/</link>
		
		<dc:creator><![CDATA[yamyhub]]></dc:creator>
		<pubDate>Sun, 15 Aug 2021 01:51:16 +0000</pubDate>
				<guid isPermaLink="false">https://www.yamyhub.com/?post_type=video&#038;p=4501</guid>

					<description><![CDATA[<p>Step Siblings Sophia Leone &#38; Jezebeth Fuck from brother Step Siblings pornstars Jezebeth &#38; Sophia Leone by Team skeet porn videos. Stepsister want to take her brother cock threesome FFM porn sex. Brother findout her stepsister and fuck it out at home. Threesome brother porn with her siblings sisters. Female Female Male porn alone at [&#8230;]</p>
<p>The post <a rel="nofollow" href="https://www.yamyhub.com/video/step-siblings-sophia-leone-jezebeth-fuck-from-brother/">Step Siblings Sophia Leone &#038; Jezebeth Fuck from brother</a> appeared first on <a rel="nofollow" href="https://www.yamyhub.com">Yamyhub</a>.</p>
]]></description>
										<content:encoded><![CDATA[<h2>Step Siblings Sophia Leone &amp; Jezebeth Fuck from brother</h2>
<p>Step Siblings pornstars Jezebeth &amp; Sophia Leone by Team skeet porn videos. Stepsister want to take her brother cock threesome FFM porn sex. Brother findout her stepsister and fuck it out at home. Threesome brother porn with her siblings sisters. Female Female Male porn alone at home and fuck awesome.</p>
<p>The post <a rel="nofollow" href="https://www.yamyhub.com/video/step-siblings-sophia-leone-jezebeth-fuck-from-brother/">Step Siblings Sophia Leone &#038; Jezebeth Fuck from brother</a> appeared first on <a rel="nofollow" href="https://www.yamyhub.com">Yamyhub</a>.</p>
]]></content:encoded>
					
		
		
			</item>
	</channel>
</rss>
