<?xml version="1.0" encoding="UTF-8"?><rss version="2.0"
	xmlns:content="http://purl.org/rss/1.0/modules/content/"
	xmlns:wfw="http://wellformedweb.org/CommentAPI/"
	xmlns:dc="http://purl.org/dc/elements/1.1/"
	xmlns:atom="http://www.w3.org/2005/Atom"
	xmlns:sy="http://purl.org/rss/1.0/modules/syndication/"
	xmlns:slash="http://purl.org/rss/1.0/modules/slash/"
	>

<channel>
	<title>Jill kassidy &#8211; Yamyhub</title>
	<atom:link href="https://www.yamyhub.com/categories/jill-kassidy/feed/" rel="self" type="application/rss+xml" />
	<link>https://www.yamyhub.com</link>
	<description>Watch latest free HD Full length Porn video. Big ass, Big cock, MILF, Lesbian, Step sister and Step mother Porn videos. Yamyhub porn videos.</description>
	<lastBuildDate>Tue, 10 Aug 2021 16:39:26 +0000</lastBuildDate>
	<language>en-US</language>
	<sy:updatePeriod>
	hourly	</sy:updatePeriod>
	<sy:updateFrequency>
	1	</sy:updateFrequency>
	<generator>https://wordpress.org/?v=5.8</generator>

<image>
	<url>https://www.yamyhub.com/wp-content/uploads/2021/07/cropped-favicon-32x32.png</url>
	<title>Jill kassidy &#8211; Yamyhub</title>
	<link>https://www.yamyhub.com</link>
	<width>32</width>
	<height>32</height>
</image> 
	<item>
		<title>Huge black dick fuck interracial in doggy style Jill kassidy</title>
		<link>https://www.yamyhub.com/video/huge-black-dick-fuck-interracial-in-doggy-style-jill-kassidy/</link>
		
		<dc:creator><![CDATA[yamyhub]]></dc:creator>
		<pubDate>Sat, 24 Jul 2021 03:51:09 +0000</pubDate>
				<guid isPermaLink="false">https://www.yamyhub.com/?post_type=video&#038;p=3811</guid>

					<description><![CDATA[<p>Huge black dick fuck interracial in doggy style Jill kassidy Blacked Jill kassidy interracial porn video. Huge black cock fuck interracial in blowjob &#38; doggy style cum. Jill kassidy sex movie yamyhub Blacked. porn video latest blacked porn video. Jill kassidy fuck interracial in doggy style. Doggy style sex movies blowjob sex xxx video. Big [&#8230;]</p>
<p>The post <a rel="nofollow" href="https://www.yamyhub.com/video/huge-black-dick-fuck-interracial-in-doggy-style-jill-kassidy/">Huge black dick fuck interracial in doggy style Jill kassidy</a> appeared first on <a rel="nofollow" href="https://www.yamyhub.com">Yamyhub</a>.</p>
]]></description>
										<content:encoded><![CDATA[<h2>Huge black dick fuck interracial in doggy style Jill kassidy</h2>
<p>Blacked Jill kassidy interracial porn video. Huge black cock fuck interracial in blowjob &amp; doggy style cum. Jill kassidy sex movie yamyhub Blacked. porn video latest blacked porn video. Jill kassidy fuck interracial in doggy style. Doggy style sex movies blowjob sex xxx video. Big black dick latest porn video. TXXX porn video daftsex porn video.</p>
<p>The post <a rel="nofollow" href="https://www.yamyhub.com/video/huge-black-dick-fuck-interracial-in-doggy-style-jill-kassidy/">Huge black dick fuck interracial in doggy style Jill kassidy</a> appeared first on <a rel="nofollow" href="https://www.yamyhub.com">Yamyhub</a>.</p>
]]></content:encoded>
					
		
		
			</item>
	</channel>
</rss>
