<?xml version="1.0" encoding="UTF-8"?><rss version="2.0"
	xmlns:content="http://purl.org/rss/1.0/modules/content/"
	xmlns:wfw="http://wellformedweb.org/CommentAPI/"
	xmlns:dc="http://purl.org/dc/elements/1.1/"
	xmlns:atom="http://www.w3.org/2005/Atom"
	xmlns:sy="http://purl.org/rss/1.0/modules/syndication/"
	xmlns:slash="http://purl.org/rss/1.0/modules/slash/"
	>

<channel>
	<title>Sabina Rouge &#8211; Yamyhub</title>
	<atom:link href="https://www.yamyhub.com/categories/sabina-rouge/feed/" rel="self" type="application/rss+xml" />
	<link>https://www.yamyhub.com</link>
	<description>Watch latest free HD Full length Porn video. Big ass, Big cock, MILF, Lesbian, Step sister and Step mother Porn videos. Yamyhub porn videos.</description>
	<lastBuildDate>Fri, 16 Jul 2021 03:46:24 +0000</lastBuildDate>
	<language>en-US</language>
	<sy:updatePeriod>
	hourly	</sy:updatePeriod>
	<sy:updateFrequency>
	1	</sy:updateFrequency>
	<generator>https://wordpress.org/?v=5.7.2</generator>

<image>
	<url>https://www.yamyhub.com/wp-content/uploads/2021/06/favicon.png</url>
	<title>Sabina Rouge &#8211; Yamyhub</title>
	<link>https://www.yamyhub.com</link>
	<width>32</width>
	<height>32</height>
</image> 
	<item>
		<title>strapon yoga from two lesbian Sabina Rouge &#038; Nadya Nabakova</title>
		<link>https://www.yamyhub.com/video/strapon-yoga-from-two-lesbian-sabina-rouge-nadya-nabakova/</link>
		
		<dc:creator><![CDATA[yamyhub]]></dc:creator>
		<pubDate>Wed, 07 Jul 2021 02:54:17 +0000</pubDate>
				<guid isPermaLink="false">https://www.yamyhub.com/?post_type=video&#038;p=3549</guid>

					<description><![CDATA[<p>strapon yoga from two lesbian Sabina Rouge &#38; Nadya Nabakova Brazzers strapon lesbian porn video Strapon Fuck during yoga from two lesbian sabina rouge and nadya nabakova strapon porn yamyhub strapon porn video yoga pant fuck brazzers strapon porn video lesbian porn during strapon yoga pant porn video sabina rouge lesbian porn video nadya nabakova [&#8230;]</p>
<p>The post <a rel="nofollow" href="https://www.yamyhub.com/video/strapon-yoga-from-two-lesbian-sabina-rouge-nadya-nabakova/">strapon yoga from two lesbian Sabina Rouge &#038; Nadya Nabakova</a> appeared first on <a rel="nofollow" href="https://www.yamyhub.com">Yamyhub</a>.</p>
]]></description>
										<content:encoded><![CDATA[<h2>strapon yoga from two lesbian Sabina Rouge &amp; Nadya Nabakova</h2>
<p>Brazzers strapon lesbian porn video Strapon Fuck during yoga from two lesbian sabina rouge and nadya nabakova strapon porn yamyhub</p>
<p>strapon porn video yoga pant fuck brazzers strapon porn video lesbian porn during strapon yoga pant porn video sabina rouge lesbian porn video nadya nabakova lesbian porn video.</p>
<p>The post <a rel="nofollow" href="https://www.yamyhub.com/video/strapon-yoga-from-two-lesbian-sabina-rouge-nadya-nabakova/">strapon yoga from two lesbian Sabina Rouge &#038; Nadya Nabakova</a> appeared first on <a rel="nofollow" href="https://www.yamyhub.com">Yamyhub</a>.</p>
]]></content:encoded>
					
		
		
			</item>
	</channel>
</rss>
