<?xml version="1.0" encoding="UTF-8"?><rss version="2.0"
	xmlns:content="http://purl.org/rss/1.0/modules/content/"
	xmlns:wfw="http://wellformedweb.org/CommentAPI/"
	xmlns:dc="http://purl.org/dc/elements/1.1/"
	xmlns:atom="http://www.w3.org/2005/Atom"
	xmlns:sy="http://purl.org/rss/1.0/modules/syndication/"
	xmlns:slash="http://purl.org/rss/1.0/modules/slash/"
	>

<channel>
	<title>karen fisher &#8211; Yamyhub</title>
	<atom:link href="https://www.yamyhub.com/categories/karen-fisher/feed/" rel="self" type="application/rss+xml" />
	<link>https://www.yamyhub.com</link>
	<description>Watch latest free HD Full length Porn video. Big ass, Big cock, MILF, Lesbian, Step sister and Step mother Porn videos. Yamyhub porn videos.</description>
	<lastBuildDate>Tue, 10 Aug 2021 07:43:04 +0000</lastBuildDate>
	<language>en-US</language>
	<sy:updatePeriod>
	hourly	</sy:updatePeriod>
	<sy:updateFrequency>
	1	</sy:updateFrequency>
	<generator>https://wordpress.org/?v=5.8</generator>

<image>
	<url>https://www.yamyhub.com/wp-content/uploads/2021/07/cropped-favicon-32x32.png</url>
	<title>karen fisher &#8211; Yamyhub</title>
	<link>https://www.yamyhub.com</link>
	<width>32</width>
	<height>32</height>
</image> 
	<item>
		<title>Brazzers horny big ass MILF secretaries get cock Youporn</title>
		<link>https://www.yamyhub.com/video/brazzers-horny-big-ass-milf-secretaries-get-cock-youporn/</link>
		
		<dc:creator><![CDATA[yamyhub]]></dc:creator>
		<pubDate>Sun, 08 Aug 2021 06:50:19 +0000</pubDate>
				<guid isPermaLink="false">https://www.yamyhub.com/?post_type=video&#038;p=4190</guid>

					<description><![CDATA[<p>Brazzers horny big ass MILF secretaries get cock Youporn Brazzers porn star Karen Fisher Youporn sex videos. Blonde secretaries want to get young cock in office. Big ass horny MILF porn yamyhub. Watch the best MILF big ass pornstar office young cock blonde secretaries porn video at Youporn. Karen Fisher take down young cock at [&#8230;]</p>
<p>The post <a rel="nofollow" href="https://www.yamyhub.com/video/brazzers-horny-big-ass-milf-secretaries-get-cock-youporn/">Brazzers horny big ass MILF secretaries get cock Youporn</a> appeared first on <a rel="nofollow" href="https://www.yamyhub.com">Yamyhub</a>.</p>
]]></description>
										<content:encoded><![CDATA[<h2>Brazzers horny big ass MILF secretaries get cock Youporn</h2>
<p>Brazzers porn star Karen Fisher Youporn sex videos. Blonde secretaries want to get young cock in office. Big ass horny MILF porn yamyhub. Watch the best MILF big ass pornstar office young cock blonde secretaries porn video at Youporn. Karen Fisher take down young cock at office on youporn videos. MILF pussy fuck ended up a crazy blowjob porn.</p>
<p>The post <a rel="nofollow" href="https://www.yamyhub.com/video/brazzers-horny-big-ass-milf-secretaries-get-cock-youporn/">Brazzers horny big ass MILF secretaries get cock Youporn</a> appeared first on <a rel="nofollow" href="https://www.yamyhub.com">Yamyhub</a>.</p>
]]></content:encoded>
					
		
		
			</item>
		<item>
		<title>Stepsister lexis grey &#038; stepmom karen fisher Fucked during online school</title>
		<link>https://www.yamyhub.com/video/stepsister-lexis-grey-stepmom-karen-fisher-fucked-during-online-school/</link>
		
		<dc:creator><![CDATA[yamyhub]]></dc:creator>
		<pubDate>Fri, 25 Jun 2021 12:03:59 +0000</pubDate>
				<guid isPermaLink="false">https://www.yamyhub.com/?post_type=video&#038;p=3467</guid>

					<description><![CDATA[<p>Stepsister lexis grey &#38; stepmom karen fisher Fucked during online school family strokes family strokes porn video step sister porn during scool step sister fuck during school MILF porn video milf porn step mother take cock step mother fuck threesome step mom hardcore sex sex during online school.</p>
<p>The post <a rel="nofollow" href="https://www.yamyhub.com/video/stepsister-lexis-grey-stepmom-karen-fisher-fucked-during-online-school/">Stepsister lexis grey &#038; stepmom karen fisher Fucked during online school</a> appeared first on <a rel="nofollow" href="https://www.yamyhub.com">Yamyhub</a>.</p>
]]></description>
										<content:encoded><![CDATA[<h2>Stepsister lexis grey &amp; stepmom karen fisher Fucked during online school family strokes</h2>
<p>family strokes porn video step sister porn during scool step sister fuck during school MILF porn video milf porn step mother take cock step mother fuck threesome step mom hardcore sex sex during online school.</p>
<p>The post <a rel="nofollow" href="https://www.yamyhub.com/video/stepsister-lexis-grey-stepmom-karen-fisher-fucked-during-online-school/">Stepsister lexis grey &#038; stepmom karen fisher Fucked during online school</a> appeared first on <a rel="nofollow" href="https://www.yamyhub.com">Yamyhub</a>.</p>
]]></content:encoded>
					
		
		
			</item>
	</channel>
</rss>
