<?xml version="1.0" encoding="UTF-8"?><rss version="2.0"
	xmlns:content="http://purl.org/rss/1.0/modules/content/"
	xmlns:wfw="http://wellformedweb.org/CommentAPI/"
	xmlns:dc="http://purl.org/dc/elements/1.1/"
	xmlns:atom="http://www.w3.org/2005/Atom"
	xmlns:sy="http://purl.org/rss/1.0/modules/syndication/"
	xmlns:slash="http://purl.org/rss/1.0/modules/slash/"
	>

<channel>
	<title>Gia derza &#8211; Yamyhub</title>
	<atom:link href="https://www.yamyhub.com/categories/gia-derza/feed/" rel="self" type="application/rss+xml" />
	<link>https://www.yamyhub.com</link>
	<description>Watch latest free HD Full length Porn video. Big ass, Big cock, MILF, Lesbian, Step sister and Step mother Porn videos. Yamyhub porn videos.</description>
	<lastBuildDate>Tue, 10 Aug 2021 16:40:34 +0000</lastBuildDate>
	<language>en-US</language>
	<sy:updatePeriod>
	hourly	</sy:updatePeriod>
	<sy:updateFrequency>
	1	</sy:updateFrequency>
	<generator>https://wordpress.org/?v=5.8</generator>

<image>
	<url>https://www.yamyhub.com/wp-content/uploads/2021/07/cropped-favicon-32x32.png</url>
	<title>Gia derza &#8211; Yamyhub</title>
	<link>https://www.yamyhub.com</link>
	<width>32</width>
	<height>32</height>
</image> 
	<item>
		<title>Girlsway Lena Paul double penetration by strapon Pornhub</title>
		<link>https://www.yamyhub.com/video/girlsway-lena-paul-double-penetration-by-strapon-pornhub/</link>
		
		<dc:creator><![CDATA[yamyhub]]></dc:creator>
		<pubDate>Sun, 08 Aug 2021 17:42:55 +0000</pubDate>
				<guid isPermaLink="false">https://www.yamyhub.com/?post_type=video&#038;p=4208</guid>

					<description><![CDATA[<p>Girlsway Lena Paul double penetration by strapon Pornhub Girlsway Pornstars Gia Derza, Jane Wilde &#38; lena paul Pornhub porn video. Cute MILF double penetration pounded by strapon dick DP yamyhub. Best porn video for categories threesome girls on pornhub fuck Strapon porn double penetration. Lena Paul want to fuck DP (double penetration) from black strapon [&#8230;]</p>
<p>The post <a rel="nofollow" href="https://www.yamyhub.com/video/girlsway-lena-paul-double-penetration-by-strapon-pornhub/">Girlsway Lena Paul double penetration by strapon Pornhub</a> appeared first on <a rel="nofollow" href="https://www.yamyhub.com">Yamyhub</a>.</p>
]]></description>
										<content:encoded><![CDATA[<h2>Girlsway Lena Paul double penetration by strapon Pornhub</h2>
<p>Girlsway Pornstars Gia Derza, Jane Wilde &amp; lena paul Pornhub porn video. Cute MILF double penetration pounded by strapon dick DP yamyhub. Best porn video for categories threesome girls on pornhub fuck Strapon porn double penetration. Lena Paul want to fuck DP (double penetration) from black strapon dick on at pornhub. Jane Wild and Gia Derza with strapon fuck MILF teen.</p>
<p>The post <a rel="nofollow" href="https://www.yamyhub.com/video/girlsway-lena-paul-double-penetration-by-strapon-pornhub/">Girlsway Lena Paul double penetration by strapon Pornhub</a> appeared first on <a rel="nofollow" href="https://www.yamyhub.com">Yamyhub</a>.</p>
]]></content:encoded>
					
		
		
			</item>
		<item>
		<title>Young pornstar Gia Derza&#8217;s ass hole fucked in sexy lingerie</title>
		<link>https://www.yamyhub.com/video/young-pornstar-gia-derzas-ass-hole-fucked-in-sexy-lingerie/</link>
		
		<dc:creator><![CDATA[yamyhub]]></dc:creator>
		<pubDate>Tue, 03 Aug 2021 11:32:24 +0000</pubDate>
				<guid isPermaLink="false">https://www.yamyhub.com/?post_type=video&#038;p=4117</guid>

					<description><![CDATA[<p>Young pornstar Gia Derza&#8217;s ass hole fucked in sexy lingerie VOGOV Pornstar Gia Derza anal porn video. Beauty pornstar love to fuck anal from her coach during training. Gia Derza want anal sex yamyhub. Young Gia Derza in sexy lingerie wanted to anal sex from big dick. Big dick penetrate in Gia derza&#8217;s ass. VOGOV [&#8230;]</p>
<p>The post <a rel="nofollow" href="https://www.yamyhub.com/video/young-pornstar-gia-derzas-ass-hole-fucked-in-sexy-lingerie/">Young pornstar Gia Derza&#8217;s ass hole fucked in sexy lingerie</a> appeared first on <a rel="nofollow" href="https://www.yamyhub.com">Yamyhub</a>.</p>
]]></description>
										<content:encoded><![CDATA[<h2>Young pornstar Gia Derza&#8217;s ass hole fucked in sexy lingerie</h2>
<p>VOGOV Pornstar Gia Derza anal porn video. Beauty pornstar love to fuck anal from her coach during training. Gia Derza want anal sex yamyhub. Young Gia Derza in sexy lingerie wanted to anal sex from big dick. Big dick penetrate in Gia derza&#8217;s ass. VOGOV Latest porn video with gia derza TXXX porn.</p>
<p>The post <a rel="nofollow" href="https://www.yamyhub.com/video/young-pornstar-gia-derzas-ass-hole-fucked-in-sexy-lingerie/">Young pornstar Gia Derza&#8217;s ass hole fucked in sexy lingerie</a> appeared first on <a rel="nofollow" href="https://www.yamyhub.com">Yamyhub</a>.</p>
]]></content:encoded>
					
		
		
			</item>
		<item>
		<title>Young lesbian fuck beautiful ass with strapon sex toys gia derza</title>
		<link>https://www.yamyhub.com/video/young-lesbian-fuck-beautiful-ass-with-strapon-sex-toys-gia-derza/</link>
		
		<dc:creator><![CDATA[yamyhub]]></dc:creator>
		<pubDate>Fri, 23 Jul 2021 14:05:26 +0000</pubDate>
				<guid isPermaLink="false">https://www.yamyhub.com/?post_type=video&#038;p=3808</guid>

					<description><![CDATA[<p>Young lesbian fuck beautiful ass with strapon sex toys gia derza Brazzers lesbian Gia derza strapon anal sex toys. Busty young lesbian fuck beautiful big ass with sex toys strapon. Anal dildo lesbian yamyhub. Brazzers latest porn videos. Brazzers sex toys dildo strapon anal porn video. Young lesbian latest porn videos. Big ass fuck from [&#8230;]</p>
<p>The post <a rel="nofollow" href="https://www.yamyhub.com/video/young-lesbian-fuck-beautiful-ass-with-strapon-sex-toys-gia-derza/">Young lesbian fuck beautiful ass with strapon sex toys gia derza</a> appeared first on <a rel="nofollow" href="https://www.yamyhub.com">Yamyhub</a>.</p>
]]></description>
										<content:encoded><![CDATA[<h2>Young lesbian fuck beautiful ass with strapon sex toys gia derza</h2>
<p>Brazzers lesbian Gia derza strapon anal sex toys. Busty young lesbian fuck beautiful big ass with sex toys strapon. Anal dildo lesbian yamyhub. Brazzers latest porn videos. Brazzers sex toys dildo strapon anal porn video. Young lesbian latest porn videos. Big ass fuck from strapon sex movies sex video. Spankbang porn video youporn videos.</p>
<p>The post <a rel="nofollow" href="https://www.yamyhub.com/video/young-lesbian-fuck-beautiful-ass-with-strapon-sex-toys-gia-derza/">Young lesbian fuck beautiful ass with strapon sex toys gia derza</a> appeared first on <a rel="nofollow" href="https://www.yamyhub.com">Yamyhub</a>.</p>
]]></content:encoded>
					
		
		
			</item>
	</channel>
</rss>
