<?xml version="1.0" encoding="UTF-8"?><rss version="2.0"
	xmlns:content="http://purl.org/rss/1.0/modules/content/"
	xmlns:wfw="http://wellformedweb.org/CommentAPI/"
	xmlns:dc="http://purl.org/dc/elements/1.1/"
	xmlns:atom="http://www.w3.org/2005/Atom"
	xmlns:sy="http://purl.org/rss/1.0/modules/syndication/"
	xmlns:slash="http://purl.org/rss/1.0/modules/slash/"
	>

<channel>
	<title>girlfriendsfilms &#8211; Yamyhub</title>
	<atom:link href="https://www.yamyhub.com/categories/girlfriendsfilms/feed/" rel="self" type="application/rss+xml" />
	<link>https://www.yamyhub.com</link>
	<description>Watch latest free HD Full length Porn video. Big ass, Big cock, MILF, Lesbian, Step sister and Step mother Porn videos. Yamyhub porn videos.</description>
	<lastBuildDate>Sat, 31 Jul 2021 06:46:47 +0000</lastBuildDate>
	<language>en-US</language>
	<sy:updatePeriod>
	hourly	</sy:updatePeriod>
	<sy:updateFrequency>
	1	</sy:updateFrequency>
	<generator>https://wordpress.org/?v=5.8</generator>

<image>
	<url>https://www.yamyhub.com/wp-content/uploads/2021/07/cropped-favicon-32x32.png</url>
	<title>girlfriendsfilms &#8211; Yamyhub</title>
	<link>https://www.yamyhub.com</link>
	<width>32</width>
	<height>32</height>
</image> 
	<item>
		<title>Girlfriend Gets lesbian Fingering Orgasm GirlfriendsFilms</title>
		<link>https://www.yamyhub.com/video/girlfriend-gets-lesbian-fingering-orgasm-scarlit-scandal-whitney-wright-girlfriendsfilms/</link>
		
		<dc:creator><![CDATA[yamyhub]]></dc:creator>
		<pubDate>Thu, 20 May 2021 16:18:21 +0000</pubDate>
				<guid isPermaLink="false">http://localhost/github/?post_type=video&#038;p=2962</guid>

					<description><![CDATA[<p>Girlfriend Gets lesbian Fingering Orgasm – Scarlit Scandal – Whitney Wright – GirlfriendsFilms girlfriend sex videos, Lesbian porn vdeos, Scarlit Scandal porn videos Scarlit Scandal lesbian, Girlfriend Gets lesbian Fingering Orgasm, Whitney Wright porn videos Whitney Wright lesbian, lesbian sex videos Scarlit Scandal, Whitney Wright, GirlfriendsFilms</p>
<p>The post <a rel="nofollow" href="https://www.yamyhub.com/video/girlfriend-gets-lesbian-fingering-orgasm-scarlit-scandal-whitney-wright-girlfriendsfilms/">Girlfriend Gets lesbian Fingering Orgasm GirlfriendsFilms</a> appeared first on <a rel="nofollow" href="https://www.yamyhub.com">Yamyhub</a>.</p>
]]></description>
										<content:encoded><![CDATA[<h3>Girlfriend Gets lesbian Fingering Orgasm – Scarlit Scandal – Whitney Wright – GirlfriendsFilms</h3>
<p>girlfriend sex videos, Lesbian porn vdeos, Scarlit Scandal porn videos</p>
<p>Scarlit Scandal lesbian, Girlfriend Gets lesbian Fingering Orgasm, Whitney Wright porn videos</p>
<p>Whitney Wright lesbian, lesbian sex videos</p>
<p>Scarlit Scandal, Whitney Wright, GirlfriendsFilms</p>
<p>The post <a rel="nofollow" href="https://www.yamyhub.com/video/girlfriend-gets-lesbian-fingering-orgasm-scarlit-scandal-whitney-wright-girlfriendsfilms/">Girlfriend Gets lesbian Fingering Orgasm GirlfriendsFilms</a> appeared first on <a rel="nofollow" href="https://www.yamyhub.com">Yamyhub</a>.</p>
]]></content:encoded>
					
		
		
			</item>
	</channel>
</rss>
