428c
<?xml version="1.0" encoding="UTF-8"?><rss version="2.0"
	xmlns:content="http://purl.org/rss/1.0/modules/content/"
	xmlns:wfw="http://wellformedweb.org/CommentAPI/"
	xmlns:dc="http://purl.org/dc/elements/1.1/"
	xmlns:atom="http://www.w3.org/2005/Atom"
	xmlns:sy="http://purl.org/rss/1.0/modules/syndication/"
	xmlns:slash="http://purl.org/rss/1.0/modules/slash/"
	>

<channel>
	<title>Familystrokes &#8211; Yamyhub</title>
	<atom:link href="https://www.yamyhub.com/categories/familystrokes/feed/" rel="self" type="application/rss+xml" />
	<link>https://www.yamyhub.com</link>
	<description>Watch latest free HD Full length Porn video. Big ass, Big cock, MILF, Lesbian, Step sister and Step mother Porn videos. Yamyhub porn videos.</description>
	<lastBuildDate>Sun, 11 Jul 2021 10:54:57 +0000</lastBuildDate>
	<language>en-US</language>
	<sy:updatePeriod>
	hourly	</sy:updatePeriod>
	<sy:updateFrequency>
	1	</sy:updateFrequency>
	<generator>https://wordpress.org/?v=5.7.2</generator>

<image>
	<url>https://www.yamyhub.com/wp-content/uploads/2021/06/favicon.png</url>
	<title>Familystrokes &#8211; Yamyhub</title>
	<link>https://www.yamyhub.com</link>
	<width>32</width>
	<height>32</height>
</image> 
	<item>
		<title>beautiful ant Yasmin scott fuck from big dick family stroke</title>
		<link>https://www.yamyhub.com/video/beautiful-ant-yasmin-scott-fuck-from-big-dick-family-stroke/</link>
		
		<dc:creator><![CDATA[yamyhub]]></dc:creator>
		<pubDate>Tue, 29 Jun 2021 06:01:44 +0000</pubDate>
				<guid isPermaLink="false">https://www.yamyhub.com/?post_type=video&#038;p=3498</guid>

					<description><![CDATA[<p>beautiful ant Yasmin scott fuck from big dick family stroke ant porn video family strokes ant porn video yasmin scott porn video yasmin scott ant porn yasmin scott latest fuck video yasmin scott family stroke porn videos big dick slut</p>
<p>The post <a rel="nofollow" href="https://www.yamyhub.com/video/beautiful-ant-yasmin-scott-fuck-from-big-dick-family-stroke/">beautiful ant Yasmin scott fuck from big dick family stroke</a> appeared first on <a rel="nofollow" href="https://www.yamyhub.com">Yamyhub</a>.</p>
]]></description>
										<content:encoded><![CDATA[<h2>beautiful ant Yasmin scott fuck from big dick family stroke</h2>
<p>ant porn video family strokes ant porn video yasmin scott porn video yasmin scott ant porn yasmin scott latest fuck video yasmin scott family stroke porn videos big dick slut</p>
<p>The post <a rel="nofollow" href="https://www.yamyhub.com/video/beautiful-ant-yasmin-scott-fuck-from-big-dick-family-stroke/">beautiful ant Yasmin scott fuck from big dick family stroke</a> appeared first on <a rel="nofollow" href="https://www.yamyhub.com">Yamyhub</a>.</p>
]]></content:encoded>
					
		
		
			</item>
		<item>
		<title>beautiful ant nicole aniston fucked by nephew dick family strokes</title>
		<link>https://www.yamyhub.com/video/beautiful-ant-nicole-aniston-fucked-by-nephew-dick-familystrokes/</link>
		
		<dc:creator><![CDATA[yamyhub]]></dc:creator>
		<pubDate>Tue, 29 Jun 2021 05:48:43 +0000</pubDate>
				<guid isPermaLink="false">https://www.yamyhub.com/?post_type=video&#038;p=3496</guid>

					<description><![CDATA[<p>beautiful ant nicole aniston fucked by nephew dick family strokes family strokes ant porn videos big dick porn video nephew fuck ant ant porn video nicole aniston porn video nicole aniston family stroke nicole aniston latest porn nicole aniston fuck by nephew threesome porn FFM porn &#160;</p>
<p>The post <a rel="nofollow" href="https://www.yamyhub.com/video/beautiful-ant-nicole-aniston-fucked-by-nephew-dick-familystrokes/">beautiful ant nicole aniston fucked by nephew dick family strokes</a> appeared first on <a rel="nofollow" href="https://www.yamyhub.com">Yamyhub</a>.</p>
]]></description>
										<content:encoded><![CDATA[<h2>beautiful ant nicole aniston fucked by nephew dick family strokes</h2>
<p>family strokes ant porn videos big dick porn video nephew fuck ant ant porn video nicole aniston porn video nicole aniston family stroke nicole aniston latest porn nicole aniston fuck by nephew threesome porn FFM porn</p>
<p>&nbsp;</p>
<p>The post <a rel="nofollow" href="https://www.yamyhub.com/video/beautiful-ant-nicole-aniston-fucked-by-nephew-dick-familystrokes/">beautiful ant nicole aniston fucked by nephew dick family strokes</a> appeared first on <a rel="nofollow" href="https://www.yamyhub.com">Yamyhub</a>.</p>
]]></content:encoded>
					
		
		
			</item>
		<item>
		<title>Family strokes stepsister take brother black cock</title>
		<link>https://www.yamyhub.com/video/family-strokes-stepsister-take-brother-black-cock/</link>
		
		<dc:creator><![CDATA[yamyhub]]></dc:creator>
		<pubDate>Tue, 29 Jun 2021 05:37:13 +0000</pubDate>
				<guid isPermaLink="false">https://www.yamyhub.com/?post_type=video&#038;p=3494</guid>

					<description><![CDATA[<p>Family strokes stepsister take brother black cock black women porn video black cock porn big cock big dick ass big ass fuck stepsister porn stepsister porn video fuck by brother cock black cock porn video stepsister take black cock.</p>
<p>The post <a rel="nofollow" href="https://www.yamyhub.com/video/family-strokes-stepsister-take-brother-black-cock/">Family strokes stepsister take brother black cock</a> appeared first on <a rel="nofollow" href="https://www.yamyhub.com">Yamyhub</a>.</p>
]]></description>
										<content:encoded><![CDATA[<h2>Family strokes stepsister take brother black cock</h2>
<p>black women porn video black cock porn big cock big dick ass big ass fuck stepsister porn stepsister porn video fuck by brother cock black cock porn video stepsister take black cock.</p>
<p>The post <a rel="nofollow" href="https://www.yamyhub.com/video/family-strokes-stepsister-take-brother-black-cock/">Family strokes stepsister take brother black cock</a> appeared first on <a rel="nofollow" href="https://www.yamyhub.com">Yamyhub</a>.</p>
]]></content:encoded>
					
		
		
			</item>
		<item>
		<title>Teen stepsister takes brother big cock family strokes</title>
		<link>https://www.yamyhub.com/video/teen-stepsister-takes-brother-big-cock-family-strokes/</link>
		
		<dc:creator><![CDATA[yamyhub]]></dc:creator>
		<pubDate>Tue, 29 Jun 2021 04:21:10 +0000</pubDate>
				<guid isPermaLink="false">https://www.yamyhub.com/?post_type=video&#038;p=3488</guid>

					<description><![CDATA[<p>Teen stepsister takes brother big cock family strokes stepsister porn video family strokes porn video big cock porn video family strokes porn video stepsister porn video big cock porn video teen family strokes porn videos.</p>
<p>The post <a rel="nofollow" href="https://www.yamyhub.com/video/teen-stepsister-takes-brother-big-cock-family-strokes/">Teen stepsister takes brother big cock family strokes</a> appeared first on <a rel="nofollow" href="https://www.yamyhub.com">Yamyhub</a>.</p>
]]></description>
										<content:encoded><![CDATA[<h2>Teen stepsister takes brother big cock family strokes</h2>
<p>stepsister porn video family strokes porn video big cock porn video family strokes porn video stepsister porn video big cock porn video teen family strokes porn videos.</p>
<p>The post <a rel="nofollow" href="https://www.yamyhub.com/video/teen-stepsister-takes-brother-big-cock-family-strokes/">Teen stepsister takes brother big cock family strokes</a> appeared first on <a rel="nofollow" href="https://www.yamyhub.com">Yamyhub</a>.</p>
]]></content:encoded>
					
		
		
			</item>
		<item>
		<title>Beautiful stepmom Brooke Banner Take son cock family strokes</title>
		<link>https://www.yamyhub.com/video/beautiful-stepmom-brooke-banner-take-son-cock-family-strokes/</link>
		
		<dc:creator><![CDATA[yamyhub]]></dc:creator>
		<pubDate>Mon, 28 Jun 2021 11:04:57 +0000</pubDate>
				<guid isPermaLink="false">https://www.yamyhub.com/?post_type=video&#038;p=3484</guid>

					<description><![CDATA[<p>Beautiful stepmom Brooke Banner Take son cock family strokes stepmom porn video latest family strokes porn video big ass big tits huge tits porn video family strokes porn video latest family strokes stepmom porn video step mom porn videos Brooke Banner porn video Brooke Banner latest porn videos.</p>
<p>The post <a rel="nofollow" href="https://www.yamyhub.com/video/beautiful-stepmom-brooke-banner-take-son-cock-family-strokes/">Beautiful stepmom Brooke Banner Take son cock family strokes</a> appeared first on <a rel="nofollow" href="https://www.yamyhub.com">Yamyhub</a>.</p>
]]></description>
										<content:encoded><![CDATA[<h2>Beautiful stepmom Brooke Banner Take son cock family strokes</h2>
<p>stepmom porn video latest family strokes porn video big ass big tits huge tits porn video family strokes porn video latest family strokes stepmom porn video step mom porn videos Brooke Banner porn video Brooke Banner latest porn videos.</p>
<p>The post <a rel="nofollow" href="https://www.yamyhub.com/video/beautiful-stepmom-brooke-banner-take-son-cock-family-strokes/">Beautiful stepmom Brooke Banner Take son cock family strokes</a> appeared first on <a rel="nofollow" href="https://www.yamyhub.com">Yamyhub</a>.</p>
]]></content:encoded>
					
		
		
			</item>
		<item>
		<title>stepdaughter Chloe Scott Fuck from Dad big cock family stroke</title>
		<link>https://www.yamyhub.com/video/stepdaughter-chloe-scott-fuck-from-dad-big-cock-family-stroke/</link>
		
		<dc:creator><![CDATA[yamyhub]]></dc:creator>
		<pubDate>Sun, 27 Jun 2021 03:17:10 +0000</pubDate>
				<guid isPermaLink="false">https://www.yamyhub.com/?post_type=video&#038;p=3481</guid>

					<description><![CDATA[<p>stepdaughter Chloe Scott Fuck from Dad big cock family stroke family stroke porn video family stroke step daughter porn video chloe scott family stroke porn chloe scott fuck from dad chloe scott porn video big dick porn video stepdaughter porn video.</p>
<p>The post <a rel="nofollow" href="https://www.yamyhub.com/video/stepdaughter-chloe-scott-fuck-from-dad-big-cock-family-stroke/">stepdaughter Chloe Scott Fuck from Dad big cock family stroke</a> appeared first on <a rel="nofollow" href="https://www.yamyhub.com">Yamyhub</a>.</p>
]]></description>
										<content:encoded><![CDATA[<h2>stepdaughter Chloe Scott Fuck from Dad big cock family stroke</h2>
<p>family stroke porn video family stroke step daughter porn video chloe scott family stroke porn chloe scott fuck from dad chloe scott porn video big dick porn video stepdaughter porn video.</p>
<p>The post <a rel="nofollow" href="https://www.yamyhub.com/video/stepdaughter-chloe-scott-fuck-from-dad-big-cock-family-stroke/">stepdaughter Chloe Scott Fuck from Dad big cock family stroke</a> appeared first on <a rel="nofollow" href="https://www.yamyhub.com">Yamyhub</a>.</p>
]]></content:encoded>
					
		
		
			</item>
		<item>
		<title>Small tits stepsister get big cock from brother family strokes</title>
		<link>https://www.yamyhub.com/video/small-tits-stepsister-get-big-cock-from-brother-family-strokes/</link>
		
		<dc:creator><![CDATA[yamyhub]]></dc:creator>
		<pubDate>Sat, 26 Jun 2021 11:36:19 +0000</pubDate>
				<guid isPermaLink="false">https://www.yamyhub.com/?post_type=video&#038;p=3478</guid>

					<description><![CDATA[<p>Small tits stepsister get big cock from brother family strokes small tits big ass big butt stepsister porn videos stepsister get big cock from brother family strokes family strokes porn video</p>
<p>The post <a rel="nofollow" href="https://www.yamyhub.com/video/small-tits-stepsister-get-big-cock-from-brother-family-strokes/">Small tits stepsister get big cock from brother family strokes</a> appeared first on <a rel="nofollow" href="https://www.yamyhub.com">Yamyhub</a>.</p>
]]></description>
										<content:encoded><![CDATA[<h2>Small tits stepsister get big cock from brother family strokes</h2>
<p>small tits big ass big butt stepsister porn videos stepsister get big cock from brother family strokes family strokes porn video</p>
<p>The post <a rel="nofollow" href="https://www.yamyhub.com/video/small-tits-stepsister-get-big-cock-from-brother-family-strokes/">Small tits stepsister get big cock from brother family strokes</a> appeared first on <a rel="nofollow" href="https://www.yamyhub.com">Yamyhub</a>.</p>
]]></content:encoded>
					
		
		
			</item>
		<item>
		<title>Small tits teen stepsister paola hard Family stroke with brother</title>
		<link>https://www.yamyhub.com/video/small-tits-teen-stepsister-paola-hard-family-stroke-with-brother/</link>
		
		<dc:creator><![CDATA[yamyhub]]></dc:creator>
		<pubDate>Sat, 26 Jun 2021 11:06:37 +0000</pubDate>
				<guid isPermaLink="false">https://www.yamyhub.com/?post_type=video&#038;p=3476</guid>

					<description><![CDATA[<p>Small tits teen stepsister paola hard Family stroke with brother Big black cock big ass big butt small tits porn video paola hard family stroke paola hard porn video paola hard fuck from brother step sister porn video step sister fuck from brother bbc small tits</p>
<p>The post <a rel="nofollow" href="https://www.yamyhub.com/video/small-tits-teen-stepsister-paola-hard-family-stroke-with-brother/">Small tits teen stepsister paola hard Family stroke with brother</a> appeared first on <a rel="nofollow" href="https://www.yamyhub.com">Yamyhub</a>.</p>
]]></description>
										<content:encoded><![CDATA[<h2>Small tits teen stepsister paola hard Family stroke with brother</h2>
<p>Big black cock big ass big butt small tits porn video paola hard family stroke paola hard porn video paola hard fuck from brother step sister porn video step sister fuck from brother bbc small tits</p>
<p>The post <a rel="nofollow" href="https://www.yamyhub.com/video/small-tits-teen-stepsister-paola-hard-family-stroke-with-brother/">Small tits teen stepsister paola hard Family stroke with brother</a> appeared first on <a rel="nofollow" href="https://www.yamyhub.com">Yamyhub</a>.</p>
]]></content:encoded>
					
		
		
			</item>
		<item>
		<title>stepmom &#038; stepsister Fucked by son and dad Familystrokes</title>
		<link>https://www.yamyhub.com/video/stepmom-stepsister-fucked-by-son-and-dad-familystrokes/</link>
		
		<dc:creator><![CDATA[yamyhub]]></dc:creator>
		<pubDate>Fri, 25 Jun 2021 12:57:38 +0000</pubDate>
				<guid isPermaLink="false">https://www.yamyhub.com/?post_type=video&#038;p=3473</guid>

					<description><![CDATA[<p>stepmom &#38; stepsister Fucked by son and dad Family strokes Family strokes porn video big ass MILF porn videos big tits MILF porn stepsister porn videos stepmom porn videos MILF hardcore porn videos.</p>
<p>The post <a rel="nofollow" href="https://www.yamyhub.com/video/stepmom-stepsister-fucked-by-son-and-dad-familystrokes/">stepmom &#038; stepsister Fucked by son and dad Familystrokes</a> appeared first on <a rel="nofollow" href="https://www.yamyhub.com">Yamyhub</a>.</p>
]]></description>
										<content:encoded><![CDATA[<h1>stepmom &amp; stepsister Fucked by son and dad Family strokes</h1>
<p>Family strokes porn video big ass MILF porn videos big tits MILF porn stepsister porn videos stepmom porn videos MILF hardcore porn videos.</p>
<p>The post <a rel="nofollow" href="https://www.yamyhub.com/video/stepmom-stepsister-fucked-by-son-and-dad-familystrokes/">stepmom &#038; stepsister Fucked by son and dad Familystrokes</a> appeared first on <a rel="nofollow" href="https://www.yamyhub.com">Yamyhub</a>.</p>
]]></content:encoded>
					
		
		
			</item>
		<item>
		<title>Stepsister michelle anderson help from brother familystrokes</title>
		<link>https://www.yamyhub.com/video/stepsister-michelle-anderson-help-from-brother-familystrokes/</link>
		
		<dc:creator><![CDATA[yamyhub]]></dc:creator>
		<pubDate>Fri, 25 Jun 2021 12:38:06 +0000</pubDate>
				<guid isPermaLink="false">https://www.yamyhub.com/?post_type=video&#038;p=3471</guid>

					<description><![CDATA[<p>Stepsister michelle anderson help from brother family strokes Stepsister porn video Stepsister fuck from brother stepsister michelle anderson porn michelle anderson porn video michelle anderson fuck from brother big butt big tits michelle anderson.</p>
<p>The post <a rel="nofollow" href="https://www.yamyhub.com/video/stepsister-michelle-anderson-help-from-brother-familystrokes/">Stepsister michelle anderson help from brother familystrokes</a> appeared first on <a rel="nofollow" href="https://www.yamyhub.com">Yamyhub</a>.</p>
]]></description>
										<content:encoded><![CDATA[<h1>Stepsister michelle anderson help from brother family strokes</h1>
<p>Stepsister porn video Stepsister fuck from brother stepsister michelle anderson porn michelle anderson porn video michelle anderson fuck from brother big butt big tits michelle anderson.</p>
<p>The post <a rel="nofollow" href="https://www.yamyhub.com/video/stepsister-michelle-anderson-help-from-brother-familystrokes/">Stepsister michelle anderson help from brother familystrokes</a> appeared first on <a rel="nofollow" href="https://www.yamyhub.com">Yamyhub</a>.</p>
]]></content:encoded>
					
		
		
			</item>
	</channel>
</rss>

0

