<?xml version="1.0" encoding="UTF-8"?><rss version="2.0"
	xmlns:content="http://purl.org/rss/1.0/modules/content/"
	xmlns:wfw="http://wellformedweb.org/CommentAPI/"
	xmlns:dc="http://purl.org/dc/elements/1.1/"
	xmlns:atom="http://www.w3.org/2005/Atom"
	xmlns:sy="http://purl.org/rss/1.0/modules/syndication/"
	xmlns:slash="http://purl.org/rss/1.0/modules/slash/"
	>

<channel>
	<title>michelle anderson &#8211; Yamyhub</title>
	<atom:link href="https://adult.yamyhub.com/categories/michelle-anderson/feed/" rel="self" type="application/rss+xml" />
	<link>https://adult.yamyhub.com</link>
	<description>Watch latest free HD Full length Porn video. Big ass, Big cock, MILF, Lesbian, Step sister and Step mother Porn videos. Yamyhub porn videos.</description>
	<lastBuildDate>Fri, 25 Jun 2021 12:40:26 +0000</lastBuildDate>
	<language>en-US</language>
	<sy:updatePeriod>
	hourly	</sy:updatePeriod>
	<sy:updateFrequency>
	1	</sy:updateFrequency>
	<generator>https://wordpress.org/?v=5.7.2</generator>

<image>
	<url>https://adult.yamyhub.com/wp-content/uploads/2021/06/favicon.png</url>
	<title>michelle anderson &#8211; Yamyhub</title>
	<link>https://adult.yamyhub.com</link>
	<width>32</width>
	<height>32</height>
</image> 
	<item>
		<title>Stepsister michelle anderson help from brother familystrokes</title>
		<link>https://adult.yamyhub.com/video/stepsister-michelle-anderson-help-from-brother-familystrokes/</link>
		
		<dc:creator><![CDATA[yamyhub]]></dc:creator>
		<pubDate>Fri, 25 Jun 2021 12:38:06 +0000</pubDate>
				<guid isPermaLink="false">https://adult.yamyhub.com/?post_type=video&#038;p=3471</guid>

					<description><![CDATA[<p>Stepsister michelle anderson help from brother family strokes Stepsister porn video Stepsister fuck from brother stepsister michelle anderson porn michelle anderson porn video michelle anderson fuck from brother big butt big tits michelle anderson.</p>
<p>The post <a rel="nofollow" href="https://adult.yamyhub.com/video/stepsister-michelle-anderson-help-from-brother-familystrokes/">Stepsister michelle anderson help from brother familystrokes</a> appeared first on <a rel="nofollow" href="https://adult.yamyhub.com">Yamyhub</a>.</p>
]]></description>
										<content:encoded><![CDATA[<h1>Stepsister michelle anderson help from brother family strokes</h1>
<p>Stepsister porn video Stepsister fuck from brother stepsister michelle anderson porn michelle anderson porn video michelle anderson fuck from brother big butt big tits michelle anderson.</p>
<p>The post <a rel="nofollow" href="https://adult.yamyhub.com/video/stepsister-michelle-anderson-help-from-brother-familystrokes/">Stepsister michelle anderson help from brother familystrokes</a> appeared first on <a rel="nofollow" href="https://adult.yamyhub.com">Yamyhub</a>.</p>
]]></content:encoded>
					
		
		
			</item>
	</channel>
</rss>
