<?xml version="1.0" encoding="UTF-8"?><rss version="2.0"
	xmlns:content="http://purl.org/rss/1.0/modules/content/"
	xmlns:wfw="http://wellformedweb.org/CommentAPI/"
	xmlns:dc="http://purl.org/dc/elements/1.1/"
	xmlns:atom="http://www.w3.org/2005/Atom"
	xmlns:sy="http://purl.org/rss/1.0/modules/syndication/"
	xmlns:slash="http://purl.org/rss/1.0/modules/slash/"
	>

<channel>
	<title>Blacked &#8211; Yamyhub</title>
	<atom:link href="https://adult.yamyhub.com/categories/blacked/feed/" rel="self" type="application/rss+xml" />
	<link>https://adult.yamyhub.com</link>
	<description>Watch latest free HD Full length Porn video. Big ass, Big cock, MILF, Lesbian, Step sister and Step mother Porn videos. Yamyhub porn videos.</description>
	<lastBuildDate>Sat, 19 Jun 2021 03:58:39 +0000</lastBuildDate>
	<language>en-US</language>
	<sy:updatePeriod>
	hourly	</sy:updatePeriod>
	<sy:updateFrequency>
	1	</sy:updateFrequency>
	<generator>https://wordpress.org/?v=5.7.2</generator>

<image>
	<url>https://adult.yamyhub.com/wp-content/uploads/2021/06/favicon.png</url>
	<title>Blacked &#8211; Yamyhub</title>
	<link>https://adult.yamyhub.com</link>
	<width>32</width>
	<height>32</height>
</image> 
	<item>
		<title>Leah Gotti &#038; Lana Rhoades Fucked Interracial Gangbang Blacked</title>
		<link>https://adult.yamyhub.com/video/leah-gotti-lana-rhoades-fucked-interracial-gangbang-blacked/</link>
		
		<dc:creator><![CDATA[yamyhub]]></dc:creator>
		<pubDate>Mon, 14 Jun 2021 06:23:30 +0000</pubDate>
				<guid isPermaLink="false">https://adult.yamyhub.com/?post_type=video&#038;p=3325</guid>

					<description><![CDATA[<p>Leah Gotti &#38; Lana Rhoades Fucked Interracial Gangbang Blacked Watch HD full length Lana rhoades and leah gotti Fucked interical by big monster black cocks. blacked foursome porn videos. big ass leah gotti porn videos. lana rhoades porn videos. big boobs porn. big ass porn.</p>
<p>The post <a rel="nofollow" href="https://adult.yamyhub.com/video/leah-gotti-lana-rhoades-fucked-interracial-gangbang-blacked/">Leah Gotti &#038; Lana Rhoades Fucked Interracial Gangbang Blacked</a> appeared first on <a rel="nofollow" href="https://adult.yamyhub.com">Yamyhub</a>.</p>
]]></description>
										<content:encoded><![CDATA[<h2>Leah Gotti &amp; Lana Rhoades Fucked Interracial Gangbang Blacked</h2>
<p>Watch HD full length Lana rhoades and leah gotti Fucked interical by big monster black cocks. blacked foursome porn videos.</p>
<p>big ass leah gotti porn videos. lana rhoades porn videos. big boobs porn. big ass porn.</p>
<p>The post <a rel="nofollow" href="https://adult.yamyhub.com/video/leah-gotti-lana-rhoades-fucked-interracial-gangbang-blacked/">Leah Gotti &#038; Lana Rhoades Fucked Interracial Gangbang Blacked</a> appeared first on <a rel="nofollow" href="https://adult.yamyhub.com">Yamyhub</a>.</p>
]]></content:encoded>
					
		
		
			</item>
	</channel>
</rss>
