<?xml version="1.0" encoding="UTF-8"?><rss version="2.0"
	xmlns:content="http://purl.org/rss/1.0/modules/content/"
	xmlns:wfw="http://wellformedweb.org/CommentAPI/"
	xmlns:dc="http://purl.org/dc/elements/1.1/"
	xmlns:atom="http://www.w3.org/2005/Atom"
	xmlns:sy="http://purl.org/rss/1.0/modules/syndication/"
	xmlns:slash="http://purl.org/rss/1.0/modules/slash/"
	>

<channel>
	<title>Isabella Clark &#8211; Yamyhub</title>
	<atom:link href="https://www.yamyhub.com/categories/isabella-clark/feed/" rel="self" type="application/rss+xml" />
	<link>https://www.yamyhub.com</link>
	<description>Watch latest free HD Full length Porn video. Big ass, Big cock, MILF, Lesbian, Step sister and Step mother Porn videos. Yamyhub porn videos.</description>
	<lastBuildDate>Sat, 31 Jul 2021 06:45:43 +0000</lastBuildDate>
	<language>en-US</language>
	<sy:updatePeriod>
	hourly	</sy:updatePeriod>
	<sy:updateFrequency>
	1	</sy:updateFrequency>
	<generator>https://wordpress.org/?v=5.8</generator>

<image>
	<url>https://www.yamyhub.com/wp-content/uploads/2021/07/cropped-favicon-32x32.png</url>
	<title>Isabella Clark &#8211; Yamyhub</title>
	<link>https://www.yamyhub.com</link>
	<width>32</width>
	<height>32</height>
</image> 
	<item>
		<title>Big butt sluts Isabella Clark &#038; Proxy Paige in ass fisting</title>
		<link>https://www.yamyhub.com/video/big-butt-sluts-isabella-clark-proxy-page-in-ass-fisting/</link>
		
		<dc:creator><![CDATA[yamyhub]]></dc:creator>
		<pubDate>Mon, 24 May 2021 12:26:56 +0000</pubDate>
				<guid isPermaLink="false">http://localhost/github/?post_type=video&#038;p=2993</guid>

					<description><![CDATA[<p>Big butt sluts Isabella Clark &#38; Proxy Paige in ass fisting legalporno porn videos, analvids porn, gonzo porn. Isabella Clark porn videos, proxy paige porn. dp dap anal porn yanick shaft blonde porn isabella clark blowjob porn gapes porn proxy paige deep throat porn  porn big butt porn babe big tits porn curvy porn cristian [&#8230;]</p>
<p>The post <a rel="nofollow" href="https://www.yamyhub.com/video/big-butt-sluts-isabella-clark-proxy-page-in-ass-fisting/">Big butt sluts Isabella Clark &#038; Proxy Paige in ass fisting</a> appeared first on <a rel="nofollow" href="https://www.yamyhub.com">Yamyhub</a>.</p>
]]></description>
										<content:encoded><![CDATA[<h2>Big butt sluts Isabella Clark &amp; Proxy Paige in ass fisting</h2>
<p>legalporno porn videos, analvids porn, gonzo porn.</p>
<p>Isabella Clark porn videos, proxy paige porn.</p>
<p>dp dap anal porn yanick shaft blonde porn isabella clark blowjob porn gapes porn proxy paige deep throat porn  porn big butt porn babe big tits porn curvy porn cristian clay gangbang porn legal porno</p>
<p>The post <a rel="nofollow" href="https://www.yamyhub.com/video/big-butt-sluts-isabella-clark-proxy-page-in-ass-fisting/">Big butt sluts Isabella Clark &#038; Proxy Paige in ass fisting</a> appeared first on <a rel="nofollow" href="https://www.yamyhub.com">Yamyhub</a>.</p>
]]></content:encoded>
					
		
		
			</item>
	</channel>
</rss>
