<?xml version="1.0" encoding="UTF-8"?><rss version="2.0"
	xmlns:content="http://purl.org/rss/1.0/modules/content/"
	xmlns:wfw="http://wellformedweb.org/CommentAPI/"
	xmlns:dc="http://purl.org/dc/elements/1.1/"
	xmlns:atom="http://www.w3.org/2005/Atom"
	xmlns:sy="http://purl.org/rss/1.0/modules/syndication/"
	xmlns:slash="http://purl.org/rss/1.0/modules/slash/"
	>

<channel>
	<title>BLACKEDRAW &#8211; Yamyhub</title>
	<atom:link href="https://www.yamyhub.com/categories/blackedraw/feed/" rel="self" type="application/rss+xml" />
	<link>https://www.yamyhub.com</link>
	<description>Watch latest free HD Full length Porn video. Big ass, Big cock, MILF, Lesbian, Step sister and Step mother Porn videos. Yamyhub porn videos.</description>
	<lastBuildDate>Tue, 10 Aug 2021 11:18:15 +0000</lastBuildDate>
	<language>en-US</language>
	<sy:updatePeriod>
	hourly	</sy:updatePeriod>
	<sy:updateFrequency>
	1	</sy:updateFrequency>
	<generator>https://wordpress.org/?v=5.8</generator>

<image>
	<url>https://www.yamyhub.com/wp-content/uploads/2021/07/cropped-favicon-32x32.png</url>
	<title>BLACKEDRAW &#8211; Yamyhub</title>
	<link>https://www.yamyhub.com</link>
	<width>32</width>
	<height>32</height>
</image> 
	<item>
		<title>Blacked Raw sexy Adria rae gets spit roasted by 3 BBCs</title>
		<link>https://www.yamyhub.com/video/blacked-raw-sexy-adria-rae-gets-spit-roasted-by-3-bbcs/</link>
		
		<dc:creator><![CDATA[yamyhub]]></dc:creator>
		<pubDate>Fri, 30 Jul 2021 05:58:04 +0000</pubDate>
				<guid isPermaLink="false">https://www.yamyhub.com/?post_type=video&#038;p=3967</guid>

					<description><![CDATA[<p>Blacked Raw sexy Adria rae gets spit roasted by 3 BBCs BLACKEDRAW Porn stars Rob Piper &#38; Adria Rae Porn video. Sexy young Adria Rae want double penetration from 3 BBCs. Black cock porn yamyhub. Adria rae wanted one black cock not excepted three black cock. Adria rae fuck double penetration from Black cock. Foursome [&#8230;]</p>
<p>The post <a rel="nofollow" href="https://www.yamyhub.com/video/blacked-raw-sexy-adria-rae-gets-spit-roasted-by-3-bbcs/">Blacked Raw sexy Adria rae gets spit roasted by 3 BBCs</a> appeared first on <a rel="nofollow" href="https://www.yamyhub.com">Yamyhub</a>.</p>
]]></description>
										<content:encoded><![CDATA[<h2>Blacked Raw sexy Adria rae gets spit roasted by 3 BBCs</h2>
<p>BLACKEDRAW Porn stars Rob Piper &amp; Adria Rae Porn video. Sexy young Adria Rae want double penetration from 3 BBCs. Black cock porn yamyhub. Adria rae wanted one black cock not excepted three black cock. Adria rae fuck double penetration from Black cock. Foursome porn videos. Group sex with three black cock and ass. Blacked Raw porn pornhub video eporner.</p>
<p>The post <a rel="nofollow" href="https://www.yamyhub.com/video/blacked-raw-sexy-adria-rae-gets-spit-roasted-by-3-bbcs/">Blacked Raw sexy Adria rae gets spit roasted by 3 BBCs</a> appeared first on <a rel="nofollow" href="https://www.yamyhub.com">Yamyhub</a>.</p>
]]></content:encoded>
					
		
		
			</item>
		<item>
		<title>Biggest BBC Fuck Abigail Mac&#8217;s Boobs &#038; ass  BLACKEDRAW</title>
		<link>https://www.yamyhub.com/video/biggest-bbc-fuck-abigail-macs-boobs-ass-blackedraw/</link>
		
		<dc:creator><![CDATA[yamyhub]]></dc:creator>
		<pubDate>Wed, 09 Jun 2021 03:48:47 +0000</pubDate>
				<guid isPermaLink="false">https://www.yamyhub.com/?post_type=video&#038;p=3214</guid>

					<description><![CDATA[<p>Biggest BBC Fuck Abigail Mac&#8217;s Boobs &#38; ass BLACKEDRAW Big Dick   Interracial Pornstar Hardcore Missionary Cowgirl Big Tits Brunette HD Porn Pussy Licking, Blackedraw Big Boobs Rimming Tit Wank Doggystyle Bbc Big Dick Big Cock    Facial Hairy Pussy Riding Reverse Prone Bone  Pussy Licking. BLACKEDRAW Porn video.</p>
<p>The post <a rel="nofollow" href="https://www.yamyhub.com/video/biggest-bbc-fuck-abigail-macs-boobs-ass-blackedraw/">Biggest BBC Fuck Abigail Mac&#8217;s Boobs &#038; ass  BLACKEDRAW</a> appeared first on <a rel="nofollow" href="https://www.yamyhub.com">Yamyhub</a>.</p>
]]></description>
										<content:encoded><![CDATA[<h1>Biggest BBC Fuck Abigail Mac&#8217;s Boobs &amp; ass BLACKEDRAW</h1>
<p>Big Dick   Interracial Pornstar Hardcore Missionary Cowgirl Big Tits Brunette HD Porn Pussy Licking, Blackedraw Big Boobs Rimming Tit Wank Doggystyle Bbc Big Dick Big Cock    Facial Hairy Pussy Riding Reverse Prone Bone  Pussy Licking.</p>
<p>BLACKEDRAW Porn video.</p>
<p>The post <a rel="nofollow" href="https://www.yamyhub.com/video/biggest-bbc-fuck-abigail-macs-boobs-ass-blackedraw/">Biggest BBC Fuck Abigail Mac&#8217;s Boobs &#038; ass  BLACKEDRAW</a> appeared first on <a rel="nofollow" href="https://www.yamyhub.com">Yamyhub</a>.</p>
]]></content:encoded>
					
		
		
			</item>
	</channel>
</rss>
