<?xml version="1.0" encoding="UTF-8"?><rss version="2.0"
	xmlns:content="http://purl.org/rss/1.0/modules/content/"
	xmlns:wfw="http://wellformedweb.org/CommentAPI/"
	xmlns:dc="http://purl.org/dc/elements/1.1/"
	xmlns:atom="http://www.w3.org/2005/Atom"
	xmlns:sy="http://purl.org/rss/1.0/modules/syndication/"
	xmlns:slash="http://purl.org/rss/1.0/modules/slash/"
	>

<channel>
	<title>Damon Dice &#8211; Yamyhub</title>
	<atom:link href="https://adult.yamyhub.com/categories/damon-dice/feed/" rel="self" type="application/rss+xml" />
	<link>https://adult.yamyhub.com</link>
	<description>Watch latest free HD Full length Porn video. Big ass, Big cock, MILF, Lesbian, Step sister and Step mother Porn videos. Yamyhub porn videos.</description>
	<lastBuildDate>Wed, 16 Jun 2021 04:30:10 +0000</lastBuildDate>
	<language>en-US</language>
	<sy:updatePeriod>
	hourly	</sy:updatePeriod>
	<sy:updateFrequency>
	1	</sy:updateFrequency>
	<generator>https://wordpress.org/?v=5.7.2</generator>

<image>
	<url>https://adult.yamyhub.com/wp-content/uploads/2021/06/favicon.png</url>
	<title>Damon Dice &#8211; Yamyhub</title>
	<link>https://adult.yamyhub.com</link>
	<width>32</width>
	<height>32</height>
</image> 
	<item>
		<title>BANGBROS &#8211;  Big Fat ass Porno Alexis Texas, Damon Dice</title>
		<link>https://adult.yamyhub.com/video/bangbros-big-fat-ass-porno-alexis-texas-damon-dice/</link>
		
		<dc:creator><![CDATA[yamyhub]]></dc:creator>
		<pubDate>Fri, 14 May 2021 17:27:04 +0000</pubDate>
				<guid isPermaLink="false">http://localhost/github/?post_type=video&#038;p=2861</guid>

					<description><![CDATA[<p>BANGBROS &#8211; Big Fat ass, Porno Alexis Texas is for You &#8211; Damon Dice Babe Big Ass porn videos Blowjob Blonde pornstar MILF POV Pornstar POV HD Porn Hardcore Bang Big Ass Pawg Booty Ass, Blonde Ass Parade Assparade, Small Tits Big Big Butt</p>
<p>The post <a rel="nofollow" href="https://adult.yamyhub.com/video/bangbros-big-fat-ass-porno-alexis-texas-damon-dice/">BANGBROS &#8211;  Big Fat ass Porno Alexis Texas, Damon Dice</a> appeared first on <a rel="nofollow" href="https://adult.yamyhub.com">Yamyhub</a>.</p>
]]></description>
										<content:encoded><![CDATA[<p>BANGBROS &#8211; Big Fat ass, Porno Alexis Texas is for You &#8211; Damon Dice</p>
<p>Babe Big Ass porn videos Blowjob Blonde pornstar</p>
<p>MILF POV Pornstar POV HD Porn Hardcore</p>
<p>Bang Big Ass Pawg Booty Ass, Blonde</p>
<p>Ass Parade Assparade, Small Tits Big Big Butt</p>
<p>The post <a rel="nofollow" href="https://adult.yamyhub.com/video/bangbros-big-fat-ass-porno-alexis-texas-damon-dice/">BANGBROS &#8211;  Big Fat ass Porno Alexis Texas, Damon Dice</a> appeared first on <a rel="nofollow" href="https://adult.yamyhub.com">Yamyhub</a>.</p>
]]></content:encoded>
					
		
		
			</item>
	</channel>
</rss>
