<?xml version="1.0" encoding="UTF-8"?><rss version="2.0"
	xmlns:content="http://purl.org/rss/1.0/modules/content/"
	xmlns:wfw="http://wellformedweb.org/CommentAPI/"
	xmlns:dc="http://purl.org/dc/elements/1.1/"
	xmlns:atom="http://www.w3.org/2005/Atom"
	xmlns:sy="http://purl.org/rss/1.0/modules/syndication/"
	xmlns:slash="http://purl.org/rss/1.0/modules/slash/"
	>

<channel>
	<title>Charles Dera &#8211; Yamyhub</title>
	<atom:link href="https://www.yamyhub.com/categories/charles-dera/feed/" rel="self" type="application/rss+xml" />
	<link>https://www.yamyhub.com</link>
	<description>Watch latest free HD Full length Porn video. Big ass, Big cock, MILF, Lesbian, Step sister and Step mother Porn videos. Yamyhub porn videos.</description>
	<lastBuildDate>Fri, 16 Jul 2021 03:58:31 +0000</lastBuildDate>
	<language>en-US</language>
	<sy:updatePeriod>
	hourly	</sy:updatePeriod>
	<sy:updateFrequency>
	1	</sy:updateFrequency>
	<generator>https://wordpress.org/?v=5.7.2</generator>

<image>
	<url>https://www.yamyhub.com/wp-content/uploads/2021/06/favicon.png</url>
	<title>Charles Dera &#8211; Yamyhub</title>
	<link>https://www.yamyhub.com</link>
	<width>32</width>
	<height>32</height>
</image> 
	<item>
		<title>Skinny young bitch Emily Willis has sex with boyfriend&#8217;s father</title>
		<link>https://www.yamyhub.com/video/skinny-young-bitch-emily-willis-has-sex-with-boyfriends-father/</link>
		
		<dc:creator><![CDATA[yamyhub]]></dc:creator>
		<pubDate>Sun, 11 Jul 2021 09:58:04 +0000</pubDate>
				<guid isPermaLink="false">https://www.yamyhub.com/?post_type=video&#038;p=3587</guid>

					<description><![CDATA[<p>Skinny young bitch Emily Willis has sex with boyfriend&#8217;s father Bangbros family porn video Skinny young bitch teen Emily willis has sex with her boyfriend father family porn video yamyhub bangbros porn video latest family bangbros porn video Emily willis porn video Emily willis sex with her boyfrind&#8217; father father fuck her daughter fuck daughter.</p>
<p>The post <a rel="nofollow" href="https://www.yamyhub.com/video/skinny-young-bitch-emily-willis-has-sex-with-boyfriends-father/">Skinny young bitch Emily Willis has sex with boyfriend&#8217;s father</a> appeared first on <a rel="nofollow" href="https://www.yamyhub.com">Yamyhub</a>.</p>
]]></description>
										<content:encoded><![CDATA[<h2>Skinny young bitch Emily Willis has sex with boyfriend&#8217;s father</h2>
<p>Bangbros family porn video Skinny young bitch teen Emily willis has sex with her boyfriend father family porn video yamyhub bangbros porn video latest family bangbros porn video Emily willis porn video Emily willis sex with her boyfrind&#8217; father father fuck her daughter fuck daughter.</p>
<p>The post <a rel="nofollow" href="https://www.yamyhub.com/video/skinny-young-bitch-emily-willis-has-sex-with-boyfriends-father/">Skinny young bitch Emily Willis has sex with boyfriend&#8217;s father</a> appeared first on <a rel="nofollow" href="https://www.yamyhub.com">Yamyhub</a>.</p>
]]></content:encoded>
					
		
		
			</item>
	</channel>
</rss>
