<?xml version="1.0" encoding="UTF-8"?><rss version="2.0"
	xmlns:content="http://purl.org/rss/1.0/modules/content/"
	xmlns:wfw="http://wellformedweb.org/CommentAPI/"
	xmlns:dc="http://purl.org/dc/elements/1.1/"
	xmlns:atom="http://www.w3.org/2005/Atom"
	xmlns:sy="http://purl.org/rss/1.0/modules/syndication/"
	xmlns:slash="http://purl.org/rss/1.0/modules/slash/"
	>

<channel>
	<title>Abella Danger &#8211; Yamyhub</title>
	<atom:link href="https://www.yamyhub.com/categories/abella-danger/feed/" rel="self" type="application/rss+xml" />
	<link>https://www.yamyhub.com</link>
	<description>Watch latest free HD Full length Porn video. Big ass, Big cock, MILF, Lesbian, Step sister and Step mother Porn videos. Yamyhub porn videos.</description>
	<lastBuildDate>Mon, 16 Aug 2021 03:52:53 +0000</lastBuildDate>
	<language>en-US</language>
	<sy:updatePeriod>
	hourly	</sy:updatePeriod>
	<sy:updateFrequency>
	1	</sy:updateFrequency>
	<generator>https://wordpress.org/?v=5.8</generator>

<image>
	<url>https://www.yamyhub.com/wp-content/uploads/2021/07/cropped-favicon-32x32.png</url>
	<title>Abella Danger &#8211; Yamyhub</title>
	<link>https://www.yamyhub.com</link>
	<width>32</width>
	<height>32</height>
</image> 
	<item>
		<title>Twistys Blonde with natural tits get double edge dildo</title>
		<link>https://www.yamyhub.com/video/twistys-blonde-with-natural-tits-get-double-edge-dildo/</link>
		
		<dc:creator><![CDATA[yamyhub]]></dc:creator>
		<pubDate>Mon, 16 Aug 2021 03:52:53 +0000</pubDate>
				<guid isPermaLink="false">https://www.yamyhub.com/?post_type=video&#038;p=4540</guid>

					<description><![CDATA[<p>Twistys Blonde with natural tits get double edge dildo Twisty pornstar Abella danger &#38; Lily Labeau porn video on pornhub. Blonde Burnette lesbian fuck each other from double edge dildo sex toys. Dido fuck abella danger ass on pornhub. Big dildo Fucked pornhub pornstar Lily Labeau in her ass. Lesbian lick each other pussy. lesbian [&#8230;]</p>
<p>The post <a rel="nofollow" href="https://www.yamyhub.com/video/twistys-blonde-with-natural-tits-get-double-edge-dildo/">Twistys Blonde with natural tits get double edge dildo</a> appeared first on <a rel="nofollow" href="https://www.yamyhub.com">Yamyhub</a>.</p>
]]></description>
										<content:encoded><![CDATA[<h2>Twistys Blonde with natural tits get double edge dildo</h2>
<p>Twisty pornstar Abella danger &amp; Lily Labeau porn video on pornhub. Blonde Burnette lesbian fuck each other from double edge dildo sex toys. Dido fuck abella danger ass on pornhub. Big dildo Fucked pornhub pornstar Lily Labeau in her ass. Lesbian lick each other pussy. lesbian kiss from tongue.</p>
<p>The post <a rel="nofollow" href="https://www.yamyhub.com/video/twistys-blonde-with-natural-tits-get-double-edge-dildo/">Twistys Blonde with natural tits get double edge dildo</a> appeared first on <a rel="nofollow" href="https://www.yamyhub.com">Yamyhub</a>.</p>
]]></content:encoded>
					
		
		
			</item>
		<item>
		<title>All girl massage Oiled lesbian abella danger Lick ass XNXX</title>
		<link>https://www.yamyhub.com/video/all-girl-massage-oiled-lesbian-abella-danger-lick-ass-xnxx/</link>
		
		<dc:creator><![CDATA[yamyhub]]></dc:creator>
		<pubDate>Sat, 07 Aug 2021 17:19:17 +0000</pubDate>
				<guid isPermaLink="false">https://www.yamyhub.com/?post_type=video&#038;p=4183</guid>

					<description><![CDATA[<p>All girl massage Oiled lesbian abella danger Lick ass XNXX All girl Massage Pornstars Riley Reyes &#38; Abella Danger XNXX porn Videos XXX. Lesbian Lick ass and fingering during massage. Oiled yamyhub. Male depression lead women to lesbian ass licking and fingering each other XNXX sex videos. Massage sex with oiled lesbia abella danger and  [&#8230;]</p>
<p>The post <a rel="nofollow" href="https://www.yamyhub.com/video/all-girl-massage-oiled-lesbian-abella-danger-lick-ass-xnxx/">All girl massage Oiled lesbian abella danger Lick ass XNXX</a> appeared first on <a rel="nofollow" href="https://www.yamyhub.com">Yamyhub</a>.</p>
]]></description>
										<content:encoded><![CDATA[<h2>All girl massage Oiled lesbian abella danger Lick ass XNXX</h2>
<p>All girl Massage Pornstars Riley Reyes &amp; Abella Danger XNXX porn Videos XXX. Lesbian Lick ass and fingering during massage. Oiled yamyhub. Male depression lead women to lesbian ass licking and fingering each other XNXX sex videos. Massage sex with oiled lesbia abella danger and  Riley Reyes. Organic massage pleasure women to to lesbian sex xnxx porn videos.</p>
<p>The post <a rel="nofollow" href="https://www.yamyhub.com/video/all-girl-massage-oiled-lesbian-abella-danger-lick-ass-xnxx/">All girl massage Oiled lesbian abella danger Lick ass XNXX</a> appeared first on <a rel="nofollow" href="https://www.yamyhub.com">Yamyhub</a>.</p>
]]></content:encoded>
					
		
		
			</item>
		<item>
		<title>brunettes mature big ass abella danger take big cock in kitchen</title>
		<link>https://www.yamyhub.com/video/brunettes-mature-big-ass-abella-danger-take-big-cock-in-kitchen/</link>
		
		<dc:creator><![CDATA[yamyhub]]></dc:creator>
		<pubDate>Sun, 25 Jul 2021 01:56:37 +0000</pubDate>
				<guid isPermaLink="false">https://www.yamyhub.com/?post_type=video&#038;p=3845</guid>

					<description><![CDATA[<p>brunettes mature big ass abella danger take big cock in kitchen Big ass abella danger porn video. Big ass mature brunettes abella danger fuck from big cock in kitchen. HD porn kitchen sex cum ass yamyhub. Latest big ass porn videos. Abella danger latest porn videos. big ass fucked in kitchen watch latest kitchen porn [&#8230;]</p>
<p>The post <a rel="nofollow" href="https://www.yamyhub.com/video/brunettes-mature-big-ass-abella-danger-take-big-cock-in-kitchen/">brunettes mature big ass abella danger take big cock in kitchen</a> appeared first on <a rel="nofollow" href="https://www.yamyhub.com">Yamyhub</a>.</p>
]]></description>
										<content:encoded><![CDATA[<h2>brunettes mature big ass abella danger take big cock in kitchen</h2>
<p>Big ass abella danger porn video. Big ass mature brunettes abella danger fuck from big cock in kitchen. HD porn kitchen sex cum ass yamyhub. Latest big ass porn videos. Abella danger latest porn videos. big ass fucked in kitchen watch latest kitchen porn videos. mature brunettes abella danger latest porn video. TXXX porn video xvideos porn.</p>
<p>The post <a rel="nofollow" href="https://www.yamyhub.com/video/brunettes-mature-big-ass-abella-danger-take-big-cock-in-kitchen/">brunettes mature big ass abella danger take big cock in kitchen</a> appeared first on <a rel="nofollow" href="https://www.yamyhub.com">Yamyhub</a>.</p>
]]></content:encoded>
					
		
		
			</item>
		<item>
		<title>Black strapon fuck double penetration black women sinn sage</title>
		<link>https://www.yamyhub.com/video/black-strapon-fuck-double-penetration-black-women-sinn-sage/</link>
		
		<dc:creator><![CDATA[yamyhub]]></dc:creator>
		<pubDate>Sat, 24 Jul 2021 04:08:26 +0000</pubDate>
				<guid isPermaLink="false">https://www.yamyhub.com/?post_type=video&#038;p=3813</guid>

					<description><![CDATA[<p>Black strapon fuck double penetration black women sinn sage Double penetration Ana Foxx Sinn sage strapon  Abella danger Lesbian x . fuck double penetration from Black strapon. Threesome Girl on girl porn sex . sinn sage fuck strapon. threesome porn video. Porn stars Ana Foxx abella danger porn video. Black double penetration fuck from strapon [&#8230;]</p>
<p>The post <a rel="nofollow" href="https://www.yamyhub.com/video/black-strapon-fuck-double-penetration-black-women-sinn-sage/">Black strapon fuck double penetration black women sinn sage</a> appeared first on <a rel="nofollow" href="https://www.yamyhub.com">Yamyhub</a>.</p>
]]></description>
										<content:encoded><![CDATA[<h2>Black strapon fuck double penetration black women sinn sage</h2>
<p>Double penetration Ana Foxx Sinn sage strapon  Abella danger Lesbian x . fuck double penetration from Black strapon. Threesome Girl on girl porn sex . sinn sage fuck strapon. threesome porn video. Porn stars Ana Foxx abella danger porn video. Black double penetration fuck from strapon lesbian x latest porn video. sex movies xxx. spankbang threesome videos xnxx sex video. yamyhub  porn.</p>
<p>The post <a rel="nofollow" href="https://www.yamyhub.com/video/black-strapon-fuck-double-penetration-black-women-sinn-sage/">Black strapon fuck double penetration black women sinn sage</a> appeared first on <a rel="nofollow" href="https://www.yamyhub.com">Yamyhub</a>.</p>
]]></content:encoded>
					
		
		
			</item>
		<item>
		<title>Two big cocks fuck abella danger BDSM interracial threesome</title>
		<link>https://www.yamyhub.com/video/two-big-cocks-fuck-abella-danger-bdsm-interracial-threesome/</link>
		
		<dc:creator><![CDATA[yamyhub]]></dc:creator>
		<pubDate>Thu, 22 Jul 2021 02:24:54 +0000</pubDate>
				<guid isPermaLink="false">https://www.yamyhub.com/?post_type=video&#038;p=3796</guid>

					<description><![CDATA[<p>Two big cocks fuck abella danger BDSM interracial threesome Abella danger BDSM porn video. Two big cocks fuck Amateur big ass abella danger. BDSM interracial threesome MMF gangbang porn sex yamyhub. Male male female latest porn video. Sex movies best interracial threesome porn movies. XXX abella danger fuck interracial. BDSM latest porn video. TXXX sex [&#8230;]</p>
<p>The post <a rel="nofollow" href="https://www.yamyhub.com/video/two-big-cocks-fuck-abella-danger-bdsm-interracial-threesome/">Two big cocks fuck abella danger BDSM interracial threesome</a> appeared first on <a rel="nofollow" href="https://www.yamyhub.com">Yamyhub</a>.</p>
]]></description>
										<content:encoded><![CDATA[<h2>Two big cocks fuck abella danger BDSM interracial threesome</h2>
<p>Abella danger BDSM porn video. Two big cocks fuck Amateur big ass abella danger. BDSM interracial threesome MMF gangbang porn sex yamyhub. Male male female latest porn video. Sex movies best interracial threesome porn movies. XXX abella danger fuck interracial. BDSM latest porn video. TXXX sex video youporn videos.</p>
<p>The post <a rel="nofollow" href="https://www.yamyhub.com/video/two-big-cocks-fuck-abella-danger-bdsm-interracial-threesome/">Two big cocks fuck abella danger BDSM interracial threesome</a> appeared first on <a rel="nofollow" href="https://www.yamyhub.com">Yamyhub</a>.</p>
]]></content:encoded>
					
		
		
			</item>
		<item>
		<title>Mature abella danger Fuck hot lesbian at reception babes</title>
		<link>https://www.yamyhub.com/video/mature-abella-danger-fuck-hot-lesbian-at-reception-babes/</link>
		
		<dc:creator><![CDATA[yamyhub]]></dc:creator>
		<pubDate>Thu, 22 Jul 2021 02:01:09 +0000</pubDate>
				<guid isPermaLink="false">https://www.yamyhub.com/?post_type=video&#038;p=3794</guid>

					<description><![CDATA[<p>Mature abella danger Fuck hot lesbian at reception babes Babes Abella danger lesbian porn video. Blonde Mature abella danger fuck her lesbian hot friend at reception pussy lick porn video yamyhub. Babes lesbian full length HD porn video. Blonde porn mature sex movies full length sex movies. Pussy lick porn video. Lesbian sex video. Abella [&#8230;]</p>
<p>The post <a rel="nofollow" href="https://www.yamyhub.com/video/mature-abella-danger-fuck-hot-lesbian-at-reception-babes/">Mature abella danger Fuck hot lesbian at reception babes</a> appeared first on <a rel="nofollow" href="https://www.yamyhub.com">Yamyhub</a>.</p>
]]></description>
										<content:encoded><![CDATA[<h2>Mature abella danger Fuck hot lesbian at reception babes</h2>
<p>Babes Abella danger lesbian porn video. Blonde Mature abella danger fuck her lesbian hot friend at reception pussy lick porn video yamyhub. Babes lesbian full length HD porn video. Blonde porn mature sex movies full length sex movies. Pussy lick porn video. Lesbian sex video. Abella danger fuck her lesbian and pussy lick. spankbang porn XNXX porn video.</p>
<p>The post <a rel="nofollow" href="https://www.yamyhub.com/video/mature-abella-danger-fuck-hot-lesbian-at-reception-babes/">Mature abella danger Fuck hot lesbian at reception babes</a> appeared first on <a rel="nofollow" href="https://www.yamyhub.com">Yamyhub</a>.</p>
]]></content:encoded>
					
		
		
			</item>
		<item>
		<title>Interracial big black cock fuck big ass abella danger threesome</title>
		<link>https://www.yamyhub.com/video/interracial-big-black-cock-fuck-big-ass-abella-danger-threesome/</link>
		
		<dc:creator><![CDATA[yamyhub]]></dc:creator>
		<pubDate>Thu, 22 Jul 2021 01:25:42 +0000</pubDate>
				<guid isPermaLink="false">https://www.yamyhub.com/?post_type=video&#038;p=3792</guid>

					<description><![CDATA[<p>Interracial big black cock fuck big ass abella danger threesome Bangbros threesome FFM abella danger porn video. Interracial big black cock fuck big ass chick abella danger. Threesome FFM sex video. yamyhub bangbros latest threesome porn video. Interracial big cock latest big black cock porn videos. Threesome two female one male porn video. Abella danger [&#8230;]</p>
<p>The post <a rel="nofollow" href="https://www.yamyhub.com/video/interracial-big-black-cock-fuck-big-ass-abella-danger-threesome/">Interracial big black cock fuck big ass abella danger threesome</a> appeared first on <a rel="nofollow" href="https://www.yamyhub.com">Yamyhub</a>.</p>
]]></description>
										<content:encoded><![CDATA[<h2>Interracial big black cock fuck big ass abella danger threesome</h2>
<p>Bangbros threesome FFM abella danger porn video. Interracial big black cock fuck big ass chick abella danger. Threesome FFM sex video. yamyhub bangbros latest threesome porn video. Interracial big cock latest big black cock porn videos. Threesome two female one male porn video. Abella danger xxx sex video. Xhamster porn video eporner videos .</p>
<p>The post <a rel="nofollow" href="https://www.yamyhub.com/video/interracial-big-black-cock-fuck-big-ass-abella-danger-threesome/">Interracial big black cock fuck big ass abella danger threesome</a> appeared first on <a rel="nofollow" href="https://www.yamyhub.com">Yamyhub</a>.</p>
]]></content:encoded>
					
		
		
			</item>
		<item>
		<title>Stepmom horny Abella danger fuck ass from son anal</title>
		<link>https://www.yamyhub.com/video/stepmom-horny-abella-danger-fuck-ass-from-son-anal/</link>
		
		<dc:creator><![CDATA[yamyhub]]></dc:creator>
		<pubDate>Wed, 21 Jul 2021 06:14:17 +0000</pubDate>
				<guid isPermaLink="false">https://www.yamyhub.com/?post_type=video&#038;p=3783</guid>

					<description><![CDATA[<p>Stepmom horny Abella danger fuck ass from son anal Brazzers Jordi El Nino Polla &#38; Abella danger porn video. Stepmom horny Abella danger fuck ass hole from son brazzers anal porn video yamyhub. Jordi El Nino Polla porn video. Jordi El Nino Polla sex movies Xxx porn. Abella danger fuck anal. Abella danger fuck in [&#8230;]</p>
<p>The post <a rel="nofollow" href="https://www.yamyhub.com/video/stepmom-horny-abella-danger-fuck-ass-from-son-anal/">Stepmom horny Abella danger fuck ass from son anal</a> appeared first on <a rel="nofollow" href="https://www.yamyhub.com">Yamyhub</a>.</p>
]]></description>
										<content:encoded><![CDATA[<h2>Stepmom horny Abella danger fuck ass from son anal</h2>
<p>Brazzers Jordi El Nino Polla &amp; Abella danger porn video. Stepmom horny Abella danger fuck ass hole from son brazzers anal porn video yamyhub. Jordi El Nino Polla porn video. Jordi El Nino Polla sex movies Xxx porn. Abella danger fuck anal. Abella danger fuck in ass hole. Sex movies xxx. spankbang porn video xvideos.</p>
<p>The post <a rel="nofollow" href="https://www.yamyhub.com/video/stepmom-horny-abella-danger-fuck-ass-from-son-anal/">Stepmom horny Abella danger fuck ass from son anal</a> appeared first on <a rel="nofollow" href="https://www.yamyhub.com">Yamyhub</a>.</p>
]]></content:encoded>
					
		
		
			</item>
		<item>
		<title>true anal &#8211; Iron big ass Abella danger fuck oiled anal</title>
		<link>https://www.yamyhub.com/video/true-anal-iron-big-ass-abella-danger-fuck-oiled-anal/</link>
		
		<dc:creator><![CDATA[yamyhub]]></dc:creator>
		<pubDate>Wed, 21 Jul 2021 05:57:55 +0000</pubDate>
				<guid isPermaLink="false">https://www.yamyhub.com/?post_type=video&#038;p=3781</guid>

					<description><![CDATA[<p>True anal &#8211; Iron big ass Abella danger fuck oiled anal True anal &#38; Abella danger porn video. Busty big iron ass Abella danger fuck oiled anal from big cock latest ass fuck porn video yamyhub. Abella danger latest porn video. Busty women Abella danger sex movies XXX video of Abella danger. True anal porn [&#8230;]</p>
<p>The post <a rel="nofollow" href="https://www.yamyhub.com/video/true-anal-iron-big-ass-abella-danger-fuck-oiled-anal/">true anal &#8211; Iron big ass Abella danger fuck oiled anal</a> appeared first on <a rel="nofollow" href="https://www.yamyhub.com">Yamyhub</a>.</p>
]]></description>
										<content:encoded><![CDATA[<h2>True anal &#8211; Iron big ass Abella danger fuck oiled anal</h2>
<p>True anal &amp; Abella danger porn video. Busty big iron ass Abella danger fuck oiled anal from big cock latest ass fuck porn video yamyhub. Abella danger latest porn video. Busty women Abella danger sex movies XXX video of Abella danger. True anal porn video. Daft sex porn video TXXX porn video.</p>
<p>The post <a rel="nofollow" href="https://www.yamyhub.com/video/true-anal-iron-big-ass-abella-danger-fuck-oiled-anal/">true anal &#8211; Iron big ass Abella danger fuck oiled anal</a> appeared first on <a rel="nofollow" href="https://www.yamyhub.com">Yamyhub</a>.</p>
]]></content:encoded>
					
		
		
			</item>
		<item>
		<title>Abella danger Fuck anal and cum in mouth hloed</title>
		<link>https://www.yamyhub.com/video/abella-danger-fuck-anal-and-cum-in-mouth-hloed/</link>
		
		<dc:creator><![CDATA[yamyhub]]></dc:creator>
		<pubDate>Tue, 22 Jun 2021 08:27:21 +0000</pubDate>
				<guid isPermaLink="false">https://www.yamyhub.com/?post_type=video&#038;p=3444</guid>

					<description><![CDATA[<p>Abella danger Fuck anal and cum in mouth hloed Abella danger fuck anal and cum in mouth anal porn videos anal sex videos big ass anal video big butt big tits big boobs porn videos abella danger anal abella danger take cock in her ass.</p>
<p>The post <a rel="nofollow" href="https://www.yamyhub.com/video/abella-danger-fuck-anal-and-cum-in-mouth-hloed/">Abella danger Fuck anal and cum in mouth hloed</a> appeared first on <a rel="nofollow" href="https://www.yamyhub.com">Yamyhub</a>.</p>
]]></description>
										<content:encoded><![CDATA[<h2>Abella danger Fuck anal and cum in mouth hloed</h2>
<p>Abella danger fuck anal and cum in mouth anal porn videos anal sex videos big ass anal video big butt big tits big boobs porn videos abella danger anal abella danger take cock in her ass.</p>
<p>The post <a rel="nofollow" href="https://www.yamyhub.com/video/abella-danger-fuck-anal-and-cum-in-mouth-hloed/">Abella danger Fuck anal and cum in mouth hloed</a> appeared first on <a rel="nofollow" href="https://www.yamyhub.com">Yamyhub</a>.</p>
]]></content:encoded>
					
		
		
			</item>
	</channel>
</rss>
