3bcf
<?xml version="1.0" encoding="UTF-8"?><rss version="2.0"
	xmlns:content="http://purl.org/rss/1.0/modules/content/"
	xmlns:wfw="http://wellformedweb.org/CommentAPI/"
	xmlns:dc="http://purl.org/dc/elements/1.1/"
	xmlns:atom="http://www.w3.org/2005/Atom"
	xmlns:sy="http://purl.org/rss/1.0/modules/syndication/"
	xmlns:slash="http://purl.org/rss/1.0/modules/slash/"
	>

<channel>
	<title>daftsex &#8211; Yamyhub</title>
	<atom:link href="https://www.yamyhub.com/categories/daftsex/feed/" rel="self" type="application/rss+xml" />
	<link>https://www.yamyhub.com</link>
	<description>Watch latest free HD Full length Porn video. Big ass, Big cock, MILF, Lesbian, Step sister and Step mother Porn videos. Yamyhub porn videos.</description>
	<lastBuildDate>Sat, 17 Jul 2021 00:53:14 +0000</lastBuildDate>
	<language>en-US</language>
	<sy:updatePeriod>
	hourly	</sy:updatePeriod>
	<sy:updateFrequency>
	1	</sy:updateFrequency>
	<generator>https://wordpress.org/?v=5.7.2</generator>

<image>
	<url>https://www.yamyhub.com/wp-content/uploads/2021/06/favicon.png</url>
	<title>daftsex &#8211; Yamyhub</title>
	<link>https://www.yamyhub.com</link>
	<width>32</width>
	<height>32</height>
</image> 
	<item>
		<title>Big ass Adriana Chechik Rough ass fuck Porn anal HOLED</title>
		<link>https://www.yamyhub.com/video/big-ass-adriana-chechik-rough-ass-fuck-porn-anal-holed/</link>
		
		<dc:creator><![CDATA[yamyhub]]></dc:creator>
		<pubDate>Sat, 17 Jul 2021 00:53:14 +0000</pubDate>
				<guid isPermaLink="false">https://www.yamyhub.com/?post_type=video&#038;p=3715</guid>

					<description><![CDATA[<p>Big ass Adriana Chechik Rough ass fuck Porn anal HOLED Holed Adriana Chechik Anal Porn video Big ass busty women Adriana Chechik fuck ass anal from big dick latest anal porn video yamyhub anal porn video Adriana Chechik anal porn video Adriana Chechik latest porn video ass fuck pornhub video daftsex video latest HOLED anal [&#8230;]</p>
<p>The post <a rel="nofollow" href="https://www.yamyhub.com/video/big-ass-adriana-chechik-rough-ass-fuck-porn-anal-holed/">Big ass Adriana Chechik Rough ass fuck Porn anal HOLED</a> appeared first on <a rel="nofollow" href="https://www.yamyhub.com">Yamyhub</a>.</p>
]]></description>
										<content:encoded><![CDATA[<h2>Big ass Adriana Chechik Rough ass fuck Porn anal HOLED</h2>
<p>Holed Adriana Chechik Anal Porn video Big ass busty women Adriana Chechik fuck ass anal from big dick latest anal porn video yamyhub anal porn video Adriana Chechik anal porn video Adriana Chechik latest porn video ass fuck pornhub video daftsex video latest HOLED anal porn</p>
<p>The post <a rel="nofollow" href="https://www.yamyhub.com/video/big-ass-adriana-chechik-rough-ass-fuck-porn-anal-holed/">Big ass Adriana Chechik Rough ass fuck Porn anal HOLED</a> appeared first on <a rel="nofollow" href="https://www.yamyhub.com">Yamyhub</a>.</p>
]]></content:encoded>
					
		
		
			</item>
		<item>
		<title>Big ass big boobs oiled Angela white Anal fuck From big cock</title>
		<link>https://www.yamyhub.com/video/big-ass-big-boobs-oiled-angela-white-anal-fuck-from-big-cock/</link>
		
		<dc:creator><![CDATA[yamyhub]]></dc:creator>
		<pubDate>Fri, 16 Jul 2021 12:37:58 +0000</pubDate>
				<guid isPermaLink="false">https://www.yamyhub.com/?post_type=video&#038;p=3708</guid>

					<description><![CDATA[<p>Big ass big boobs oiled Angela white Anal fuck From big cock Elegant angel &#38; Angela white porn video Big ass big boobs oiled girl Angela white fuck anal from big cock elegant angel porn videos yamyhub Angela white anal porn video latest big ass porn videos big boobs oiled girl Angela white porn Angela [&#8230;]</p>
<p>The post <a rel="nofollow" href="https://www.yamyhub.com/video/big-ass-big-boobs-oiled-angela-white-anal-fuck-from-big-cock/">Big ass big boobs oiled Angela white Anal fuck From big cock</a> appeared first on <a rel="nofollow" href="https://www.yamyhub.com">Yamyhub</a>.</p>
]]></description>
										<content:encoded><![CDATA[<h2>Big ass big boobs oiled Angela white Anal fuck From big cock</h2>
<p>Elegant angel &amp; Angela white porn video Big ass big boobs oiled girl Angela white fuck anal from big cock elegant angel porn videos yamyhub Angela white anal porn video latest big ass porn videos big boobs oiled girl Angela white porn Angela white anal fuck from big cock asshole porn Youporn video  daftsex videos elegant angel porn oiled porn videos</p>
<p>The post <a rel="nofollow" href="https://www.yamyhub.com/video/big-ass-big-boobs-oiled-angela-white-anal-fuck-from-big-cock/">Big ass big boobs oiled Angela white Anal fuck From big cock</a> appeared first on <a rel="nofollow" href="https://www.yamyhub.com">Yamyhub</a>.</p>
]]></content:encoded>
					
		
		
			</item>
		<item>
		<title>Lustful wife Anissa Kate cheat her husband fuck in public</title>
		<link>https://www.yamyhub.com/video/lustful-wife-anissa-kate-cheat-her-husband-fuck-in-public/</link>
		
		<dc:creator><![CDATA[yamyhub]]></dc:creator>
		<pubDate>Tue, 13 Jul 2021 12:36:52 +0000</pubDate>
				<guid isPermaLink="false">https://www.yamyhub.com/?post_type=video&#038;p=3633</guid>

					<description><![CDATA[<p>Lustful wife Anissa Kate cheat her husband fuck in public Brazzers Public porn video Lustful wife Anissa kate cheat her husband and fuck from client in public brazzers public porn videos yamyhub Anissa kate porn video latest Anissa kate porn video lustful wife cheat husband fuck from client in public brazzers porn video latest public [&#8230;]</p>
<p>The post <a rel="nofollow" href="https://www.yamyhub.com/video/lustful-wife-anissa-kate-cheat-her-husband-fuck-in-public/">Lustful wife Anissa Kate cheat her husband fuck in public</a> appeared first on <a rel="nofollow" href="https://www.yamyhub.com">Yamyhub</a>.</p>
]]></description>
										<content:encoded><![CDATA[<h2>Lustful wife Anissa Kate cheat her husband fuck in public</h2>
<p>Brazzers Public porn video Lustful wife Anissa kate cheat her husband and fuck from client in public brazzers public porn videos yamyhub Anissa kate porn video latest Anissa kate porn video lustful wife cheat husband fuck from client in public brazzers porn video latest public brazzers porn video</p>
<p>The post <a rel="nofollow" href="https://www.yamyhub.com/video/lustful-wife-anissa-kate-cheat-her-husband-fuck-in-public/">Lustful wife Anissa Kate cheat her husband fuck in public</a> appeared first on <a rel="nofollow" href="https://www.yamyhub.com">Yamyhub</a>.</p>
]]></content:encoded>
					
		
		
			</item>
		<item>
		<title>Big tits Brianna Banderas fuck outdoor after pickup from photography</title>
		<link>https://www.yamyhub.com/video/big-tits-brianna-banderas-fuck-outdoor-after-pickup-from-photography/</link>
		
		<dc:creator><![CDATA[yamyhub]]></dc:creator>
		<pubDate>Mon, 12 Jul 2021 05:41:06 +0000</pubDate>
				<guid isPermaLink="false">https://www.yamyhub.com/?post_type=video&#038;p=3627</guid>

					<description><![CDATA[<p>Big tits Brianna Banderas fuck outdoor after pickup from photography Mofos public outdoor porn video Big tits Brianna Banderas fuck outdoor after pickup from photography public outdoor porn videos yamyhub mofos latest porn video big tits porn big ass porn video latest porn video Brianna Banderas big ass porn Brianna Banderas big tits porn</p>
<p>The post <a rel="nofollow" href="https://www.yamyhub.com/video/big-tits-brianna-banderas-fuck-outdoor-after-pickup-from-photography/">Big tits Brianna Banderas fuck outdoor after pickup from photography</a> appeared first on <a rel="nofollow" href="https://www.yamyhub.com">Yamyhub</a>.</p>
]]></description>
										<content:encoded><![CDATA[<h2>Big tits Brianna Banderas fuck outdoor after pickup from photography</h2>
<p>Mofos public outdoor porn video Big tits Brianna Banderas fuck outdoor after pickup from photography public outdoor porn videos yamyhub mofos latest porn video big tits porn big ass porn video latest porn video Brianna Banderas big ass porn Brianna Banderas big tits porn</p>
<p>The post <a rel="nofollow" href="https://www.yamyhub.com/video/big-tits-brianna-banderas-fuck-outdoor-after-pickup-from-photography/">Big tits Brianna Banderas fuck outdoor after pickup from photography</a> appeared first on <a rel="nofollow" href="https://www.yamyhub.com">Yamyhub</a>.</p>
]]></content:encoded>
					
		
		
			</item>
		<item>
		<title>Mature girl fuck hardcore in public Outdoor</title>
		<link>https://www.yamyhub.com/video/mature-girl-fuck-hardcore-in-public-outdoor/</link>
		
		<dc:creator><![CDATA[yamyhub]]></dc:creator>
		<pubDate>Mon, 12 Jul 2021 05:12:27 +0000</pubDate>
				<guid isPermaLink="false">https://www.yamyhub.com/?post_type=video&#038;p=3623</guid>

					<description><![CDATA[<p>Mature girl fuck hardcore in public Outdoor Pornhub public porn video Mature girl fuck hardcore in public outdoor pornhub public outdoor porn video yamyhub public porn pornhub video latest public pornhub porn video adolfxnika porn video latest adolfxnika porn video nika porn public place porn outdoor porn videos</p>
<p>The post <a rel="nofollow" href="https://www.yamyhub.com/video/mature-girl-fuck-hardcore-in-public-outdoor/">Mature girl fuck hardcore in public Outdoor</a> appeared first on <a rel="nofollow" href="https://www.yamyhub.com">Yamyhub</a>.</p>
]]></description>
										<content:encoded><![CDATA[<h2>Mature girl fuck hardcore in public Outdoor</h2>
<p>Pornhub public porn video Mature girl fuck hardcore in public outdoor pornhub public outdoor porn video yamyhub public porn pornhub video latest public pornhub porn video adolfxnika porn video latest adolfxnika porn video nika porn public place porn outdoor porn videos</p>
<p>The post <a rel="nofollow" href="https://www.yamyhub.com/video/mature-girl-fuck-hardcore-in-public-outdoor/">Mature girl fuck hardcore in public Outdoor</a> appeared first on <a rel="nofollow" href="https://www.yamyhub.com">Yamyhub</a>.</p>
]]></content:encoded>
					
		
		
			</item>
		<item>
		<title>Young teen Lexi Fuchs Fuck hardcore by Mick Blue big dick</title>
		<link>https://www.yamyhub.com/video/young-teen-lexi-fuchs-fuck-hardcore-by-mick-blue-big-dick/</link>
		
		<dc:creator><![CDATA[yamyhub]]></dc:creator>
		<pubDate>Mon, 12 Jul 2021 01:34:24 +0000</pubDate>
				<guid isPermaLink="false">https://www.yamyhub.com/?post_type=video&#038;p=3597</guid>

					<description><![CDATA[<p>Young teen Lexi Fuchs Fuck hardcore by Mick Blue big dick Vixen teen porn video Young teen Lexi Fuchs fuck hardcore By Mick blue Big dick Big cock fuck pussy and ass vixen porn video yamyhub vixen porn video Lexi Fuchs fuck hardcore porn Lexi Fuchs ass and pussy fuck Mick blue blue porn video [&#8230;]</p>
<p>The post <a rel="nofollow" href="https://www.yamyhub.com/video/young-teen-lexi-fuchs-fuck-hardcore-by-mick-blue-big-dick/">Young teen Lexi Fuchs Fuck hardcore by Mick Blue big dick</a> appeared first on <a rel="nofollow" href="https://www.yamyhub.com">Yamyhub</a>.</p>
]]></description>
										<content:encoded><![CDATA[<h2>Young teen Lexi Fuchs Fuck hardcore by Mick Blue big dick</h2>
<p>Vixen teen porn video Young teen Lexi Fuchs fuck hardcore By Mick blue Big dick Big cock fuck pussy and ass vixen porn video yamyhub vixen porn video Lexi Fuchs fuck hardcore porn Lexi Fuchs ass and pussy fuck Mick blue blue porn video young porn.</p>
<p>The post <a rel="nofollow" href="https://www.yamyhub.com/video/young-teen-lexi-fuchs-fuck-hardcore-by-mick-blue-big-dick/">Young teen Lexi Fuchs Fuck hardcore by Mick Blue big dick</a> appeared first on <a rel="nofollow" href="https://www.yamyhub.com">Yamyhub</a>.</p>
]]></content:encoded>
					
		
		
			</item>
		<item>
		<title>Mom Flew into sex with son Rion King Briana Banks Danny Rivers</title>
		<link>https://www.yamyhub.com/video/mom-flew-into-sex-with-son-rion-king-briana-banks-danny-rivers/</link>
		
		<dc:creator><![CDATA[yamyhub]]></dc:creator>
		<pubDate>Fri, 09 Jul 2021 13:40:45 +0000</pubDate>
				<guid isPermaLink="false">https://www.yamyhub.com/?post_type=video&#038;p=3564</guid>

					<description><![CDATA[<p>Mom Flew into sex with son Rion King Briana Banks Danny Rivers Reality king Threesome stepmom porn video Stepmom flew into sex with son Rion king Briana banks Danny rivers reality king FFFM threesome reality king porn videos draft sex porn threesome Youporn video latest Rion king threesome porn video Briana banks threesome porn video [&#8230;]</p>
<p>The post <a rel="nofollow" href="https://www.yamyhub.com/video/mom-flew-into-sex-with-son-rion-king-briana-banks-danny-rivers/">Mom Flew into sex with son Rion King Briana Banks Danny Rivers</a> appeared first on <a rel="nofollow" href="https://www.yamyhub.com">Yamyhub</a>.</p>
]]></description>
										<content:encoded><![CDATA[<h2>Mom Flew into sex with son Rion King Briana Banks Danny Rivers</h2>
<p>Reality king Threesome stepmom porn video Stepmom flew into sex with son Rion king Briana banks Danny rivers reality king FFFM threesome reality king porn videos draft sex porn threesome Youporn video latest Rion king threesome porn video Briana banks threesome porn video Danny rivers threesome porn video.</p>
<p>The post <a rel="nofollow" href="https://www.yamyhub.com/video/mom-flew-into-sex-with-son-rion-king-briana-banks-danny-rivers/">Mom Flew into sex with son Rion King Briana Banks Danny Rivers</a> appeared first on <a rel="nofollow" href="https://www.yamyhub.com">Yamyhub</a>.</p>
]]></content:encoded>
					
		
		
			</item>
		<item>
		<title>Anissa Kate Fuck Double penetration mick blue markus dupree</title>
		<link>https://www.yamyhub.com/video/anissa-keith-fuck-double-penetration-mick-blue-markus-dupree/</link>
		
		<dc:creator><![CDATA[yamyhub]]></dc:creator>
		<pubDate>Wed, 07 Jul 2021 07:50:57 +0000</pubDate>
				<guid isPermaLink="false">https://www.yamyhub.com/?post_type=video&#038;p=3557</guid>

					<description><![CDATA[<p>Anissa Kate Fuck Double penetration mick blue Markus dupree Bangbros double penetration threesome porn video Anissa kate Fuck double penetration by Mick blue &#38; Markus dupree threesome porn yamyhub bangbros porn video double penetration porn video threesome porn MMF porn Male male Female Markus dupree mick blue porn anissa kate porn video.</p>
<p>The post <a rel="nofollow" href="https://www.yamyhub.com/video/anissa-keith-fuck-double-penetration-mick-blue-markus-dupree/">Anissa Kate Fuck Double penetration mick blue markus dupree</a> appeared first on <a rel="nofollow" href="https://www.yamyhub.com">Yamyhub</a>.</p>
]]></description>
										<content:encoded><![CDATA[<h2>Anissa Kate Fuck Double penetration mick blue Markus dupree</h2>
<p>Bangbros double penetration threesome porn video Anissa kate Fuck double penetration by Mick blue &amp; Markus dupree threesome porn yamyhub bangbros porn video double penetration porn video threesome porn MMF porn Male male Female Markus dupree mick blue porn anissa kate porn video.</p>
<p>The post <a rel="nofollow" href="https://www.yamyhub.com/video/anissa-keith-fuck-double-penetration-mick-blue-markus-dupree/">Anissa Kate Fuck Double penetration mick blue markus dupree</a> appeared first on <a rel="nofollow" href="https://www.yamyhub.com">Yamyhub</a>.</p>
]]></content:encoded>
					
		
		
			</item>
	</channel>
</rss>

0

