<?xml version="1.0" encoding="UTF-8"?><rss version="2.0"
	xmlns:content="http://purl.org/rss/1.0/modules/content/"
	xmlns:wfw="http://wellformedweb.org/CommentAPI/"
	xmlns:dc="http://purl.org/dc/elements/1.1/"
	xmlns:atom="http://www.w3.org/2005/Atom"
	xmlns:sy="http://purl.org/rss/1.0/modules/syndication/"
	xmlns:slash="http://purl.org/rss/1.0/modules/slash/"
	>

<channel>
	<title>holed &#8211; Yamyhub</title>
	<atom:link href="https://www.yamyhub.com/categories/holed/feed/" rel="self" type="application/rss+xml" />
	<link>https://www.yamyhub.com</link>
	<description>Watch latest free HD Full length Porn video. Big ass, Big cock, MILF, Lesbian, Step sister and Step mother Porn videos. Yamyhub porn videos.</description>
	<lastBuildDate>Sat, 14 Aug 2021 05:52:55 +0000</lastBuildDate>
	<language>en-US</language>
	<sy:updatePeriod>
	hourly	</sy:updatePeriod>
	<sy:updateFrequency>
	1	</sy:updateFrequency>
	<generator>https://wordpress.org/?v=5.8</generator>

<image>
	<url>https://www.yamyhub.com/wp-content/uploads/2021/07/cropped-favicon-32x32.png</url>
	<title>holed &#8211; Yamyhub</title>
	<link>https://www.yamyhub.com</link>
	<width>32</width>
	<height>32</height>
</image> 
	<item>
		<title>Holed blonde teen Hime marie take cock in ass hole anal</title>
		<link>https://www.yamyhub.com/video/holed-blonde-teen-hime-marie-take-cock-in-ass-hole-anal/</link>
		
		<dc:creator><![CDATA[yamyhub]]></dc:creator>
		<pubDate>Fri, 13 Aug 2021 17:14:04 +0000</pubDate>
				<guid isPermaLink="false">https://www.yamyhub.com/?post_type=video&#038;p=4481</guid>

					<description><![CDATA[<p>Holed blonde teen Hime marie take cock in ass hole anal Holed porn star Hime marie sex video. Blonde Small its teen fucked ass hole from big fat cock anal. Skinny ride ass to mouth porn yamyhub. Teen get ride on fat big cock holed porn. Porn star want to ride fat dick on her [&#8230;]</p>
<p>The post <a rel="nofollow" href="https://www.yamyhub.com/video/holed-blonde-teen-hime-marie-take-cock-in-ass-hole-anal/">Holed blonde teen Hime marie take cock in ass hole anal</a> appeared first on <a rel="nofollow" href="https://www.yamyhub.com">Yamyhub</a>.</p>
]]></description>
										<content:encoded><![CDATA[<h2>Holed blonde teen Hime marie take cock in ass hole anal</h2>
<p>Holed porn star Hime marie sex video. Blonde Small its teen fucked ass hole from big fat cock anal. Skinny ride ass to mouth porn yamyhub. Teen get ride on fat big cock holed porn. Porn star want to ride fat dick on her ass hole. Ass hole get cock from ass to mouth porn. anal creampie rider on the bed sex videos.</p>
<p>The post <a rel="nofollow" href="https://www.yamyhub.com/video/holed-blonde-teen-hime-marie-take-cock-in-ass-hole-anal/">Holed blonde teen Hime marie take cock in ass hole anal</a> appeared first on <a rel="nofollow" href="https://www.yamyhub.com">Yamyhub</a>.</p>
]]></content:encoded>
					
		
		
			</item>
		<item>
		<title>Big ass Adriana Chechik Rough ass fuck Porn anal HOLED</title>
		<link>https://www.yamyhub.com/video/big-ass-adriana-chechik-rough-ass-fuck-porn-anal-holed/</link>
		
		<dc:creator><![CDATA[yamyhub]]></dc:creator>
		<pubDate>Sat, 17 Jul 2021 00:53:14 +0000</pubDate>
				<guid isPermaLink="false">https://www.yamyhub.com/?post_type=video&#038;p=3715</guid>

					<description><![CDATA[<p>Big ass Adriana Chechik Rough ass fuck Porn anal HOLED Holed Adriana Chechik Anal Porn video. Big ass busty women Adriana Chechik fuck ass anal from big dick latest anal porn video. yamyhub anal porn video Adriana Chechik anal porn video. Adriana Chechik latest porn video. ass fuck pornhub video daftsex video latest HOLED anal [&#8230;]</p>
<p>The post <a rel="nofollow" href="https://www.yamyhub.com/video/big-ass-adriana-chechik-rough-ass-fuck-porn-anal-holed/">Big ass Adriana Chechik Rough ass fuck Porn anal HOLED</a> appeared first on <a rel="nofollow" href="https://www.yamyhub.com">Yamyhub</a>.</p>
]]></description>
										<content:encoded><![CDATA[<h2>Big ass Adriana Chechik Rough ass fuck Porn anal HOLED</h2>
<p>Holed Adriana Chechik Anal Porn video. Big ass busty women Adriana Chechik fuck ass anal from big dick latest anal porn video. yamyhub anal porn video Adriana Chechik anal porn video. Adriana Chechik latest porn video. ass fuck pornhub video daftsex video latest HOLED anal porn.</p>
<p>The post <a rel="nofollow" href="https://www.yamyhub.com/video/big-ass-adriana-chechik-rough-ass-fuck-porn-anal-holed/">Big ass Adriana Chechik Rough ass fuck Porn anal HOLED</a> appeared first on <a rel="nofollow" href="https://www.yamyhub.com">Yamyhub</a>.</p>
]]></content:encoded>
					
		
		
			</item>
		<item>
		<title>Abella danger Fuck anal and cum in mouth hloed</title>
		<link>https://www.yamyhub.com/video/abella-danger-fuck-anal-and-cum-in-mouth-hloed/</link>
		
		<dc:creator><![CDATA[yamyhub]]></dc:creator>
		<pubDate>Tue, 22 Jun 2021 08:27:21 +0000</pubDate>
				<guid isPermaLink="false">https://www.yamyhub.com/?post_type=video&#038;p=3444</guid>

					<description><![CDATA[<p>Abella danger Fuck anal and cum in mouth hloed Abella danger fuck anal and cum in mouth anal porn videos anal sex videos big ass anal video big butt big tits big boobs porn videos abella danger anal abella danger take cock in her ass.</p>
<p>The post <a rel="nofollow" href="https://www.yamyhub.com/video/abella-danger-fuck-anal-and-cum-in-mouth-hloed/">Abella danger Fuck anal and cum in mouth hloed</a> appeared first on <a rel="nofollow" href="https://www.yamyhub.com">Yamyhub</a>.</p>
]]></description>
										<content:encoded><![CDATA[<h2>Abella danger Fuck anal and cum in mouth hloed</h2>
<p>Abella danger fuck anal and cum in mouth anal porn videos anal sex videos big ass anal video big butt big tits big boobs porn videos abella danger anal abella danger take cock in her ass.</p>
<p>The post <a rel="nofollow" href="https://www.yamyhub.com/video/abella-danger-fuck-anal-and-cum-in-mouth-hloed/">Abella danger Fuck anal and cum in mouth hloed</a> appeared first on <a rel="nofollow" href="https://www.yamyhub.com">Yamyhub</a>.</p>
]]></content:encoded>
					
		
		
			</item>
	</channel>
</rss>
