<?xml version="1.0" encoding="UTF-8"?><rss version="2.0"
	xmlns:content="http://purl.org/rss/1.0/modules/content/"
	xmlns:wfw="http://wellformedweb.org/CommentAPI/"
	xmlns:dc="http://purl.org/dc/elements/1.1/"
	xmlns:atom="http://www.w3.org/2005/Atom"
	xmlns:sy="http://purl.org/rss/1.0/modules/syndication/"
	xmlns:slash="http://purl.org/rss/1.0/modules/slash/"
	>

<channel>
	<title>Sweetheart Video &#8211; Yamyhub</title>
	<atom:link href="https://www.yamyhub.com/categories/sweetheart-video/feed/" rel="self" type="application/rss+xml" />
	<link>https://www.yamyhub.com</link>
	<description>Watch latest free HD Full length Porn video. Big ass, Big cock, MILF, Lesbian, Step sister and Step mother Porn videos. Yamyhub porn videos.</description>
	<lastBuildDate>Sun, 27 Jun 2021 03:53:55 +0000</lastBuildDate>
	<language>en-US</language>
	<sy:updatePeriod>
	hourly	</sy:updatePeriod>
	<sy:updateFrequency>
	1	</sy:updateFrequency>
	<generator>https://wordpress.org/?v=5.7.2</generator>

<image>
	<url>https://www.yamyhub.com/wp-content/uploads/2021/06/favicon.png</url>
	<title>Sweetheart Video &#8211; Yamyhub</title>
	<link>https://www.yamyhub.com</link>
	<width>32</width>
	<height>32</height>
</image> 
	<item>
		<title>Brunette Lesbians Lena Paul, Abigail Mac Eat Pussy School Sweetheart</title>
		<link>https://www.yamyhub.com/video/brunette-lesbians-lena-paul-abigail-mac-eat-pussy-school-sweetheart/</link>
		
		<dc:creator><![CDATA[yamyhub]]></dc:creator>
		<pubDate>Fri, 11 Jun 2021 04:05:21 +0000</pubDate>
				<guid isPermaLink="false">https://www.yamyhub.com/?post_type=video&#038;p=3295</guid>

					<description><![CDATA[<p>Brunette Lesbians Lena Paul, Abigail Mac Eat Pussy School Sweetheart Pornstar Babe Brunette Fingering Big Ass Lesbian Pussy Licking HD Porn Pornohub Sweetheart Schoolgirl Blowjob Mgvideos Porhub Big Boobs Romantic Big Tits  School Kissing Girl On Girl Teacher  Sissoring Pussy Licking Sweetheartvideo</p>
<p>The post <a rel="nofollow" href="https://www.yamyhub.com/video/brunette-lesbians-lena-paul-abigail-mac-eat-pussy-school-sweetheart/">Brunette Lesbians Lena Paul, Abigail Mac Eat Pussy School Sweetheart</a> appeared first on <a rel="nofollow" href="https://www.yamyhub.com">Yamyhub</a>.</p>
]]></description>
										<content:encoded><![CDATA[<h1>Brunette Lesbians Lena Paul, Abigail Mac Eat Pussy School Sweetheart</h1>
<p>Pornstar Babe Brunette Fingering Big Ass Lesbian Pussy Licking HD Porn</p>
<p>Pornohub Sweetheart Schoolgirl Blowjob Mgvideos Porhub Big Boobs Romantic Big Tits  School Kissing Girl On Girl Teacher  Sissoring Pussy Licking Sweetheartvideo</p>
<p>The post <a rel="nofollow" href="https://www.yamyhub.com/video/brunette-lesbians-lena-paul-abigail-mac-eat-pussy-school-sweetheart/">Brunette Lesbians Lena Paul, Abigail Mac Eat Pussy School Sweetheart</a> appeared first on <a rel="nofollow" href="https://www.yamyhub.com">Yamyhub</a>.</p>
]]></content:encoded>
					
		
		
			</item>
	</channel>
</rss>
