<?xml version="1.0" encoding="UTF-8"?><rss version="2.0"
	xmlns:content="http://purl.org/rss/1.0/modules/content/"
	xmlns:wfw="http://wellformedweb.org/CommentAPI/"
	xmlns:dc="http://purl.org/dc/elements/1.1/"
	xmlns:atom="http://www.w3.org/2005/Atom"
	xmlns:sy="http://purl.org/rss/1.0/modules/syndication/"
	xmlns:slash="http://purl.org/rss/1.0/modules/slash/"
	>

<channel>
	<title>Dani Jensen &#8211; Yamyhub</title>
	<atom:link href="https://adult.yamyhub.com/categories/dani-jensen/feed/" rel="self" type="application/rss+xml" />
	<link>https://adult.yamyhub.com</link>
	<description>Watch latest free HD Full length Porn video. Big ass, Big cock, MILF, Lesbian, Step sister and Step mother Porn videos. Yamyhub porn videos.</description>
	<lastBuildDate>Sun, 13 Jun 2021 12:36:49 +0000</lastBuildDate>
	<language>en-US</language>
	<sy:updatePeriod>
	hourly	</sy:updatePeriod>
	<sy:updateFrequency>
	1	</sy:updateFrequency>
	<generator>https://wordpress.org/?v=5.7.2</generator>

<image>
	<url>https://adult.yamyhub.com/wp-content/uploads/2021/06/favicon.png</url>
	<title>Dani Jensen &#8211; Yamyhub</title>
	<link>https://adult.yamyhub.com</link>
	<width>32</width>
	<height>32</height>
</image> 
	<item>
		<title>Dani Jensen &#038; Veronica Avluv Anal fucked by Mike Adriano pervcity</title>
		<link>https://adult.yamyhub.com/video/dani-jensen-veronica-avluv-anal-fucked-by-mike-adriano-pervcity/</link>
		
		<dc:creator><![CDATA[yamyhub]]></dc:creator>
		<pubDate>Sun, 13 Jun 2021 12:33:01 +0000</pubDate>
				<guid isPermaLink="false">https://adult.yamyhub.com/?post_type=video&#038;p=3322</guid>

					<description><![CDATA[<p>Dani Jensen porn videos. mike Mike Adriano porn videos Veronica Avluv porn video big ass big tits big boobs big botty anal threesome porn videos. pornstars hardcore porn. Two female fuck anal by big cock.</p>
<p>The post <a rel="nofollow" href="https://adult.yamyhub.com/video/dani-jensen-veronica-avluv-anal-fucked-by-mike-adriano-pervcity/">Dani Jensen &#038; Veronica Avluv Anal fucked by Mike Adriano pervcity</a> appeared first on <a rel="nofollow" href="https://adult.yamyhub.com">Yamyhub</a>.</p>
]]></description>
										<content:encoded><![CDATA[<p>Dani Jensen porn videos. mike Mike Adriano porn videos Veronica Avluv porn video big ass big tits big boobs big botty anal threesome porn videos. pornstars hardcore porn. Two female fuck anal by big cock.</p>
<p>The post <a rel="nofollow" href="https://adult.yamyhub.com/video/dani-jensen-veronica-avluv-anal-fucked-by-mike-adriano-pervcity/">Dani Jensen &#038; Veronica Avluv Anal fucked by Mike Adriano pervcity</a> appeared first on <a rel="nofollow" href="https://adult.yamyhub.com">Yamyhub</a>.</p>
]]></content:encoded>
					
		
		
			</item>
	</channel>
</rss>
