<?xml version="1.0" encoding="UTF-8"?><rss version="2.0"
	xmlns:content="http://purl.org/rss/1.0/modules/content/"
	xmlns:wfw="http://wellformedweb.org/CommentAPI/"
	xmlns:dc="http://purl.org/dc/elements/1.1/"
	xmlns:atom="http://www.w3.org/2005/Atom"
	xmlns:sy="http://purl.org/rss/1.0/modules/syndication/"
	xmlns:slash="http://purl.org/rss/1.0/modules/slash/"
	>

<channel>
	<title>Jennifer white &#8211; Yamyhub</title>
	<atom:link href="https://www.yamyhub.com/categories/jennifer-white/feed/" rel="self" type="application/rss+xml" />
	<link>https://www.yamyhub.com</link>
	<description>Watch latest free HD Full length Porn video. Big ass, Big cock, MILF, Lesbian, Step sister and Step mother Porn videos. Yamyhub porn videos.</description>
	<lastBuildDate>Tue, 10 Aug 2021 13:43:06 +0000</lastBuildDate>
	<language>en-US</language>
	<sy:updatePeriod>
	hourly	</sy:updatePeriod>
	<sy:updateFrequency>
	1	</sy:updateFrequency>
	<generator>https://wordpress.org/?v=5.8</generator>

<image>
	<url>https://www.yamyhub.com/wp-content/uploads/2021/07/cropped-favicon-32x32.png</url>
	<title>Jennifer white &#8211; Yamyhub</title>
	<link>https://www.yamyhub.com</link>
	<width>32</width>
	<height>32</height>
</image> 
	<item>
		<title>Legal porno Jennifer White ride on black cock TXXX</title>
		<link>https://www.yamyhub.com/video/legal-porno-jennifer-white-ride-on-black-cock-txxx/</link>
		
		<dc:creator><![CDATA[yamyhub]]></dc:creator>
		<pubDate>Sun, 08 Aug 2021 12:17:26 +0000</pubDate>
				<guid isPermaLink="false">https://www.yamyhub.com/?post_type=video&#038;p=4198</guid>

					<description><![CDATA[<p>Legal porno Jennifer White ride on black cock TXXX Legal porno Porn star Jennifer White Double penetration TXXX porn video. Interracial Black cocks ass gape on Jennifer White sex Yamyhub. Mature Jennifer White with massive ass take down by two black cocks DP TXXX. Legal porno Get multiply big black dicks &#38; double penetration porn [&#8230;]</p>
<p>The post <a rel="nofollow" href="https://www.yamyhub.com/video/legal-porno-jennifer-white-ride-on-black-cock-txxx/">Legal porno Jennifer White ride on black cock TXXX</a> appeared first on <a rel="nofollow" href="https://www.yamyhub.com">Yamyhub</a>.</p>
]]></description>
										<content:encoded><![CDATA[<h2>Legal porno Jennifer White ride on black cock TXXX</h2>
<p>Legal porno Porn star Jennifer White Double penetration TXXX porn video. Interracial Black cocks ass gape on Jennifer White sex Yamyhub. Mature Jennifer White with massive ass take down by two black cocks DP TXXX. Legal porno Get multiply big black dicks &amp; double penetration porn TXXX videos. Mature pornstar Interracial tap up black cocks.</p>
<p>The post <a rel="nofollow" href="https://www.yamyhub.com/video/legal-porno-jennifer-white-ride-on-black-cock-txxx/">Legal porno Jennifer White ride on black cock TXXX</a> appeared first on <a rel="nofollow" href="https://www.yamyhub.com">Yamyhub</a>.</p>
]]></content:encoded>
					
		
		
			</item>
		<item>
		<title>Jennifer white fucked double penetration from black cock</title>
		<link>https://www.yamyhub.com/video/jennifer-white-fucked-double-penetration-from-black-cock/</link>
		
		<dc:creator><![CDATA[yamyhub]]></dc:creator>
		<pubDate>Mon, 26 Jul 2021 06:13:27 +0000</pubDate>
				<guid isPermaLink="false">https://www.yamyhub.com/?post_type=video&#038;p=3907</guid>

					<description><![CDATA[<p>Jennifer white fucked double penetration from black cock Blacked Porn star Jennifer white &#38; Prince Yahshua Porn video Double penetration. Two black cocks fuck Hardcore in ass hole. Threesome MMF yamyhub. Threesome latest porn videos with Male male female. FFM (Male male female) Latest threesome porn. Black cock penetrate Pussy and ass. Double penetration from [&#8230;]</p>
<p>The post <a rel="nofollow" href="https://www.yamyhub.com/video/jennifer-white-fucked-double-penetration-from-black-cock/">Jennifer white fucked double penetration from black cock</a> appeared first on <a rel="nofollow" href="https://www.yamyhub.com">Yamyhub</a>.</p>
]]></description>
										<content:encoded><![CDATA[<h2>Jennifer white fucked double penetration from black cock</h2>
<p>Blacked Porn star Jennifer white &amp; Prince Yahshua Porn video Double penetration. Two black cocks fuck Hardcore in ass hole. Threesome MMF yamyhub. Threesome latest porn videos with Male male female. FFM (Male male female) Latest threesome porn. Black cock penetrate Pussy and ass. Double penetration from Black cock. Prince Yahshua porn video. Jennifer white sex videos. Blacked porn video. TXXX porn Xhamster porn.</p>
<p>The post <a rel="nofollow" href="https://www.yamyhub.com/video/jennifer-white-fucked-double-penetration-from-black-cock/">Jennifer white fucked double penetration from black cock</a> appeared first on <a rel="nofollow" href="https://www.yamyhub.com">Yamyhub</a>.</p>
]]></content:encoded>
					
		
		
			</item>
	</channel>
</rss>
