<?xml version="1.0" encoding="UTF-8"?><rss version="2.0"
	xmlns:content="http://purl.org/rss/1.0/modules/content/"
	xmlns:wfw="http://wellformedweb.org/CommentAPI/"
	xmlns:dc="http://purl.org/dc/elements/1.1/"
	xmlns:atom="http://www.w3.org/2005/Atom"
	xmlns:sy="http://purl.org/rss/1.0/modules/syndication/"
	xmlns:slash="http://purl.org/rss/1.0/modules/slash/"
	>

<channel>
	<title>Bunny Colby &#8211; Yamyhub</title>
	<atom:link href="https://www.yamyhub.com/categories/bunny-colby/feed/" rel="self" type="application/rss+xml" />
	<link>https://www.yamyhub.com</link>
	<description>Watch latest free HD Full length Porn video. Big ass, Big cock, MILF, Lesbian, Step sister and Step mother Porn videos. Yamyhub porn videos.</description>
	<lastBuildDate>Tue, 10 Aug 2021 10:54:44 +0000</lastBuildDate>
	<language>en-US</language>
	<sy:updatePeriod>
	hourly	</sy:updatePeriod>
	<sy:updateFrequency>
	1	</sy:updateFrequency>
	<generator>https://wordpress.org/?v=5.8</generator>

<image>
	<url>https://www.yamyhub.com/wp-content/uploads/2021/07/cropped-favicon-32x32.png</url>
	<title>Bunny Colby &#8211; Yamyhub</title>
	<link>https://www.yamyhub.com</link>
	<width>32</width>
	<height>32</height>
</image> 
	<item>
		<title>Young Party lead to be lesbian organism threesome</title>
		<link>https://www.yamyhub.com/video/young-party-lead-to-be-lesbian-organism-threesome/</link>
		
		<dc:creator><![CDATA[yamyhub]]></dc:creator>
		<pubDate>Mon, 02 Aug 2021 11:59:06 +0000</pubDate>
				<guid isPermaLink="false">https://www.yamyhub.com/?post_type=video&#038;p=4100</guid>

					<description><![CDATA[<p>Young Party lead to be lesbian organism threesome Pornstar Ella knox, Quinn Wilde &#38; Bunny Colby porn video. Threesome Young lesbian Fingering and organism to each other. Lesbian porn yamyhub. brunettes get shared by blonde in house party. Young lesbian lick each other pussies and fingering. brunettes And blonde young lesbian each others. porn stars [&#8230;]</p>
<p>The post <a rel="nofollow" href="https://www.yamyhub.com/video/young-party-lead-to-be-lesbian-organism-threesome/">Young Party lead to be lesbian organism threesome</a> appeared first on <a rel="nofollow" href="https://www.yamyhub.com">Yamyhub</a>.</p>
]]></description>
										<content:encoded><![CDATA[<h2>Young Party lead to be lesbian organism threesome</h2>
<p>Pornstar Ella knox, Quinn Wilde &amp; Bunny Colby porn video. Threesome Young lesbian Fingering and organism to each other. Lesbian porn yamyhub. brunettes get shared by blonde in house party. Young lesbian lick each other pussies and fingering. brunettes And blonde young lesbian each others. porn stars Quinn Wilde, Ella knox &amp; Bunny Colby lick pussy. Pornhub videos.</p>
<p>The post <a rel="nofollow" href="https://www.yamyhub.com/video/young-party-lead-to-be-lesbian-organism-threesome/">Young Party lead to be lesbian organism threesome</a> appeared first on <a rel="nofollow" href="https://www.yamyhub.com">Yamyhub</a>.</p>
]]></content:encoded>
					
		
		
			</item>
	</channel>
</rss>
