<?xml version="1.0" encoding="UTF-8"?><rss version="2.0"
	xmlns:content="http://purl.org/rss/1.0/modules/content/"
	xmlns:wfw="http://wellformedweb.org/CommentAPI/"
	xmlns:dc="http://purl.org/dc/elements/1.1/"
	xmlns:atom="http://www.w3.org/2005/Atom"
	xmlns:sy="http://purl.org/rss/1.0/modules/syndication/"
	xmlns:slash="http://purl.org/rss/1.0/modules/slash/"
	>

<channel>
	<title>Arwen Gold &#8211; Yamyhub</title>
	<atom:link href="https://www.yamyhub.com/categories/arwen-gold/feed/" rel="self" type="application/rss+xml" />
	<link>https://www.yamyhub.com</link>
	<description>Watch latest free HD Full length Porn video. Big ass, Big cock, MILF, Lesbian, Step sister and Step mother Porn videos. Yamyhub porn videos.</description>
	<lastBuildDate>Fri, 13 Aug 2021 05:03:51 +0000</lastBuildDate>
	<language>en-US</language>
	<sy:updatePeriod>
	hourly	</sy:updatePeriod>
	<sy:updateFrequency>
	1	</sy:updateFrequency>
	<generator>https://wordpress.org/?v=5.8</generator>

<image>
	<url>https://www.yamyhub.com/wp-content/uploads/2021/07/cropped-favicon-32x32.png</url>
	<title>Arwen Gold &#8211; Yamyhub</title>
	<link>https://www.yamyhub.com</link>
	<width>32</width>
	<height>32</height>
</image> 
	<item>
		<title>Anal sex lesson from Teacher to Young student Arwen Gold</title>
		<link>https://www.yamyhub.com/video/anal-sex-lesson-from-teacher-to-young-student-arwen-gold/</link>
		
		<dc:creator><![CDATA[yamyhub]]></dc:creator>
		<pubDate>Wed, 07 Jul 2021 10:36:20 +0000</pubDate>
				<guid isPermaLink="false">https://www.yamyhub.com/?post_type=video&#038;p=3562</guid>

					<description><![CDATA[<p>Anal sex lesson from Teacher to Young student Arwen Gold School girl porn video Young School girl Arwen Gold anal lesson from teacher anal porn video in school. school girl fuck teacher yamyhub school girl fuck from teacher Arwen Gold anal porn video anal fuck.</p>
<p>The post <a rel="nofollow" href="https://www.yamyhub.com/video/anal-sex-lesson-from-teacher-to-young-student-arwen-gold/">Anal sex lesson from Teacher to Young student Arwen Gold</a> appeared first on <a rel="nofollow" href="https://www.yamyhub.com">Yamyhub</a>.</p>
]]></description>
										<content:encoded><![CDATA[<h2>Anal sex lesson from Teacher to Young student Arwen Gold</h2>
<p>School girl porn video Young School girl Arwen Gold anal lesson from teacher anal porn video in school. school girl fuck teacher yamyhub school girl fuck from teacher Arwen Gold anal porn video anal fuck.</p>
<p>The post <a rel="nofollow" href="https://www.yamyhub.com/video/anal-sex-lesson-from-teacher-to-young-student-arwen-gold/">Anal sex lesson from Teacher to Young student Arwen Gold</a> appeared first on <a rel="nofollow" href="https://www.yamyhub.com">Yamyhub</a>.</p>
]]></content:encoded>
					
		
		
			</item>
	</channel>
</rss>
