<?xml version="1.0" encoding="UTF-8"?><rss version="2.0"
	xmlns:content="http://purl.org/rss/1.0/modules/content/"
	xmlns:wfw="http://wellformedweb.org/CommentAPI/"
	xmlns:dc="http://purl.org/dc/elements/1.1/"
	xmlns:atom="http://www.w3.org/2005/Atom"
	xmlns:sy="http://purl.org/rss/1.0/modules/syndication/"
	xmlns:slash="http://purl.org/rss/1.0/modules/slash/"
	>

<channel>
	<title>DDF network &#8211; Yamyhub</title>
	<atom:link href="https://www.yamyhub.com/categories/ddf-network/feed/" rel="self" type="application/rss+xml" />
	<link>https://www.yamyhub.com</link>
	<description>Watch latest free HD Full length Porn video. Big ass, Big cock, MILF, Lesbian, Step sister and Step mother Porn videos. Yamyhub porn videos.</description>
	<lastBuildDate>Sun, 15 Aug 2021 11:41:25 +0000</lastBuildDate>
	<language>en-US</language>
	<sy:updatePeriod>
	hourly	</sy:updatePeriod>
	<sy:updateFrequency>
	1	</sy:updateFrequency>
	<generator>https://wordpress.org/?v=5.8</generator>

<image>
	<url>https://www.yamyhub.com/wp-content/uploads/2021/07/cropped-favicon-32x32.png</url>
	<title>DDF network &#8211; Yamyhub</title>
	<link>https://www.yamyhub.com</link>
	<width>32</width>
	<height>32</height>
</image> 
	<item>
		<title>Veronica Avluv Take cock &#038; sex toys in ass Daftsex</title>
		<link>https://www.yamyhub.com/video/veronica-avluv-take-cock-sex-toys-in-ass-daftsex/</link>
		
		<dc:creator><![CDATA[yamyhub]]></dc:creator>
		<pubDate>Fri, 06 Aug 2021 03:12:58 +0000</pubDate>
				<guid isPermaLink="false">https://www.yamyhub.com/?post_type=video&#038;p=4172</guid>

					<description><![CDATA[<p>Veronica Avluv Take cock &#38; sex toys in ass Daftsex DDF network Pornstar Veronica Avluv Daftsex video. MILF Love to getting sex toys &#38; cock in her ass. Veronica Avluv Ass gape Fucked Yamyhub. Veronica Avluv take young cock inside her ass. Ass gape of Veronica Avluv Ride and fuck from Young cock. Daftsex latest [&#8230;]</p>
<p>The post <a rel="nofollow" href="https://www.yamyhub.com/video/veronica-avluv-take-cock-sex-toys-in-ass-daftsex/">Veronica Avluv Take cock &#038; sex toys in ass Daftsex</a> appeared first on <a rel="nofollow" href="https://www.yamyhub.com">Yamyhub</a>.</p>
]]></description>
										<content:encoded><![CDATA[<h2>Veronica Avluv Take cock &amp; sex toys in ass Daftsex</h2>
<p>DDF network Pornstar Veronica Avluv Daftsex video. MILF Love to getting sex toys &amp; cock in her ass. Veronica Avluv Ass gape Fucked Yamyhub. Veronica Avluv take young cock inside her ass. Ass gape of Veronica Avluv Ride and fuck from Young cock. Daftsex latest sex toys porn videos with MILF Veronica Avluv sex videos xxx.</p>
<p>The post <a rel="nofollow" href="https://www.yamyhub.com/video/veronica-avluv-take-cock-sex-toys-in-ass-daftsex/">Veronica Avluv Take cock &#038; sex toys in ass Daftsex</a> appeared first on <a rel="nofollow" href="https://www.yamyhub.com">Yamyhub</a>.</p>
]]></content:encoded>
					
		
		
			</item>
		<item>
		<title>Secretary &#038; office boy sex in office when boss gone</title>
		<link>https://www.yamyhub.com/video/secretary-office-boy-sex-in-office-when-boss-gone/</link>
		
		<dc:creator><![CDATA[yamyhub]]></dc:creator>
		<pubDate>Thu, 29 Jul 2021 05:05:01 +0000</pubDate>
				<guid isPermaLink="false">https://www.yamyhub.com/?post_type=video&#038;p=3943</guid>

					<description><![CDATA[<p>Secretary &#38; office boy sex in office when boss gone DDF network Porn star Aletta ocean porn video. Office boy Fuck boss secretary in office when boos is gone. Office Porn Aletta ocean Yamyhub. Brunettes ass Aletta ocean take office boy cock. Porn star Aletta ocean love to fuck in office. Office boy pound Alleta [&#8230;]</p>
<p>The post <a rel="nofollow" href="https://www.yamyhub.com/video/secretary-office-boy-sex-in-office-when-boss-gone/">Secretary &#038; office boy sex in office when boss gone</a> appeared first on <a rel="nofollow" href="https://www.yamyhub.com">Yamyhub</a>.</p>
]]></description>
										<content:encoded><![CDATA[<h2>Secretary &amp; office boy sex in office when boss gone</h2>
<p>DDF network Porn star Aletta ocean porn video. Office boy Fuck boss secretary in office when boos is gone. Office Porn Aletta ocean Yamyhub. Brunettes ass Aletta ocean take office boy cock. Porn star Aletta ocean love to fuck in office. Office boy pound Alleta ocean when boss not at office. DDF network porn videos. TXXX porn Youporn videos.</p>
<p>The post <a rel="nofollow" href="https://www.yamyhub.com/video/secretary-office-boy-sex-in-office-when-boss-gone/">Secretary &#038; office boy sex in office when boss gone</a> appeared first on <a rel="nofollow" href="https://www.yamyhub.com">Yamyhub</a>.</p>
]]></content:encoded>
					
		
		
			</item>
		<item>
		<title>Stepmom Anissa Kate Fuck when dad not at home DDF Network</title>
		<link>https://www.yamyhub.com/video/stepmom-anissa-keith-fuck-when-dad-not-at-home-ddf-network/</link>
		
		<dc:creator><![CDATA[yamyhub]]></dc:creator>
		<pubDate>Tue, 06 Jul 2021 11:22:04 +0000</pubDate>
				<guid isPermaLink="false">https://www.yamyhub.com/?post_type=video&#038;p=3543</guid>

					<description><![CDATA[<p>Stepmom Anissa Kate Fuck when dad not at home DDF Network DDF Network Stepmom porn video Stepmom Anissa Kate Fuck when dad not at home stepson porn Mom fuck from son yamyhub MILF stepmom porn MILF porn video stepmom fuck from sons big cock son fuck mom DDF network porn video</p>
<p>The post <a rel="nofollow" href="https://www.yamyhub.com/video/stepmom-anissa-keith-fuck-when-dad-not-at-home-ddf-network/">Stepmom Anissa Kate Fuck when dad not at home DDF Network</a> appeared first on <a rel="nofollow" href="https://www.yamyhub.com">Yamyhub</a>.</p>
]]></description>
										<content:encoded><![CDATA[<h2>Stepmom Anissa Kate Fuck when dad not at home DDF Network</h2>
<p>DDF Network Stepmom porn video Stepmom Anissa Kate Fuck when dad not at home stepson porn Mom fuck from son yamyhub MILF stepmom porn MILF porn video stepmom fuck from sons big cock son fuck mom DDF network porn video</p>
<p>The post <a rel="nofollow" href="https://www.yamyhub.com/video/stepmom-anissa-keith-fuck-when-dad-not-at-home-ddf-network/">Stepmom Anissa Kate Fuck when dad not at home DDF Network</a> appeared first on <a rel="nofollow" href="https://www.yamyhub.com">Yamyhub</a>.</p>
]]></content:encoded>
					
		
		
			</item>
	</channel>
</rss>
