<?xml version="1.0" encoding="UTF-8"?><rss version="2.0"
	xmlns:content="http://purl.org/rss/1.0/modules/content/"
	xmlns:wfw="http://wellformedweb.org/CommentAPI/"
	xmlns:dc="http://purl.org/dc/elements/1.1/"
	xmlns:atom="http://www.w3.org/2005/Atom"
	xmlns:sy="http://purl.org/rss/1.0/modules/syndication/"
	xmlns:slash="http://purl.org/rss/1.0/modules/slash/"
	>

<channel>
	<title>Ayumu Kase &#8211; Yamyhub</title>
	<atom:link href="https://www.yamyhub.com/categories/ayumu-kase/feed/" rel="self" type="application/rss+xml" />
	<link>https://www.yamyhub.com</link>
	<description>Watch latest free HD Full length Porn video. Big ass, Big cock, MILF, Lesbian, Step sister and Step mother Porn videos. Yamyhub porn videos.</description>
	<lastBuildDate>Thu, 12 Aug 2021 02:19:46 +0000</lastBuildDate>
	<language>en-US</language>
	<sy:updatePeriod>
	hourly	</sy:updatePeriod>
	<sy:updateFrequency>
	1	</sy:updateFrequency>
	<generator>https://wordpress.org/?v=5.8</generator>

<image>
	<url>https://www.yamyhub.com/wp-content/uploads/2021/07/cropped-favicon-32x32.png</url>
	<title>Ayumu Kase &#8211; Yamyhub</title>
	<link>https://www.yamyhub.com</link>
	<width>32</width>
	<height>32</height>
</image> 
	<item>
		<title>Brazzers Asian pornstar Ayumu Kase Get cock in game xnxx</title>
		<link>https://www.yamyhub.com/video/brazzers-asian-pornstar-ayumu-kase-get-cock-in-game-xnxx/</link>
		
		<dc:creator><![CDATA[yamyhub]]></dc:creator>
		<pubDate>Thu, 12 Aug 2021 02:17:00 +0000</pubDate>
				<guid isPermaLink="false">https://www.yamyhub.com/?post_type=video&#038;p=4433</guid>

					<description><![CDATA[<p>Brazzers Asian pornstar Ayumu Kase Get cock in game xnxx Brazzers XNXX pornstar Ayumu Kase porn video. Sexy Asian hot teen want to take American business man cock in her pussy. Sex movie yamyhub. Stylish hair teen get cocked. Asian Japanese want to take business man cock. Japanese porn Ayumu Kase latest porn video at [&#8230;]</p>
<p>The post <a rel="nofollow" href="https://www.yamyhub.com/video/brazzers-asian-pornstar-ayumu-kase-get-cock-in-game-xnxx/">Brazzers Asian pornstar Ayumu Kase Get cock in game xnxx</a> appeared first on <a rel="nofollow" href="https://www.yamyhub.com">Yamyhub</a>.</p>
]]></description>
										<content:encoded><![CDATA[<h2>Brazzers Asian pornstar Ayumu Kase Get cock in game xnxx</h2>
<p>Brazzers XNXX pornstar Ayumu Kase porn video. Sexy Asian hot teen want to take American business man cock in her pussy. Sex movie yamyhub. Stylish hair teen get cocked. Asian Japanese want to take business man cock. Japanese porn Ayumu Kase latest porn video at xnxx sex videos xxx.</p>
<p>The post <a rel="nofollow" href="https://www.yamyhub.com/video/brazzers-asian-pornstar-ayumu-kase-get-cock-in-game-xnxx/">Brazzers Asian pornstar Ayumu Kase Get cock in game xnxx</a> appeared first on <a rel="nofollow" href="https://www.yamyhub.com">Yamyhub</a>.</p>
]]></content:encoded>
					
		
		
			</item>
	</channel>
</rss>
