<?xml version="1.0" encoding="UTF-8"?><rss version="2.0"
	xmlns:content="http://purl.org/rss/1.0/modules/content/"
	xmlns:wfw="http://wellformedweb.org/CommentAPI/"
	xmlns:dc="http://purl.org/dc/elements/1.1/"
	xmlns:atom="http://www.w3.org/2005/Atom"
	xmlns:sy="http://purl.org/rss/1.0/modules/syndication/"
	xmlns:slash="http://purl.org/rss/1.0/modules/slash/"
	>

<channel>
	<title>Anikka Albrite &#8211; Yamyhub</title>
	<atom:link href="https://www.yamyhub.com/categories/anikka-albrite/feed/" rel="self" type="application/rss+xml" />
	<link>https://www.yamyhub.com</link>
	<description>Watch latest free HD Full length Porn video. Big ass, Big cock, MILF, Lesbian, Step sister and Step mother Porn videos. Yamyhub porn videos.</description>
	<lastBuildDate>Tue, 10 Aug 2021 11:07:23 +0000</lastBuildDate>
	<language>en-US</language>
	<sy:updatePeriod>
	hourly	</sy:updatePeriod>
	<sy:updateFrequency>
	1	</sy:updateFrequency>
	<generator>https://wordpress.org/?v=5.8</generator>

<image>
	<url>https://www.yamyhub.com/wp-content/uploads/2021/07/cropped-favicon-32x32.png</url>
	<title>Anikka Albrite &#8211; Yamyhub</title>
	<link>https://www.yamyhub.com</link>
	<width>32</width>
	<height>32</height>
</image> 
	<item>
		<title>Lesbian licked &#038; brought anikka albrite to organism jesse jane</title>
		<link>https://www.yamyhub.com/video/lesbian-licked-brought-anikka-albrite-to-organism-jesse-jane/</link>
		
		<dc:creator><![CDATA[yamyhub]]></dc:creator>
		<pubDate>Sun, 01 Aug 2021 13:02:48 +0000</pubDate>
				<guid isPermaLink="false">https://www.yamyhub.com/?post_type=video&#038;p=4082</guid>

					<description><![CDATA[<p>Lesbian licked &#38; brought anikka albrite to organism jesse jane Pornstars Jesse jane &#38; Anikka Albrite lesbian porn video. Big boobs lesbian licked lesson to brought organism. Lesbian organism porn yamyhub. Hot lesbian Anikka Albrite organism porn. Busty Jesse jane Have lesbian lesson to her friend. Night fun with lesbian Anikka Albrite &#38; Jesse jane [&#8230;]</p>
<p>The post <a rel="nofollow" href="https://www.yamyhub.com/video/lesbian-licked-brought-anikka-albrite-to-organism-jesse-jane/">Lesbian licked &#038; brought anikka albrite to organism jesse jane</a> appeared first on <a rel="nofollow" href="https://www.yamyhub.com">Yamyhub</a>.</p>
]]></description>
										<content:encoded><![CDATA[<h2>Lesbian licked &amp; brought anikka albrite to organism jesse jane</h2>
<p>Pornstars Jesse jane &amp; Anikka Albrite lesbian porn video. Big boobs lesbian licked lesson to brought organism. Lesbian organism porn yamyhub. Hot lesbian Anikka Albrite organism porn. Busty Jesse jane Have lesbian lesson to her friend. Night fun with lesbian Anikka Albrite &amp; Jesse jane porn videos. Xhamster sex videos.</p>
<p>The post <a rel="nofollow" href="https://www.yamyhub.com/video/lesbian-licked-brought-anikka-albrite-to-organism-jesse-jane/">Lesbian licked &#038; brought anikka albrite to organism jesse jane</a> appeared first on <a rel="nofollow" href="https://www.yamyhub.com">Yamyhub</a>.</p>
]]></content:encoded>
					
		
		
			</item>
		<item>
		<title>Jules Jordan Anikka Albrite &#038; Alexis Texas Create Ass Sandwich</title>
		<link>https://www.yamyhub.com/video/jules-jordan-anikka-albrite-alexis-texas-create-ass-sandwich/</link>
		
		<dc:creator><![CDATA[yamyhub]]></dc:creator>
		<pubDate>Mon, 17 May 2021 16:56:24 +0000</pubDate>
				<guid isPermaLink="false">http://localhost/github/?post_type=video&#038;p=2926</guid>

					<description><![CDATA[<p>Jules Jordan &#8211; Anikka Albrite &#38; Alexis Texas Create an Ass Sandwich Big Ass porn videos, Cumshot HD Porn, Big Dick, Blonde Blowjob, Hardcore Pornstar Threesome, Jules jordan, Natural Tits, Big Cocks Blondes, Big Dick Blonde, 3some Small Tits, Blowjobs Facial Hd Natural, Big Cock Butt, 3 Way Big Butts, Outdoors Big Booty Big Ass</p>
<p>The post <a rel="nofollow" href="https://www.yamyhub.com/video/jules-jordan-anikka-albrite-alexis-texas-create-ass-sandwich/">Jules Jordan Anikka Albrite &#038; Alexis Texas Create Ass Sandwich</a> appeared first on <a rel="nofollow" href="https://www.yamyhub.com">Yamyhub</a>.</p>
]]></description>
										<content:encoded><![CDATA[<h3>Jules Jordan &#8211; Anikka Albrite &amp; Alexis Texas Create an Ass Sandwich</h3>
<p>Big Ass porn videos, Cumshot HD Porn, Big Dick, Blonde Blowjob, Hardcore Pornstar Threesome, Jules jordan, Natural Tits, Big Cocks Blondes, Big Dick Blonde, 3some Small Tits, Blowjobs Facial Hd Natural, Big Cock Butt, 3 Way Big Butts, Outdoors Big Booty Big Ass</p>
<p>The post <a rel="nofollow" href="https://www.yamyhub.com/video/jules-jordan-anikka-albrite-alexis-texas-create-ass-sandwich/">Jules Jordan Anikka Albrite &#038; Alexis Texas Create Ass Sandwich</a> appeared first on <a rel="nofollow" href="https://www.yamyhub.com">Yamyhub</a>.</p>
]]></content:encoded>
					
		
		
			</item>
	</channel>
</rss>
