<?xml version="1.0" encoding="UTF-8"?><rss version="2.0"
	xmlns:content="http://purl.org/rss/1.0/modules/content/"
	xmlns:wfw="http://wellformedweb.org/CommentAPI/"
	xmlns:dc="http://purl.org/dc/elements/1.1/"
	xmlns:atom="http://www.w3.org/2005/Atom"
	xmlns:sy="http://purl.org/rss/1.0/modules/syndication/"
	xmlns:slash="http://purl.org/rss/1.0/modules/slash/"
	>

<channel>
	<title>casca akashova &#8211; Yamyhub</title>
	<atom:link href="https://www.yamyhub.com/categories/casca-akashova/feed/" rel="self" type="application/rss+xml" />
	<link>https://www.yamyhub.com</link>
	<description>Watch latest free HD Full length Porn video. Big ass, Big cock, MILF, Lesbian, Step sister and Step mother Porn videos. Yamyhub porn videos.</description>
	<lastBuildDate>Sat, 31 Jul 2021 06:59:10 +0000</lastBuildDate>
	<language>en-US</language>
	<sy:updatePeriod>
	hourly	</sy:updatePeriod>
	<sy:updateFrequency>
	1	</sy:updateFrequency>
	<generator>https://wordpress.org/?v=5.8</generator>

<image>
	<url>https://www.yamyhub.com/wp-content/uploads/2021/07/cropped-favicon-32x32.png</url>
	<title>casca akashova &#8211; Yamyhub</title>
	<link>https://www.yamyhub.com</link>
	<width>32</width>
	<height>32</height>
</image> 
	<item>
		<title>Christmas mess MILf casca akashova &#038; avery moon Familystrokes</title>
		<link>https://www.yamyhub.com/video/christmas-mess-milf-casca-akashova-avery-moon-familystrokes/</link>
		
		<dc:creator><![CDATA[yamyhub]]></dc:creator>
		<pubDate>Fri, 25 Jun 2021 12:22:04 +0000</pubDate>
				<guid isPermaLink="false">https://www.yamyhub.com/?post_type=video&#038;p=3469</guid>

					<description><![CDATA[<p>Christmas mess MILf casca akashova &#38; avery moon Familystrokes Big ass casca akashova fucked Christmas big tits  casca akashova avery moon porn video avery moon threesome porn avery moon big tits Christmas porn Christmas mess porn videos casca akashova threesome</p>
<p>The post <a rel="nofollow" href="https://www.yamyhub.com/video/christmas-mess-milf-casca-akashova-avery-moon-familystrokes/">Christmas mess MILf casca akashova &#038; avery moon Familystrokes</a> appeared first on <a rel="nofollow" href="https://www.yamyhub.com">Yamyhub</a>.</p>
]]></description>
										<content:encoded><![CDATA[<h2>Christmas mess MILf casca akashova &amp; avery moon Familystrokes</h2>
<p>Big ass casca akashova fucked Christmas big tits  casca akashova avery moon porn video avery moon threesome porn avery moon big tits Christmas porn Christmas mess porn videos casca akashova threesome</p>
<p>The post <a rel="nofollow" href="https://www.yamyhub.com/video/christmas-mess-milf-casca-akashova-avery-moon-familystrokes/">Christmas mess MILf casca akashova &#038; avery moon Familystrokes</a> appeared first on <a rel="nofollow" href="https://www.yamyhub.com">Yamyhub</a>.</p>
]]></content:encoded>
					
		
		
			</item>
	</channel>
</rss>
