<?xml version="1.0" encoding="UTF-8"?><rss version="2.0"
	xmlns:content="http://purl.org/rss/1.0/modules/content/"
	xmlns:wfw="http://wellformedweb.org/CommentAPI/"
	xmlns:dc="http://purl.org/dc/elements/1.1/"
	xmlns:atom="http://www.w3.org/2005/Atom"
	xmlns:sy="http://purl.org/rss/1.0/modules/syndication/"
	xmlns:slash="http://purl.org/rss/1.0/modules/slash/"
	>

<channel>
	<title>Natasha Teen &#8211; Yamyhub</title>
	<atom:link href="https://adult.yamyhub.com/categories/natasha-teen/feed/" rel="self" type="application/rss+xml" />
	<link>https://adult.yamyhub.com</link>
	<description>Watch latest free HD Full length Porn video. Big ass, Big cock, MILF, Lesbian, Step sister and Step mother Porn videos. Yamyhub porn videos.</description>
	<lastBuildDate>Wed, 16 Jun 2021 04:34:14 +0000</lastBuildDate>
	<language>en-US</language>
	<sy:updatePeriod>
	hourly	</sy:updatePeriod>
	<sy:updateFrequency>
	1	</sy:updateFrequency>
	<generator>https://wordpress.org/?v=5.7.2</generator>

<image>
	<url>https://adult.yamyhub.com/wp-content/uploads/2021/06/favicon.png</url>
	<title>Natasha Teen &#8211; Yamyhub</title>
	<link>https://adult.yamyhub.com</link>
	<width>32</width>
	<height>32</height>
</image> 
	<item>
		<title>Gonzo double anal triple penetration Natasha Teen porn</title>
		<link>https://adult.yamyhub.com/video/gonzo-double-anal-triple-penetration-natasha-teen-porn/</link>
		
		<dc:creator><![CDATA[yamyhub]]></dc:creator>
		<pubDate>Fri, 28 May 2021 10:53:14 +0000</pubDate>
				<guid isPermaLink="false">http://localhost/github/?post_type=video&#038;p=3011</guid>

					<description><![CDATA[<p>Gonzo double anal triple penetration Natasha Teen porn HD Porn Movies Triple Penetration  Gangbang And more HD porn Triple Penetration Triple Anal Double Penetration Double Anal Watch natasha teen porn videos, legalporno porn videos, analvids porn videos double anal, double penetration, double anal porn videos. Gonzo porn video.</p>
<p>The post <a rel="nofollow" href="https://adult.yamyhub.com/video/gonzo-double-anal-triple-penetration-natasha-teen-porn/">Gonzo double anal triple penetration Natasha Teen porn</a> appeared first on <a rel="nofollow" href="https://adult.yamyhub.com">Yamyhub</a>.</p>
]]></description>
										<content:encoded><![CDATA[<h1>Gonzo double anal triple penetration Natasha Teen porn</h1>
<p>HD Porn Movies Triple Penetration  Gangbang And more HD porn Triple Penetration Triple Anal Double Penetration Double Anal Watch natasha teen porn videos, legalporno porn videos, analvids porn videos double anal, double penetration, double anal porn videos. Gonzo porn video.</p>
<p>The post <a rel="nofollow" href="https://adult.yamyhub.com/video/gonzo-double-anal-triple-penetration-natasha-teen-porn/">Gonzo double anal triple penetration Natasha Teen porn</a> appeared first on <a rel="nofollow" href="https://adult.yamyhub.com">Yamyhub</a>.</p>
]]></content:encoded>
					
		
		
			</item>
	</channel>
</rss>
