<?xml version="1.0" encoding="UTF-8"?><rss version="2.0"
	xmlns:content="http://purl.org/rss/1.0/modules/content/"
	xmlns:wfw="http://wellformedweb.org/CommentAPI/"
	xmlns:dc="http://purl.org/dc/elements/1.1/"
	xmlns:atom="http://www.w3.org/2005/Atom"
	xmlns:sy="http://purl.org/rss/1.0/modules/syndication/"
	xmlns:slash="http://purl.org/rss/1.0/modules/slash/"
	>

<channel>
	<title>Francesca Le &#8211; Yamyhub</title>
	<atom:link href="https://www.yamyhub.com/categories/francesca-le/feed/" rel="self" type="application/rss+xml" />
	<link>https://www.yamyhub.com</link>
	<description>Watch latest free HD Full length Porn video. Big ass, Big cock, MILF, Lesbian, Step sister and Step mother Porn videos. Yamyhub porn videos.</description>
	<lastBuildDate>Tue, 10 Aug 2021 10:52:04 +0000</lastBuildDate>
	<language>en-US</language>
	<sy:updatePeriod>
	hourly	</sy:updatePeriod>
	<sy:updateFrequency>
	1	</sy:updateFrequency>
	<generator>https://wordpress.org/?v=5.8</generator>

<image>
	<url>https://www.yamyhub.com/wp-content/uploads/2021/07/cropped-favicon-32x32.png</url>
	<title>Francesca Le &#8211; Yamyhub</title>
	<link>https://www.yamyhub.com</link>
	<width>32</width>
	<height>32</height>
</image> 
	<item>
		<title>Evil angel Violet Starr &#038; her mommy&#8217;s Francesca Le scissoring</title>
		<link>https://www.yamyhub.com/video/evil-angel-violet-starr-her-mommys-francesca-le-scissoring/</link>
		
		<dc:creator><![CDATA[yamyhub]]></dc:creator>
		<pubDate>Mon, 02 Aug 2021 13:53:50 +0000</pubDate>
				<guid isPermaLink="false">https://www.yamyhub.com/?post_type=video&#038;p=4106</guid>

					<description><![CDATA[<p>Evil angel Violet Starr &#38; her mommy&#8217;s Francesca Le scissoring Evil angel Porn star Violet Starr Francesca Le porn video. Two hot chicks including Violet Starr fucked by big cock. Threesome FFM porn. Two beautiful brunettes women want cock inside her pussy and ass hole. Ass hole fucked by big cock and cum in mouth. [&#8230;]</p>
<p>The post <a rel="nofollow" href="https://www.yamyhub.com/video/evil-angel-violet-starr-her-mommys-francesca-le-scissoring/">Evil angel Violet Starr &#038; her mommy&#8217;s Francesca Le scissoring</a> appeared first on <a rel="nofollow" href="https://www.yamyhub.com">Yamyhub</a>.</p>
]]></description>
										<content:encoded><![CDATA[<h2>Evil angel Violet Starr &amp; her mommy&#8217;s Francesca Le scissoring</h2>
<p>Evil angel Porn star Violet Starr Francesca Le porn video. Two hot chicks including Violet Starr fucked by big cock. Threesome FFM porn. Two beautiful brunettes women want cock inside her pussy and ass hole. Ass hole fucked by big cock and cum in mouth. Evil angel scissoring porn videos. Francesca Le &amp; Violet Starr latest sex movies XXX. YouPorn videos.</p>
<p>The post <a rel="nofollow" href="https://www.yamyhub.com/video/evil-angel-violet-starr-her-mommys-francesca-le-scissoring/">Evil angel Violet Starr &#038; her mommy&#8217;s Francesca Le scissoring</a> appeared first on <a rel="nofollow" href="https://www.yamyhub.com">Yamyhub</a>.</p>
]]></content:encoded>
					
		
		
			</item>
	</channel>
</rss>
