<?xml version="1.0" encoding="UTF-8"?><rss version="2.0"
	xmlns:content="http://purl.org/rss/1.0/modules/content/"
	xmlns:wfw="http://wellformedweb.org/CommentAPI/"
	xmlns:dc="http://purl.org/dc/elements/1.1/"
	xmlns:atom="http://www.w3.org/2005/Atom"
	xmlns:sy="http://purl.org/rss/1.0/modules/syndication/"
	xmlns:slash="http://purl.org/rss/1.0/modules/slash/"
	>

<channel>
	<title>Fake taxi &#8211; Yamyhub</title>
	<atom:link href="https://www.yamyhub.com/categories/fake-taxi/feed/" rel="self" type="application/rss+xml" />
	<link>https://www.yamyhub.com</link>
	<description>Watch latest free HD Full length Porn video. Big ass, Big cock, MILF, Lesbian, Step sister and Step mother Porn videos. Yamyhub porn videos.</description>
	<lastBuildDate>Tue, 10 Aug 2021 10:37:06 +0000</lastBuildDate>
	<language>en-US</language>
	<sy:updatePeriod>
	hourly	</sy:updatePeriod>
	<sy:updateFrequency>
	1	</sy:updateFrequency>
	<generator>https://wordpress.org/?v=5.8</generator>

<image>
	<url>https://www.yamyhub.com/wp-content/uploads/2021/07/cropped-favicon-32x32.png</url>
	<title>Fake taxi &#8211; Yamyhub</title>
	<link>https://www.yamyhub.com</link>
	<width>32</width>
	<height>32</height>
</image> 
	<item>
		<title>Fake taxi three busty chicks fuck her pussies with dildo</title>
		<link>https://www.yamyhub.com/video/fake-taxi-three-busty-chicks-fuck-her-pussies-with-dildo/</link>
		
		<dc:creator><![CDATA[yamyhub]]></dc:creator>
		<pubDate>Sun, 08 Aug 2021 07:53:40 +0000</pubDate>
				<guid isPermaLink="false">https://www.yamyhub.com/?post_type=video&#038;p=4196</guid>

					<description><![CDATA[<p>Fake taxi three busty chicks fuck her pussies with dildo Taxi drive lick and fuck three hot busty teen yamyhub. Busty women use dildo to fuck pussies. Fake taxi Pornstars daftsex porn videos. Use of dildos to fuck pussy in fake taxi. daftsex with foursome use dildo. Watch the best fake taxi porn at Daftsex [&#8230;]</p>
<p>The post <a rel="nofollow" href="https://www.yamyhub.com/video/fake-taxi-three-busty-chicks-fuck-her-pussies-with-dildo/">Fake taxi three busty chicks fuck her pussies with dildo</a> appeared first on <a rel="nofollow" href="https://www.yamyhub.com">Yamyhub</a>.</p>
]]></description>
										<content:encoded><![CDATA[<h2>Fake taxi three busty chicks fuck her pussies with dildo</h2>
<p>Taxi drive lick and fuck three hot busty teen yamyhub. Busty women use dildo to fuck pussies. Fake taxi Pornstars daftsex porn videos. Use of dildos to fuck pussy in fake taxi. daftsex with foursome use dildo. Watch the best fake taxi porn at Daftsex xxx videos sex. Three  blonde hot teen love to her pussy from one cock. Teen want to get fucked together daftsex porn.</p>
<p>The post <a rel="nofollow" href="https://www.yamyhub.com/video/fake-taxi-three-busty-chicks-fuck-her-pussies-with-dildo/">Fake taxi three busty chicks fuck her pussies with dildo</a> appeared first on <a rel="nofollow" href="https://www.yamyhub.com">Yamyhub</a>.</p>
]]></content:encoded>
					
		
		
			</item>
		<item>
		<title>Fake taxi with small tits Adelle unicorn want cock</title>
		<link>https://www.yamyhub.com/video/fake-taxi-with-small-tits-adelle-unicorn-want-cock/</link>
		
		<dc:creator><![CDATA[yamyhub]]></dc:creator>
		<pubDate>Wed, 04 Aug 2021 11:11:03 +0000</pubDate>
				<guid isPermaLink="false">https://www.yamyhub.com/?post_type=video&#038;p=4149</guid>

					<description><![CDATA[<p>Fake taxi with small tits Adelle unicorn want cock Fake taxi porn star Adelle unicorn porn video. Pornstar with small tits get her perfect pussy with big cock of hard rough sex. Fake yamyhub. Fake Taxi Adelle unicorn Gives Outstanding Blowjob. Cute Tiny Blonde Teen Adelle unicorn in fake taxis. Fake Taxi pornstar Adelle unicorn [&#8230;]</p>
<p>The post <a rel="nofollow" href="https://www.yamyhub.com/video/fake-taxi-with-small-tits-adelle-unicorn-want-cock/">Fake taxi with small tits Adelle unicorn want cock</a> appeared first on <a rel="nofollow" href="https://www.yamyhub.com">Yamyhub</a>.</p>
]]></description>
										<content:encoded><![CDATA[<h2>Fake taxi with small tits Adelle unicorn want cock</h2>
<p>Fake taxi porn star Adelle unicorn porn video. Pornstar with small tits get her perfect pussy with big cock of hard rough sex. Fake yamyhub. Fake Taxi Adelle unicorn Gives Outstanding Blowjob. Cute Tiny Blonde Teen Adelle unicorn in fake taxis. Fake Taxi pornstar Adelle unicorn and her small tits. Xvideos pornhub videos.</p>
<p>The post <a rel="nofollow" href="https://www.yamyhub.com/video/fake-taxi-with-small-tits-adelle-unicorn-want-cock/">Fake taxi with small tits Adelle unicorn want cock</a> appeared first on <a rel="nofollow" href="https://www.yamyhub.com">Yamyhub</a>.</p>
]]></content:encoded>
					
		
		
			</item>
	</channel>
</rss>
