429f
<?xml version="1.0" encoding="UTF-8"?><rss version="2.0"
	xmlns:content="http://purl.org/rss/1.0/modules/content/"
	xmlns:wfw="http://wellformedweb.org/CommentAPI/"
	xmlns:dc="http://purl.org/dc/elements/1.1/"
	xmlns:atom="http://www.w3.org/2005/Atom"
	xmlns:sy="http://purl.org/rss/1.0/modules/syndication/"
	xmlns:slash="http://purl.org/rss/1.0/modules/slash/"
	>

<channel>
	<title>Eporner &#8211; Yamyhub</title>
	<atom:link href="https://adult.yamyhub.com/categories/eporner/feed/" rel="self" type="application/rss+xml" />
	<link>https://adult.yamyhub.com</link>
	<description>Watch latest free HD Full length Porn video. Big ass, Big cock, MILF, Lesbian, Step sister and Step mother Porn videos. Yamyhub porn videos.</description>
	<lastBuildDate>Sun, 27 Jun 2021 03:18:03 +0000</lastBuildDate>
	<language>en-US</language>
	<sy:updatePeriod>
	hourly	</sy:updatePeriod>
	<sy:updateFrequency>
	1	</sy:updateFrequency>
	<generator>https://wordpress.org/?v=5.7.2</generator>

<image>
	<url>https://adult.yamyhub.com/wp-content/uploads/2021/06/favicon.png</url>
	<title>Eporner &#8211; Yamyhub</title>
	<link>https://adult.yamyhub.com</link>
	<width>32</width>
	<height>32</height>
</image> 
	<item>
		<title>stepdaughter Chloe Scott Fuck from Dad big cock family stroke</title>
		<link>https://adult.yamyhub.com/video/stepdaughter-chloe-scott-fuck-from-dad-big-cock-family-stroke/</link>
		
		<dc:creator><![CDATA[yamyhub]]></dc:creator>
		<pubDate>Sun, 27 Jun 2021 03:17:10 +0000</pubDate>
				<guid isPermaLink="false">https://adult.yamyhub.com/?post_type=video&#038;p=3481</guid>

					<description><![CDATA[<p>stepdaughter Chloe Scott Fuck from Dad big cock family stroke family stroke porn video family stroke step daughter porn video chloe scott family stroke porn chloe scott fuck from dad chloe scott porn video big dick porn video stepdaughter porn video.</p>
<p>The post <a rel="nofollow" href="https://adult.yamyhub.com/video/stepdaughter-chloe-scott-fuck-from-dad-big-cock-family-stroke/">stepdaughter Chloe Scott Fuck from Dad big cock family stroke</a> appeared first on <a rel="nofollow" href="https://adult.yamyhub.com">Yamyhub</a>.</p>
]]></description>
										<content:encoded><![CDATA[<h2>stepdaughter Chloe Scott Fuck from Dad big cock family stroke</h2>
<p>family stroke porn video family stroke step daughter porn video chloe scott family stroke porn chloe scott fuck from dad chloe scott porn video big dick porn video stepdaughter porn video.</p>
<p>The post <a rel="nofollow" href="https://adult.yamyhub.com/video/stepdaughter-chloe-scott-fuck-from-dad-big-cock-family-stroke/">stepdaughter Chloe Scott Fuck from Dad big cock family stroke</a> appeared first on <a rel="nofollow" href="https://adult.yamyhub.com">Yamyhub</a>.</p>
]]></content:encoded>
					
		
		
			</item>
		<item>
		<title>Stepsister michelle anderson help from brother familystrokes</title>
		<link>https://adult.yamyhub.com/video/stepsister-michelle-anderson-help-from-brother-familystrokes/</link>
		
		<dc:creator><![CDATA[yamyhub]]></dc:creator>
		<pubDate>Fri, 25 Jun 2021 12:38:06 +0000</pubDate>
				<guid isPermaLink="false">https://adult.yamyhub.com/?post_type=video&#038;p=3471</guid>

					<description><![CDATA[<p>Stepsister michelle anderson help from brother family strokes Stepsister porn video Stepsister fuck from brother stepsister michelle anderson porn michelle anderson porn video michelle anderson fuck from brother big butt big tits michelle anderson.</p>
<p>The post <a rel="nofollow" href="https://adult.yamyhub.com/video/stepsister-michelle-anderson-help-from-brother-familystrokes/">Stepsister michelle anderson help from brother familystrokes</a> appeared first on <a rel="nofollow" href="https://adult.yamyhub.com">Yamyhub</a>.</p>
]]></description>
										<content:encoded><![CDATA[<h1>Stepsister michelle anderson help from brother family strokes</h1>
<p>Stepsister porn video Stepsister fuck from brother stepsister michelle anderson porn michelle anderson porn video michelle anderson fuck from brother big butt big tits michelle anderson.</p>
<p>The post <a rel="nofollow" href="https://adult.yamyhub.com/video/stepsister-michelle-anderson-help-from-brother-familystrokes/">Stepsister michelle anderson help from brother familystrokes</a> appeared first on <a rel="nofollow" href="https://adult.yamyhub.com">Yamyhub</a>.</p>
]]></content:encoded>
					
		
		
			</item>
		<item>
		<title>Christmas mess MILf casca akashova &#038; avery moon Familystrokes</title>
		<link>https://adult.yamyhub.com/video/christmas-mess-milf-casca-akashova-avery-moon-familystrokes/</link>
		
		<dc:creator><![CDATA[yamyhub]]></dc:creator>
		<pubDate>Fri, 25 Jun 2021 12:22:04 +0000</pubDate>
				<guid isPermaLink="false">https://adult.yamyhub.com/?post_type=video&#038;p=3469</guid>

					<description><![CDATA[<p>Christmas mess MILf casca akashova &#38; avery moon Familystrokes Big ass casca akashova fucked Christmas big tits  casca akashova avery moon porn video avery moon threesome porn avery moon big tits Christmas porn Christmas mess porn videos casca akashova threesome</p>
<p>The post <a rel="nofollow" href="https://adult.yamyhub.com/video/christmas-mess-milf-casca-akashova-avery-moon-familystrokes/">Christmas mess MILf casca akashova &#038; avery moon Familystrokes</a> appeared first on <a rel="nofollow" href="https://adult.yamyhub.com">Yamyhub</a>.</p>
]]></description>
										<content:encoded><![CDATA[<h2>Christmas mess MILf casca akashova &amp; avery moon Familystrokes</h2>
<p>Big ass casca akashova fucked Christmas big tits  casca akashova avery moon porn video avery moon threesome porn avery moon big tits Christmas porn Christmas mess porn videos casca akashova threesome</p>
<p>The post <a rel="nofollow" href="https://adult.yamyhub.com/video/christmas-mess-milf-casca-akashova-avery-moon-familystrokes/">Christmas mess MILf casca akashova &#038; avery moon Familystrokes</a> appeared first on <a rel="nofollow" href="https://adult.yamyhub.com">Yamyhub</a>.</p>
]]></content:encoded>
					
		
		
			</item>
		<item>
		<title>Brunettes teen luna rival Fucked by Jordi El Nino Polla mofos</title>
		<link>https://adult.yamyhub.com/video/brunettes-teen-luna-rival-fucked-by-jordi-el-nino-polla-mofos/</link>
		
		<dc:creator><![CDATA[yamyhub]]></dc:creator>
		<pubDate>Wed, 23 Jun 2021 13:51:47 +0000</pubDate>
				<guid isPermaLink="false">https://adult.yamyhub.com/?post_type=video&#038;p=3460</guid>

					<description><![CDATA[<p>Brunettes teen luna rival Fucked by Jordi El Nino Polla mofos Brunette teen luna rival fucked jordi el nino polla luna riva fucked luna rival porn videos jordi el nino polla porn video jordi el nino polla fuck teen luna rivalporn video mofos porn videos.</p>
<p>The post <a rel="nofollow" href="https://adult.yamyhub.com/video/brunettes-teen-luna-rival-fucked-by-jordi-el-nino-polla-mofos/">Brunettes teen luna rival Fucked by Jordi El Nino Polla mofos</a> appeared first on <a rel="nofollow" href="https://adult.yamyhub.com">Yamyhub</a>.</p>
]]></description>
										<content:encoded><![CDATA[<h2>Brunettes teen luna rival Fucked by Jordi El Nino Polla mofos</h2>
<p>Brunette teen luna rival fucked jordi el nino polla luna riva fucked luna rival porn videos jordi el nino polla porn video jordi el nino polla fuck teen luna rivalporn video mofos porn videos.</p>
<p>The post <a rel="nofollow" href="https://adult.yamyhub.com/video/brunettes-teen-luna-rival-fucked-by-jordi-el-nino-polla-mofos/">Brunettes teen luna rival Fucked by Jordi El Nino Polla mofos</a> appeared first on <a rel="nofollow" href="https://adult.yamyhub.com">Yamyhub</a>.</p>
]]></content:encoded>
					
		
		
			</item>
		<item>
		<title>Nicolette shea &#038; Savannah Bond fucked by jordi threesome</title>
		<link>https://adult.yamyhub.com/video/nicolette-shea-savannah-bond-fucked-by-jordi-threesome/</link>
		
		<dc:creator><![CDATA[yamyhub]]></dc:creator>
		<pubDate>Wed, 23 Jun 2021 06:08:06 +0000</pubDate>
				<guid isPermaLink="false">https://adult.yamyhub.com/?post_type=video&#038;p=3452</guid>

					<description><![CDATA[<p>Nicolette shea &#38; Savannah Bond fucked by jordi threesome Savannah Bond and nicolette shea fuck hardcore by  Jordi El Nino Polla.  Jordi El Nino Polla porn videos  Jordi El Nino Polla threesome fuck pussy Savannah Bond porn videos Savannah Bond threesome Savannah Bond anal Nicolette Shea porn videos Nicolette Shea anal Nicolette Shea threesome brazzers [&#8230;]</p>
<p>The post <a rel="nofollow" href="https://adult.yamyhub.com/video/nicolette-shea-savannah-bond-fucked-by-jordi-threesome/">Nicolette shea &#038; Savannah Bond fucked by jordi threesome</a> appeared first on <a rel="nofollow" href="https://adult.yamyhub.com">Yamyhub</a>.</p>
]]></description>
										<content:encoded><![CDATA[<h2>Nicolette shea &amp; Savannah Bond fucked by jordi threesome</h2>
<p>Savannah Bond and nicolette shea fuck hardcore by  Jordi El Nino Polla.  Jordi El Nino Polla porn videos  Jordi El Nino Polla threesome fuck pussy Savannah Bond porn videos Savannah Bond threesome Savannah Bond anal Nicolette Shea porn videos Nicolette Shea anal Nicolette Shea threesome brazzers porn videos Brazzers big ass busty moms</p>
<p>The post <a rel="nofollow" href="https://adult.yamyhub.com/video/nicolette-shea-savannah-bond-fucked-by-jordi-threesome/">Nicolette shea &#038; Savannah Bond fucked by jordi threesome</a> appeared first on <a rel="nofollow" href="https://adult.yamyhub.com">Yamyhub</a>.</p>
]]></content:encoded>
					
		
		
			</item>
		<item>
		<title>Abella danger Fuck anal and cum in mouth hloed</title>
		<link>https://adult.yamyhub.com/video/abella-danger-fuck-anal-and-cum-in-mouth-hloed/</link>
		
		<dc:creator><![CDATA[yamyhub]]></dc:creator>
		<pubDate>Tue, 22 Jun 2021 08:27:21 +0000</pubDate>
				<guid isPermaLink="false">https://adult.yamyhub.com/?post_type=video&#038;p=3444</guid>

					<description><![CDATA[<p>Abella danger Fuck anal and cum in mouth hloed Abella danger fuck anal and cum in mouth anal porn videos anal sex videos big ass anal video big butt big tits big boobs porn videos abella danger anal abella danger take cock in her ass.</p>
<p>The post <a rel="nofollow" href="https://adult.yamyhub.com/video/abella-danger-fuck-anal-and-cum-in-mouth-hloed/">Abella danger Fuck anal and cum in mouth hloed</a> appeared first on <a rel="nofollow" href="https://adult.yamyhub.com">Yamyhub</a>.</p>
]]></description>
										<content:encoded><![CDATA[<h2>Abella danger Fuck anal and cum in mouth hloed</h2>
<p>Abella danger fuck anal and cum in mouth anal porn videos anal sex videos big ass anal video big butt big tits big boobs porn videos abella danger anal abella danger take cock in her ass.</p>
<p>The post <a rel="nofollow" href="https://adult.yamyhub.com/video/abella-danger-fuck-anal-and-cum-in-mouth-hloed/">Abella danger Fuck anal and cum in mouth hloed</a> appeared first on <a rel="nofollow" href="https://adult.yamyhub.com">Yamyhub</a>.</p>
]]></content:encoded>
					
		
		
			</item>
		<item>
		<title>Abella danger Fuck anal and cum from hard brazzers</title>
		<link>https://adult.yamyhub.com/video/abella-danger-fuck-anal-and-cum-from-hard-brazzers/</link>
		
		<dc:creator><![CDATA[yamyhub]]></dc:creator>
		<pubDate>Tue, 22 Jun 2021 06:45:37 +0000</pubDate>
				<guid isPermaLink="false">https://adult.yamyhub.com/?post_type=video&#038;p=3442</guid>

					<description><![CDATA[<p>Abella danger Fuck anal and cum from hard brazzers abella danger anal porn video abella danger cul from brazzer anal abella danger abella dnager hardcore anal porn video. brazzers anal porn videos.</p>
<p>The post <a rel="nofollow" href="https://adult.yamyhub.com/video/abella-danger-fuck-anal-and-cum-from-hard-brazzers/">Abella danger Fuck anal and cum from hard brazzers</a> appeared first on <a rel="nofollow" href="https://adult.yamyhub.com">Yamyhub</a>.</p>
]]></description>
										<content:encoded><![CDATA[<h2>Abella danger Fuck anal and cum from hard brazzers</h2>
<p>abella danger anal porn video abella danger cul from brazzer anal abella danger abella dnager hardcore anal porn video. brazzers anal porn videos.</p>
<p>The post <a rel="nofollow" href="https://adult.yamyhub.com/video/abella-danger-fuck-anal-and-cum-from-hard-brazzers/">Abella danger Fuck anal and cum from hard brazzers</a> appeared first on <a rel="nofollow" href="https://adult.yamyhub.com">Yamyhub</a>.</p>
]]></content:encoded>
					
		
		
			</item>
		<item>
		<title>Abella danger &#038; Elsa Jean Lick &#038; fuck each pussies</title>
		<link>https://adult.yamyhub.com/video/abella-danger-elsa-jean-lick-fuck-each-pussies/</link>
		
		<dc:creator><![CDATA[yamyhub]]></dc:creator>
		<pubDate>Tue, 22 Jun 2021 06:00:57 +0000</pubDate>
				<guid isPermaLink="false">https://adult.yamyhub.com/?post_type=video&#038;p=3437</guid>

					<description><![CDATA[<p>Abella danger &#38; Elsa Jean Lick &#38; fuck each pussies lesbian porn videos lesbian porn abella danger elsa jean porn videos abella danger xxx videos xxx elsa jean fuck and lick each other pussy elsa jean porn. big ass porn videos.</p>
<p>The post <a rel="nofollow" href="https://adult.yamyhub.com/video/abella-danger-elsa-jean-lick-fuck-each-pussies/">Abella danger &#038; Elsa Jean Lick &#038; fuck each pussies</a> appeared first on <a rel="nofollow" href="https://adult.yamyhub.com">Yamyhub</a>.</p>
]]></description>
										<content:encoded><![CDATA[<h2>Abella danger &amp; Elsa Jean Lick &amp; fuck each pussies</h2>
<p>lesbian porn videos lesbian porn abella danger elsa jean porn videos abella danger xxx videos xxx elsa jean fuck and lick each other pussy elsa jean porn. big ass porn videos.</p>
<p>The post <a rel="nofollow" href="https://adult.yamyhub.com/video/abella-danger-elsa-jean-lick-fuck-each-pussies/">Abella danger &#038; Elsa Jean Lick &#038; fuck each pussies</a> appeared first on <a rel="nofollow" href="https://adult.yamyhub.com">Yamyhub</a>.</p>
]]></content:encoded>
					
		
		
			</item>
		<item>
		<title>Arab girl mia khalifa take big black cock in pussy</title>
		<link>https://adult.yamyhub.com/video/arab-girl-mia-khalifa-take-big-black-cock-pussy/</link>
		
		<dc:creator><![CDATA[yamyhub]]></dc:creator>
		<pubDate>Tue, 22 Jun 2021 03:17:38 +0000</pubDate>
				<guid isPermaLink="false">https://adult.yamyhub.com/?post_type=video&#038;p=3428</guid>

					<description><![CDATA[<p>Arab girl mia khalifa take big black cock in pussy mia khalifa take black monster cock in her pussy. mia khalifa porn video latest mia khalifa porn videos. mia khalifa big boobs big ass bbc black cock big tits.</p>
<p>The post <a rel="nofollow" href="https://adult.yamyhub.com/video/arab-girl-mia-khalifa-take-big-black-cock-pussy/">Arab girl mia khalifa take big black cock in pussy</a> appeared first on <a rel="nofollow" href="https://adult.yamyhub.com">Yamyhub</a>.</p>
]]></description>
										<content:encoded><![CDATA[<h2>Arab girl mia khalifa take big black cock in pussy</h2>
<p>mia khalifa take black monster cock in her pussy. mia khalifa porn video latest mia khalifa porn videos. mia khalifa big boobs big ass bbc black cock big tits.</p>
<p>The post <a rel="nofollow" href="https://adult.yamyhub.com/video/arab-girl-mia-khalifa-take-big-black-cock-pussy/">Arab girl mia khalifa take big black cock in pussy</a> appeared first on <a rel="nofollow" href="https://adult.yamyhub.com">Yamyhub</a>.</p>
]]></content:encoded>
					
		
		
			</item>
		<item>
		<title>Mia Khalifa all collection in one video, Mia khalifa porn videos</title>
		<link>https://adult.yamyhub.com/video/mia-khalifa-all-collection-in-one-video-mia-khalifa-porn-videos/</link>
		
		<dc:creator><![CDATA[yamyhub]]></dc:creator>
		<pubDate>Tue, 22 Jun 2021 03:16:50 +0000</pubDate>
				<guid isPermaLink="false">https://adult.yamyhub.com/?post_type=video&#038;p=3429</guid>

					<description><![CDATA[<p>Mia Khalifa all collection in one video, Mia khalifa porn videos Watch mia khalifa all video, all collection watch in one video mia khalifa all videos all collection of mia khalifa mia khalifa porn videos latest mia khalifa porn video mia khalifa porn.</p>
<p>The post <a rel="nofollow" href="https://adult.yamyhub.com/video/mia-khalifa-all-collection-in-one-video-mia-khalifa-porn-videos/">Mia Khalifa all collection in one video, Mia khalifa porn videos</a> appeared first on <a rel="nofollow" href="https://adult.yamyhub.com">Yamyhub</a>.</p>
]]></description>
										<content:encoded><![CDATA[<h2>Mia Khalifa all collection in one video, Mia khalifa porn videos</h2>
<p>Watch mia khalifa all video, all collection watch in one video mia khalifa all videos all collection of mia khalifa mia khalifa porn videos latest mia khalifa porn video mia khalifa porn.</p>
<p>The post <a rel="nofollow" href="https://adult.yamyhub.com/video/mia-khalifa-all-collection-in-one-video-mia-khalifa-porn-videos/">Mia Khalifa all collection in one video, Mia khalifa porn videos</a> appeared first on <a rel="nofollow" href="https://adult.yamyhub.com">Yamyhub</a>.</p>
]]></content:encoded>
					
		
		
			</item>
	</channel>
</rss>

0

