21e9
<?xml version="1.0" encoding="UTF-8"?><rss version="2.0"
	xmlns:content="http://purl.org/rss/1.0/modules/content/"
	xmlns:wfw="http://wellformedweb.org/CommentAPI/"
	xmlns:dc="http://purl.org/dc/elements/1.1/"
	xmlns:atom="http://www.w3.org/2005/Atom"
	xmlns:sy="http://purl.org/rss/1.0/modules/syndication/"
	xmlns:slash="http://purl.org/rss/1.0/modules/slash/"
	>

<channel>
	<title>Jules Jordan &#8211; Yamyhub</title>
	<atom:link href="https://adult.yamyhub.com/categories/jules-jordan/feed/" rel="self" type="application/rss+xml" />
	<link>https://adult.yamyhub.com</link>
	<description>Watch latest free HD Full length Porn video. Big ass, Big cock, MILF, Lesbian, Step sister and Step mother Porn videos. Yamyhub porn videos.</description>
	<lastBuildDate>Wed, 16 Jun 2021 04:40:11 +0000</lastBuildDate>
	<language>en-US</language>
	<sy:updatePeriod>
	hourly	</sy:updatePeriod>
	<sy:updateFrequency>
	1	</sy:updateFrequency>
	<generator>https://wordpress.org/?v=5.7.2</generator>

<image>
	<url>https://adult.yamyhub.com/wp-content/uploads/2021/06/favicon.png</url>
	<title>Jules Jordan &#8211; Yamyhub</title>
	<link>https://adult.yamyhub.com</link>
	<width>32</width>
	<height>32</height>
</image> 
	<item>
		<title>Jules Jordan Teasing Jules Big Butt Slut Alexis Texas Anal Sex</title>
		<link>https://adult.yamyhub.com/video/jules-jordan-teasing-jules-big-butt-slut-alexis-texas-anal-sex/</link>
		
		<dc:creator><![CDATA[yamyhub]]></dc:creator>
		<pubDate>Mon, 17 May 2021 16:56:18 +0000</pubDate>
				<guid isPermaLink="false">http://localhost/github/?post_type=video&#038;p=2925</guid>

					<description><![CDATA[<p>Jules Jordan &#8211; Teasing Jules Big Butt Slut Alexis Texas with Anal Sex, Hardcore Pornstar Blonde Anal Big Ass HD Porn 4k Blonde Natural Tits Anal Blowjob Deep Big Butts Big Ass Small Tits Blondes Ass To Mouth Natural Jules jordan Throat Facial Ass Fuck Riding Outdoors Bj Oral Cock sucking</p>
<p>The post <a rel="nofollow" href="https://adult.yamyhub.com/video/jules-jordan-teasing-jules-big-butt-slut-alexis-texas-anal-sex/">Jules Jordan Teasing Jules Big Butt Slut Alexis Texas Anal Sex</a> appeared first on <a rel="nofollow" href="https://adult.yamyhub.com">Yamyhub</a>.</p>
]]></description>
										<content:encoded><![CDATA[<h3>Jules Jordan &#8211; Teasing Jules Big Butt Slut Alexis Texas with Anal Sex,</h3>
<p>Hardcore Pornstar Blonde Anal Big Ass HD Porn 4k Blonde Natural Tits Anal Blowjob Deep Big Butts Big Ass Small Tits Blondes Ass To Mouth Natural Jules jordan Throat Facial Ass Fuck Riding Outdoors Bj Oral Cock sucking</p>
<p>The post <a rel="nofollow" href="https://adult.yamyhub.com/video/jules-jordan-teasing-jules-big-butt-slut-alexis-texas-anal-sex/">Jules Jordan Teasing Jules Big Butt Slut Alexis Texas Anal Sex</a> appeared first on <a rel="nofollow" href="https://adult.yamyhub.com">Yamyhub</a>.</p>
]]></content:encoded>
					
		
		
			</item>
		<item>
		<title>Jules Jordan &#8211; Angela White Gangbang, Triple Penetration, Double Anal</title>
		<link>https://adult.yamyhub.com/video/jules-jordan-angela-white-gangbang-triple-penetration-double-anal/</link>
		
		<dc:creator><![CDATA[yamyhub]]></dc:creator>
		<pubDate>Mon, 17 May 2021 16:56:11 +0000</pubDate>
				<guid isPermaLink="false">http://localhost/github/?post_type=video&#038;p=2924</guid>

					<description><![CDATA[<p>Jules Jordan &#8211; Angela White Gangbang, Triple Penetration, Double Anal &#8211; Mick blue, Robby Echo, Steve Holmes Jules Jordan &#8211; Angela White Gangbang, Triple Penetration, Double Anal &#8211; Mick blue porn video, Robby Echo porn videos, Steve Holmes porn videos, Angela white gangbang, Angela white porn, Angela white sex videos, Angela white anal</p>
<p>The post <a rel="nofollow" href="https://adult.yamyhub.com/video/jules-jordan-angela-white-gangbang-triple-penetration-double-anal/">Jules Jordan &#8211; Angela White Gangbang, Triple Penetration, Double Anal</a> appeared first on <a rel="nofollow" href="https://adult.yamyhub.com">Yamyhub</a>.</p>
]]></description>
										<content:encoded><![CDATA[<h3>Jules Jordan &#8211; Angela White Gangbang, Triple Penetration, Double Anal &#8211; Mick blue, Robby Echo, Steve Holmes</h3>
<p>Jules Jordan &#8211; Angela White Gangbang, Triple Penetration, Double Anal &#8211; Mick blue porn video, Robby Echo porn videos, Steve Holmes porn videos, Angela white gangbang, Angela white porn, Angela white sex videos, Angela white anal</p>
<p>The post <a rel="nofollow" href="https://adult.yamyhub.com/video/jules-jordan-angela-white-gangbang-triple-penetration-double-anal/">Jules Jordan &#8211; Angela White Gangbang, Triple Penetration, Double Anal</a> appeared first on <a rel="nofollow" href="https://adult.yamyhub.com">Yamyhub</a>.</p>
]]></content:encoded>
					
		
		
			</item>
		<item>
		<title>Jules Jordan 13 Guys Fuck Angela White Biggest gangbang</title>
		<link>https://adult.yamyhub.com/video/jules-jordan-13-guys-fuck-angela-white-biggest-gangbang/</link>
		
		<dc:creator><![CDATA[yamyhub]]></dc:creator>
		<pubDate>Mon, 17 May 2021 16:56:00 +0000</pubDate>
				<guid isPermaLink="false">http://localhost/github/?post_type=video&#038;p=2927</guid>

					<description><![CDATA[<p>Jules Jordan &#8211; 13 Guys Fuck Hard Angela White&#8217;s Biggest Blowbang Double penetration, Double anal, Babe, Big Ass, Big Tits, Blowjob, Brunette, Bukkake, Cumshot, Gangbang, HD Porn, Hardcore, Pornstar, Australian, Big Boobs, Natural Tits, Blowbang Brunette, Huge Tits, Blowbang Swallow, Big Butts, Big Cocks, Big Tits, Blow Bang, Blowjobs Brunettes, Deep Throat, Blowjob, Cumshot.</p>
<p>The post <a rel="nofollow" href="https://adult.yamyhub.com/video/jules-jordan-13-guys-fuck-angela-white-biggest-gangbang/">Jules Jordan 13 Guys Fuck Angela White Biggest gangbang</a> appeared first on <a rel="nofollow" href="https://adult.yamyhub.com">Yamyhub</a>.</p>
]]></description>
										<content:encoded><![CDATA[<h3>Jules Jordan &#8211; 13 Guys Fuck Hard Angela White&#8217;s Biggest Blowbang</h3>
<p>Double penetration, Double anal, Babe, Big Ass, Big Tits, Blowjob, Brunette, Bukkake, Cumshot, Gangbang, HD Porn, Hardcore, Pornstar, Australian, Big Boobs, Natural Tits, Blowbang Brunette, Huge Tits, Blowbang Swallow, Big Butts, Big Cocks, Big Tits, Blow Bang, Blowjobs Brunettes, Deep Throat, Blowjob, Cumshot.</p>
<p>The post <a rel="nofollow" href="https://adult.yamyhub.com/video/jules-jordan-13-guys-fuck-angela-white-biggest-gangbang/">Jules Jordan 13 Guys Fuck Angela White Biggest gangbang</a> appeared first on <a rel="nofollow" href="https://adult.yamyhub.com">Yamyhub</a>.</p>
]]></content:encoded>
					
		
		
			</item>
		<item>
		<title>Jules Jordan &#8211; Biggest Blowbang 13 Guys on Angela White</title>
		<link>https://adult.yamyhub.com/video/jules-jordan-biggest-blowbang-13-guys-on-angela-white/</link>
					<comments>https://adult.yamyhub.com/video/jules-jordan-biggest-blowbang-13-guys-on-angela-white/#respond</comments>
		
		<dc:creator><![CDATA[yamyhub]]></dc:creator>
		<pubDate>Mon, 17 May 2021 09:14:15 +0000</pubDate>
				<guid isPermaLink="false">http://localhost/github/?post_type=video&#038;p=2916</guid>

					<description><![CDATA[<p>Jules Jordan &#8211; Biggest Blowbang by 13 Guys on Angela White gangbang Jules Jordan &#8211; Biggest Blowbang by 13 Guys on Angela White gangbang, Gangbang on angela white, Gangbang porn, angela white anal, blowbang porn, big ass porn, angela white porn videos, Angela white gangbang, jules jordan porn, jules jordan gangbang porn</p>
<p>The post <a rel="nofollow" href="https://adult.yamyhub.com/video/jules-jordan-biggest-blowbang-13-guys-on-angela-white/">Jules Jordan &#8211; Biggest Blowbang 13 Guys on Angela White</a> appeared first on <a rel="nofollow" href="https://adult.yamyhub.com">Yamyhub</a>.</p>
]]></description>
										<content:encoded><![CDATA[<p>Jules Jordan &#8211; Biggest Blowbang by 13 Guys on Angela White gangbang</p>
<p>Jules Jordan &#8211; Biggest Blowbang by 13 Guys on Angela White gangbang, Gangbang on angela white, Gangbang porn, angela white anal, blowbang porn, big ass porn, angela white porn videos, Angela white gangbang, jules jordan porn, jules jordan gangbang porn</p>
<p>The post <a rel="nofollow" href="https://adult.yamyhub.com/video/jules-jordan-biggest-blowbang-13-guys-on-angela-white/">Jules Jordan &#8211; Biggest Blowbang 13 Guys on Angela White</a> appeared first on <a rel="nofollow" href="https://adult.yamyhub.com">Yamyhub</a>.</p>
]]></content:encoded>
					
					<wfw:commentRss>https://adult.yamyhub.com/video/jules-jordan-biggest-blowbang-13-guys-on-angela-white/feed/</wfw:commentRss>
			<slash:comments>0</slash:comments>
		
		
			</item>
	</channel>
</rss>

0

