<?xml version="1.0" encoding="UTF-8"?><rss version="2.0"
	xmlns:content="http://purl.org/rss/1.0/modules/content/"
	xmlns:wfw="http://wellformedweb.org/CommentAPI/"
	xmlns:dc="http://purl.org/dc/elements/1.1/"
	xmlns:atom="http://www.w3.org/2005/Atom"
	xmlns:sy="http://purl.org/rss/1.0/modules/syndication/"
	xmlns:slash="http://purl.org/rss/1.0/modules/slash/"
	>

<channel>
	<title>Kate Bloom &#8211; Yamyhub</title>
	<atom:link href="https://www.yamyhub.com/categories/kate-bloom/feed/" rel="self" type="application/rss+xml" />
	<link>https://www.yamyhub.com</link>
	<description>Watch latest free HD Full length Porn video. Big ass, Big cock, MILF, Lesbian, Step sister and Step mother Porn videos. Yamyhub porn videos.</description>
	<lastBuildDate>Tue, 10 Aug 2021 13:52:25 +0000</lastBuildDate>
	<language>en-US</language>
	<sy:updatePeriod>
	hourly	</sy:updatePeriod>
	<sy:updateFrequency>
	1	</sy:updateFrequency>
	<generator>https://wordpress.org/?v=5.8</generator>

<image>
	<url>https://www.yamyhub.com/wp-content/uploads/2021/07/cropped-favicon-32x32.png</url>
	<title>Kate Bloom &#8211; Yamyhub</title>
	<link>https://www.yamyhub.com</link>
	<width>32</width>
	<height>32</height>
</image> 
	<item>
		<title>Threesome group sex with two hot chicks during sleeping</title>
		<link>https://www.yamyhub.com/video/threesome-group-sex-with-two-hot-chicks-during-sleeping/</link>
		
		<dc:creator><![CDATA[yamyhub]]></dc:creator>
		<pubDate>Sun, 25 Jul 2021 03:43:24 +0000</pubDate>
				<guid isPermaLink="false">https://www.yamyhub.com/?post_type=video&#038;p=3851</guid>

					<description><![CDATA[<p>Threesome group sex with two hot chicks during sleeping Nubiles Porn group sex threesome Mackenzie Moss, Kate Bloom and Tyler Nixon sex video. Two hot chicks fuck when they sleeping FFM threesome yamyhub. Female female male porn video threesome group porn. Two hot chicks fuck from dick Mackenzie Moss porn videos. Mackenzie Moss latest porn [&#8230;]</p>
<p>The post <a rel="nofollow" href="https://www.yamyhub.com/video/threesome-group-sex-with-two-hot-chicks-during-sleeping/">Threesome group sex with two hot chicks during sleeping</a> appeared first on <a rel="nofollow" href="https://www.yamyhub.com">Yamyhub</a>.</p>
]]></description>
										<content:encoded><![CDATA[<h2>Threesome group sex with two hot chicks during sleeping</h2>
<p>Nubiles Porn group sex threesome Mackenzie Moss, Kate Bloom and Tyler Nixon sex video. Two hot chicks fuck when they sleeping FFM threesome yamyhub. Female female male porn video threesome group porn. Two hot chicks fuck from dick Mackenzie Moss porn videos. Mackenzie Moss latest porn videos. Tyler Nixon porn videos. Kate Bloom threesome porn videos. Group sex daftsex porn eporner videos.</p>
<p>The post <a rel="nofollow" href="https://www.yamyhub.com/video/threesome-group-sex-with-two-hot-chicks-during-sleeping/">Threesome group sex with two hot chicks during sleeping</a> appeared first on <a rel="nofollow" href="https://www.yamyhub.com">Yamyhub</a>.</p>
]]></content:encoded>
					
		
		
			</item>
	</channel>
</rss>
