<?xml version="1.0" encoding="UTF-8"?><rss version="2.0"
	xmlns:content="http://purl.org/rss/1.0/modules/content/"
	xmlns:wfw="http://wellformedweb.org/CommentAPI/"
	xmlns:dc="http://purl.org/dc/elements/1.1/"
	xmlns:atom="http://www.w3.org/2005/Atom"
	xmlns:sy="http://purl.org/rss/1.0/modules/syndication/"
	xmlns:slash="http://purl.org/rss/1.0/modules/slash/"
	>

<channel>
	<title>Madison Ivy &#8211; Yamyhub</title>
	<atom:link href="https://www.yamyhub.com/categories/madison-ivy/feed/" rel="self" type="application/rss+xml" />
	<link>https://www.yamyhub.com</link>
	<description>Watch latest free HD Full length Porn video. Big ass, Big cock, MILF, Lesbian, Step sister and Step mother Porn videos. Yamyhub porn videos.</description>
	<lastBuildDate>Fri, 16 Jul 2021 03:39:37 +0000</lastBuildDate>
	<language>en-US</language>
	<sy:updatePeriod>
	hourly	</sy:updatePeriod>
	<sy:updateFrequency>
	1	</sy:updateFrequency>
	<generator>https://wordpress.org/?v=5.7.2</generator>

<image>
	<url>https://www.yamyhub.com/wp-content/uploads/2021/06/favicon.png</url>
	<title>Madison Ivy &#8211; Yamyhub</title>
	<link>https://www.yamyhub.com</link>
	<width>32</width>
	<height>32</height>
</image> 
	<item>
		<title>Angela white &#038; Madison Ivy Fuck each other pussy lesbian</title>
		<link>https://www.yamyhub.com/video/angela-white-madison-ivy-fuck-each-other-pussy-lesbian/</link>
		
		<dc:creator><![CDATA[yamyhub]]></dc:creator>
		<pubDate>Mon, 05 Jul 2021 12:04:41 +0000</pubDate>
				<guid isPermaLink="false">https://www.yamyhub.com/?post_type=video&#038;p=3536</guid>

					<description><![CDATA[<p>Angela white &#38; Madison Ivy Fuck each other pussy lesbian Lesbian Porn video Angela white &#38; Madison Ivy use sex toys to lick and fuck each other pussy oiled girl porn lesbian girl yamyhub lesbian porn videos sex toys porn video dildo and vibrator dildo porn video sex toys fuck pussy lesbian use vibrator fuck [&#8230;]</p>
<p>The post <a rel="nofollow" href="https://www.yamyhub.com/video/angela-white-madison-ivy-fuck-each-other-pussy-lesbian/">Angela white &#038; Madison Ivy Fuck each other pussy lesbian</a> appeared first on <a rel="nofollow" href="https://www.yamyhub.com">Yamyhub</a>.</p>
]]></description>
										<content:encoded><![CDATA[<h2>Angela white &amp; Madison Ivy Fuck each other pussy lesbian</h2>
<p>Lesbian Porn video Angela white &amp; Madison Ivy use sex toys to lick and fuck each other pussy oiled girl porn lesbian girl yamyhub lesbian porn videos sex toys porn video dildo and vibrator dildo porn video sex toys fuck pussy lesbian use vibrator fuck pussy using vibrator.</p>
<p>The post <a rel="nofollow" href="https://www.yamyhub.com/video/angela-white-madison-ivy-fuck-each-other-pussy-lesbian/">Angela white &#038; Madison Ivy Fuck each other pussy lesbian</a> appeared first on <a rel="nofollow" href="https://www.yamyhub.com">Yamyhub</a>.</p>
]]></content:encoded>
					
		
		
			</item>
	</channel>
</rss>
