2bfa
<?xml version="1.0" encoding="UTF-8"?><rss version="2.0"
	xmlns:content="http://purl.org/rss/1.0/modules/content/"
	xmlns:wfw="http://wellformedweb.org/CommentAPI/"
	xmlns:dc="http://purl.org/dc/elements/1.1/"
	xmlns:atom="http://www.w3.org/2005/Atom"
	xmlns:sy="http://purl.org/rss/1.0/modules/syndication/"
	xmlns:slash="http://purl.org/rss/1.0/modules/slash/"
	>

<channel>
	<title>Jordi El Nino Polla &#8211; Yamyhub</title>
	<atom:link href="https://adult.yamyhub.com/categories/jordi-el-nino-polla/feed/" rel="self" type="application/rss+xml" />
	<link>https://adult.yamyhub.com</link>
	<description>Watch latest free HD Full length Porn video. Big ass, Big cock, MILF, Lesbian, Step sister and Step mother Porn videos. Yamyhub porn videos.</description>
	<lastBuildDate>Wed, 23 Jun 2021 13:53:50 +0000</lastBuildDate>
	<language>en-US</language>
	<sy:updatePeriod>
	hourly	</sy:updatePeriod>
	<sy:updateFrequency>
	1	</sy:updateFrequency>
	<generator>https://wordpress.org/?v=5.7.2</generator>

<image>
	<url>https://adult.yamyhub.com/wp-content/uploads/2021/06/favicon.png</url>
	<title>Jordi El Nino Polla &#8211; Yamyhub</title>
	<link>https://adult.yamyhub.com</link>
	<width>32</width>
	<height>32</height>
</image> 
	<item>
		<title>Brunettes teen luna rival Fucked by Jordi El Nino Polla mofos</title>
		<link>https://adult.yamyhub.com/video/brunettes-teen-luna-rival-fucked-by-jordi-el-nino-polla-mofos/</link>
		
		<dc:creator><![CDATA[yamyhub]]></dc:creator>
		<pubDate>Wed, 23 Jun 2021 13:51:47 +0000</pubDate>
				<guid isPermaLink="false">https://adult.yamyhub.com/?post_type=video&#038;p=3460</guid>

					<description><![CDATA[<p>Brunettes teen luna rival Fucked by Jordi El Nino Polla mofos Brunette teen luna rival fucked jordi el nino polla luna riva fucked luna rival porn videos jordi el nino polla porn video jordi el nino polla fuck teen luna rivalporn video mofos porn videos.</p>
<p>The post <a rel="nofollow" href="https://adult.yamyhub.com/video/brunettes-teen-luna-rival-fucked-by-jordi-el-nino-polla-mofos/">Brunettes teen luna rival Fucked by Jordi El Nino Polla mofos</a> appeared first on <a rel="nofollow" href="https://adult.yamyhub.com">Yamyhub</a>.</p>
]]></description>
										<content:encoded><![CDATA[<h2>Brunettes teen luna rival Fucked by Jordi El Nino Polla mofos</h2>
<p>Brunette teen luna rival fucked jordi el nino polla luna riva fucked luna rival porn videos jordi el nino polla porn video jordi el nino polla fuck teen luna rivalporn video mofos porn videos.</p>
<p>The post <a rel="nofollow" href="https://adult.yamyhub.com/video/brunettes-teen-luna-rival-fucked-by-jordi-el-nino-polla-mofos/">Brunettes teen luna rival Fucked by Jordi El Nino Polla mofos</a> appeared first on <a rel="nofollow" href="https://adult.yamyhub.com">Yamyhub</a>.</p>
]]></content:encoded>
					
		
		
			</item>
		<item>
		<title>black women Stepmom Layton benton take cocks brazzers</title>
		<link>https://adult.yamyhub.com/video/black-women-stepmom-layton-benton-take-cocks-brazzers/</link>
		
		<dc:creator><![CDATA[yamyhub]]></dc:creator>
		<pubDate>Wed, 23 Jun 2021 13:33:51 +0000</pubDate>
				<guid isPermaLink="false">https://adult.yamyhub.com/?post_type=video&#038;p=3459</guid>

					<description><![CDATA[<p>big ass black women Stepmom Layton benton take son cocks brazzers jordi El Nino Polla yamyhub threesome threesome porn video jordi El Nino Polla threesome porn two male one female porn jordi El Nino Polla porn video Layton benton porn video Layton benton threesome cock Layton benton porn video</p>
<p>The post <a rel="nofollow" href="https://adult.yamyhub.com/video/black-women-stepmom-layton-benton-take-cocks-brazzers/">black women Stepmom Layton benton take cocks brazzers</a> appeared first on <a rel="nofollow" href="https://adult.yamyhub.com">Yamyhub</a>.</p>
]]></description>
										<content:encoded><![CDATA[<h2>big ass black women Stepmom Layton benton take son cocks brazzers jordi El Nino Polla yamyhub threesome</h2>
<p>threesome porn video jordi El Nino Polla threesome porn two male one female porn jordi El Nino Polla porn video Layton benton porn video Layton benton threesome cock Layton benton porn video</p>
<p>The post <a rel="nofollow" href="https://adult.yamyhub.com/video/black-women-stepmom-layton-benton-take-cocks-brazzers/">black women Stepmom Layton benton take cocks brazzers</a> appeared first on <a rel="nofollow" href="https://adult.yamyhub.com">Yamyhub</a>.</p>
]]></content:encoded>
					
		
		
			</item>
		<item>
		<title>Jordi fuck two busty teens Julia &#038;  Veronica Leal Fakehub</title>
		<link>https://adult.yamyhub.com/video/jordi-fuck-two-busty-teens-julia-veronica-leal-fakehub/</link>
		
		<dc:creator><![CDATA[yamyhub]]></dc:creator>
		<pubDate>Wed, 23 Jun 2021 11:28:05 +0000</pubDate>
				<guid isPermaLink="false">https://adult.yamyhub.com/?post_type=video&#038;p=3456</guid>

					<description><![CDATA[<p>Jordi fuck two busty teens Julia &#38; Veronica Leal Fakehub Jordi El Nino Polla Fuck two small tits busty teen Julia De Lucia and Veronica Leal . threesome porn video Julia De Lucia porn video Jordi El Nino Polla threesome porn videos Jordi El Nino Polla porn video Julia De Lucia porn threesome fakehub porn [&#8230;]</p>
<p>The post <a rel="nofollow" href="https://adult.yamyhub.com/video/jordi-fuck-two-busty-teens-julia-veronica-leal-fakehub/">Jordi fuck two busty teens Julia &#038;  Veronica Leal Fakehub</a> appeared first on <a rel="nofollow" href="https://adult.yamyhub.com">Yamyhub</a>.</p>
]]></description>
										<content:encoded><![CDATA[<h2>Jordi fuck two busty teens Julia &amp; Veronica Leal Fakehub</h2>
<p>Jordi El Nino Polla Fuck two small tits busty teen Julia De Lucia and Veronica Leal . threesome porn video Julia De Lucia porn video Jordi El Nino Polla threesome porn videos Jordi El Nino Polla porn video Julia De Lucia porn threesome fakehub porn videos fakehub threesome</p>
<p>The post <a rel="nofollow" href="https://adult.yamyhub.com/video/jordi-fuck-two-busty-teens-julia-veronica-leal-fakehub/">Jordi fuck two busty teens Julia &#038;  Veronica Leal Fakehub</a> appeared first on <a rel="nofollow" href="https://adult.yamyhub.com">Yamyhub</a>.</p>
]]></content:encoded>
					
		
		
			</item>
		<item>
		<title>Stepmom Diamond foxxx take cock jordi during Yoga brazzers</title>
		<link>https://adult.yamyhub.com/video/stepmom-diamond-foxxx-take-cock-jordi-during-yoga-brazzers/</link>
		
		<dc:creator><![CDATA[yamyhub]]></dc:creator>
		<pubDate>Wed, 23 Jun 2021 06:24:24 +0000</pubDate>
				<guid isPermaLink="false">https://adult.yamyhub.com/?post_type=video&#038;p=3454</guid>

					<description><![CDATA[<p>Stepmom Diamond foxxx take cock jordi during Yoga brazzers Brazzers stepmom porn video stepmom fuck during exercise diamond foxxx porn videos stepmom porn video yoga paint porn videos Jordi El Nino Polla porn video Jordi El Nino Polla fuck stepmom.</p>
<p>The post <a rel="nofollow" href="https://adult.yamyhub.com/video/stepmom-diamond-foxxx-take-cock-jordi-during-yoga-brazzers/">Stepmom Diamond foxxx take cock jordi during Yoga brazzers</a> appeared first on <a rel="nofollow" href="https://adult.yamyhub.com">Yamyhub</a>.</p>
]]></description>
										<content:encoded><![CDATA[<h2>Stepmom Diamond foxxx take cock jordi during Yoga brazzers</h2>
<p>Brazzers stepmom porn video stepmom fuck during exercise diamond foxxx porn videos stepmom porn video yoga paint porn videos Jordi El Nino Polla porn video Jordi El Nino Polla fuck stepmom.</p>
<p>The post <a rel="nofollow" href="https://adult.yamyhub.com/video/stepmom-diamond-foxxx-take-cock-jordi-during-yoga-brazzers/">Stepmom Diamond foxxx take cock jordi during Yoga brazzers</a> appeared first on <a rel="nofollow" href="https://adult.yamyhub.com">Yamyhub</a>.</p>
]]></content:encoded>
					
		
		
			</item>
		<item>
		<title>Nicolette shea &#038; Savannah Bond fucked by jordi threesome</title>
		<link>https://adult.yamyhub.com/video/nicolette-shea-savannah-bond-fucked-by-jordi-threesome/</link>
		
		<dc:creator><![CDATA[yamyhub]]></dc:creator>
		<pubDate>Wed, 23 Jun 2021 06:08:06 +0000</pubDate>
				<guid isPermaLink="false">https://adult.yamyhub.com/?post_type=video&#038;p=3452</guid>

					<description><![CDATA[<p>Nicolette shea &#38; Savannah Bond fucked by jordi threesome Savannah Bond and nicolette shea fuck hardcore by  Jordi El Nino Polla.  Jordi El Nino Polla porn videos  Jordi El Nino Polla threesome fuck pussy Savannah Bond porn videos Savannah Bond threesome Savannah Bond anal Nicolette Shea porn videos Nicolette Shea anal Nicolette Shea threesome brazzers [&#8230;]</p>
<p>The post <a rel="nofollow" href="https://adult.yamyhub.com/video/nicolette-shea-savannah-bond-fucked-by-jordi-threesome/">Nicolette shea &#038; Savannah Bond fucked by jordi threesome</a> appeared first on <a rel="nofollow" href="https://adult.yamyhub.com">Yamyhub</a>.</p>
]]></description>
										<content:encoded><![CDATA[<h2>Nicolette shea &amp; Savannah Bond fucked by jordi threesome</h2>
<p>Savannah Bond and nicolette shea fuck hardcore by  Jordi El Nino Polla.  Jordi El Nino Polla porn videos  Jordi El Nino Polla threesome fuck pussy Savannah Bond porn videos Savannah Bond threesome Savannah Bond anal Nicolette Shea porn videos Nicolette Shea anal Nicolette Shea threesome brazzers porn videos Brazzers big ass busty moms</p>
<p>The post <a rel="nofollow" href="https://adult.yamyhub.com/video/nicolette-shea-savannah-bond-fucked-by-jordi-threesome/">Nicolette shea &#038; Savannah Bond fucked by jordi threesome</a> appeared first on <a rel="nofollow" href="https://adult.yamyhub.com">Yamyhub</a>.</p>
]]></content:encoded>
					
		
		
			</item>
		<item>
		<title>Big ass Nicolette shea ass fuck &#038; squirt jordi</title>
		<link>https://adult.yamyhub.com/video/big-ass-nicolette-shea-ass-fuck-squirt-jordi/</link>
		
		<dc:creator><![CDATA[yamyhub]]></dc:creator>
		<pubDate>Wed, 23 Jun 2021 05:41:58 +0000</pubDate>
				<guid isPermaLink="false">https://adult.yamyhub.com/?post_type=video&#038;p=3449</guid>

					<description><![CDATA[<p>Big ass Nicolette shea ass fuck &#38; squirt jordi brazzers latest new full hd porn videos brazzers porn videos nicolette shea porn videos female domination nicolette shea ass fuck anal porn Jordi El Nino Polla porn video Jordi El Nino Polla fuck nicolette shea anal porn.</p>
<p>The post <a rel="nofollow" href="https://adult.yamyhub.com/video/big-ass-nicolette-shea-ass-fuck-squirt-jordi/">Big ass Nicolette shea ass fuck &#038; squirt jordi</a> appeared first on <a rel="nofollow" href="https://adult.yamyhub.com">Yamyhub</a>.</p>
]]></description>
										<content:encoded><![CDATA[<h2>Big ass Nicolette shea ass fuck &amp; squirt jordi</h2>
<p>brazzers latest new full hd porn videos brazzers porn videos nicolette shea porn videos female domination nicolette shea ass fuck anal porn Jordi El Nino Polla porn video Jordi El Nino Polla fuck nicolette shea anal porn.</p>
<p>The post <a rel="nofollow" href="https://adult.yamyhub.com/video/big-ass-nicolette-shea-ass-fuck-squirt-jordi/">Big ass Nicolette shea ass fuck &#038; squirt jordi</a> appeared first on <a rel="nofollow" href="https://adult.yamyhub.com">Yamyhub</a>.</p>
]]></content:encoded>
					
		
		
			</item>
	</channel>
</rss>

0

