<?xml version="1.0" encoding="UTF-8"?><rss version="2.0"
	xmlns:content="http://purl.org/rss/1.0/modules/content/"
	xmlns:wfw="http://wellformedweb.org/CommentAPI/"
	xmlns:dc="http://purl.org/dc/elements/1.1/"
	xmlns:atom="http://www.w3.org/2005/Atom"
	xmlns:sy="http://purl.org/rss/1.0/modules/syndication/"
	xmlns:slash="http://purl.org/rss/1.0/modules/slash/"
	>

<channel>
	<title>Lovita Faith &#8211; Yamyhub</title>
	<atom:link href="https://www.yamyhub.com/categories/lovita-faith/feed/" rel="self" type="application/rss+xml" />
	<link>https://www.yamyhub.com</link>
	<description>Watch latest free HD Full length Porn video. Big ass, Big cock, MILF, Lesbian, Step sister and Step mother Porn videos. Yamyhub porn videos.</description>
	<lastBuildDate>Fri, 16 Jul 2021 03:57:25 +0000</lastBuildDate>
	<language>en-US</language>
	<sy:updatePeriod>
	hourly	</sy:updatePeriod>
	<sy:updateFrequency>
	1	</sy:updateFrequency>
	<generator>https://wordpress.org/?v=5.7.2</generator>

<image>
	<url>https://www.yamyhub.com/wp-content/uploads/2021/06/favicon.png</url>
	<title>Lovita Faith &#8211; Yamyhub</title>
	<link>https://www.yamyhub.com</link>
	<width>32</width>
	<height>32</height>
</image> 
	<item>
		<title>Lesbian sex during photo session Lexi Dona Sylvia Delai Lovita Faith</title>
		<link>https://www.yamyhub.com/video/lesbian-sex-during-photo-session-lexi-dona-sylvia-delai-lovita-faith/</link>
		
		<dc:creator><![CDATA[yamyhub]]></dc:creator>
		<pubDate>Sat, 10 Jul 2021 11:38:05 +0000</pubDate>
				<guid isPermaLink="false">https://www.yamyhub.com/?post_type=video&#038;p=3584</guid>

					<description><![CDATA[<p>Lesbian sex during photo session Lexi Dona Sylvia Delai Lovita Faith Lesbian Foursome porn videos Lesbian sex during photo session Lexi Dona Sylvia Delai Lovita Faith Sybil Hey Foursome lesbian porn videos foursome lesbian porn video lesbian video lesbian organism Lexi Dona lesbian porn video Sylvia Delai lesbians porn Lovita Faith lesbian Sybil Hey lesbian [&#8230;]</p>
<p>The post <a rel="nofollow" href="https://www.yamyhub.com/video/lesbian-sex-during-photo-session-lexi-dona-sylvia-delai-lovita-faith/">Lesbian sex during photo session Lexi Dona Sylvia Delai Lovita Faith</a> appeared first on <a rel="nofollow" href="https://www.yamyhub.com">Yamyhub</a>.</p>
]]></description>
										<content:encoded><![CDATA[<h2>Lesbian sex during photo session Lexi Dona Sylvia Delai Lovita Faith</h2>
<p>Lesbian Foursome porn videos Lesbian sex during photo session Lexi Dona Sylvia Delai Lovita Faith Sybil Hey Foursome lesbian porn videos foursome lesbian porn video lesbian video lesbian organism Lexi Dona lesbian porn video Sylvia Delai lesbians porn Lovita Faith lesbian Sybil Hey lesbian porn video</p>
<p>The post <a rel="nofollow" href="https://www.yamyhub.com/video/lesbian-sex-during-photo-session-lexi-dona-sylvia-delai-lovita-faith/">Lesbian sex during photo session Lexi Dona Sylvia Delai Lovita Faith</a> appeared first on <a rel="nofollow" href="https://www.yamyhub.com">Yamyhub</a>.</p>
]]></content:encoded>
					
		
		
			</item>
	</channel>
</rss>
