<?xml version="1.0" encoding="UTF-8"?><rss version="2.0"
	xmlns:content="http://purl.org/rss/1.0/modules/content/"
	xmlns:wfw="http://wellformedweb.org/CommentAPI/"
	xmlns:dc="http://purl.org/dc/elements/1.1/"
	xmlns:atom="http://www.w3.org/2005/Atom"
	xmlns:sy="http://purl.org/rss/1.0/modules/syndication/"
	xmlns:slash="http://purl.org/rss/1.0/modules/slash/"
	>

<channel>
	<title>naughty America &#8211; Yamyhub</title>
	<atom:link href="https://adult.yamyhub.com/categories/naughty-america/feed/" rel="self" type="application/rss+xml" />
	<link>https://adult.yamyhub.com</link>
	<description>Watch latest free HD Full length Porn video. Big ass, Big cock, MILF, Lesbian, Step sister and Step mother Porn videos. Yamyhub porn videos.</description>
	<lastBuildDate>Wed, 16 Jun 2021 04:32:30 +0000</lastBuildDate>
	<language>en-US</language>
	<sy:updatePeriod>
	hourly	</sy:updatePeriod>
	<sy:updateFrequency>
	1	</sy:updateFrequency>
	<generator>https://wordpress.org/?v=5.7.2</generator>

<image>
	<url>https://adult.yamyhub.com/wp-content/uploads/2021/06/favicon.png</url>
	<title>naughty America &#8211; Yamyhub</title>
	<link>https://adult.yamyhub.com</link>
	<width>32</width>
	<height>32</height>
</image> 
	<item>
		<title>Hot babe Dani Daniels riding cock in office &#8211; Johnny sins</title>
		<link>https://adult.yamyhub.com/video/hot-babe-dani-daniels-riding-cock-in-office-johnny-sins/</link>
		
		<dc:creator><![CDATA[yamyhub]]></dc:creator>
		<pubDate>Sat, 15 May 2021 01:57:32 +0000</pubDate>
				<guid isPermaLink="false">http://localhost/github/?post_type=video&#038;p=2871</guid>

					<description><![CDATA[<p>Hot babe Dani Daniels riding cock in office &#8211; Johnny sins, Naughty America, Dani Daniels, suck fuck busty big-tits naughty-america office panty hose hardcore blonde dani-daniels</p>
<p>The post <a rel="nofollow" href="https://adult.yamyhub.com/video/hot-babe-dani-daniels-riding-cock-in-office-johnny-sins/">Hot babe Dani Daniels riding cock in office &#8211; Johnny sins</a> appeared first on <a rel="nofollow" href="https://adult.yamyhub.com">Yamyhub</a>.</p>
]]></description>
										<content:encoded><![CDATA[<p>Hot babe Dani Daniels riding cock in office &#8211; Johnny sins, Naughty America,</p>
<p>Dani Daniels, suck fuck busty big-tits naughty-america office panty hose hardcore blonde dani-daniels</p>
<p>The post <a rel="nofollow" href="https://adult.yamyhub.com/video/hot-babe-dani-daniels-riding-cock-in-office-johnny-sins/">Hot babe Dani Daniels riding cock in office &#8211; Johnny sins</a> appeared first on <a rel="nofollow" href="https://adult.yamyhub.com">Yamyhub</a>.</p>
]]></content:encoded>
					
		
		
			</item>
		<item>
		<title>Hot teacher fucked Student, Alexis Texas, naughty America</title>
		<link>https://adult.yamyhub.com/video/hot-big-ass-teacher-fucked-hardcore-student-alexis-texas-naughtyamerica/</link>
		
		<dc:creator><![CDATA[yamyhub]]></dc:creator>
		<pubDate>Wed, 12 May 2021 10:01:10 +0000</pubDate>
				<guid isPermaLink="false">http://localhost/github/?post_type=video&#038;p=2831</guid>

					<description><![CDATA[<p>School teacher alexis texas hot teacher alexis texas Hot Big ass teacher Alexis Texas fucked Hardcore by Student Alexis Texas Porn videos Full HD, Watch latest New, Full HD porn videos of naughty America, Porn video big ass Alexis Fucked Hardcore Big cock &#8211; Alexis Texas &#8211; naughty America Here You Watch more Porn videos [&#8230;]</p>
<p>The post <a rel="nofollow" href="https://adult.yamyhub.com/video/hot-big-ass-teacher-fucked-hardcore-student-alexis-texas-naughtyamerica/">Hot teacher fucked Student, Alexis Texas, naughty America</a> appeared first on <a rel="nofollow" href="https://adult.yamyhub.com">Yamyhub</a>.</p>
]]></description>
										<content:encoded><![CDATA[<h4>School teacher alexis texas</h4>
<p>hot teacher alexis texas</p>
<p>Hot Big ass teacher Alexis Texas fucked Hardcore by Student</p>
<p>Alexis Texas Porn videos Full HD, Watch latest New, Full HD porn videos of naughty America, Porn video</p>
<p>big ass Alexis Fucked Hardcore Big cock &#8211; Alexis Texas &#8211; naughty America</p>
<p>Here You Watch more Porn videos of Alexis Texas</p>
<p>Alexis Texas Cumshot, Big Ass Pornstar, Big ass porn video, big tits porn, Alexis Texas porn,  HD Porn Teen Hot Hardcore Blonde girlfriend</p>
<p>Watch more Naughty America porn videos</p>
<p>&nbsp;</p>
<p>The post <a rel="nofollow" href="https://adult.yamyhub.com/video/hot-big-ass-teacher-fucked-hardcore-student-alexis-texas-naughtyamerica/">Hot teacher fucked Student, Alexis Texas, naughty America</a> appeared first on <a rel="nofollow" href="https://adult.yamyhub.com">Yamyhub</a>.</p>
]]></content:encoded>
					
		
		
			</item>
	</channel>
</rss>
