<?xml version="1.0" encoding="UTF-8"?><rss version="2.0"
	xmlns:content="http://purl.org/rss/1.0/modules/content/"
	xmlns:wfw="http://wellformedweb.org/CommentAPI/"
	xmlns:dc="http://purl.org/dc/elements/1.1/"
	xmlns:atom="http://www.w3.org/2005/Atom"
	xmlns:sy="http://purl.org/rss/1.0/modules/syndication/"
	xmlns:slash="http://purl.org/rss/1.0/modules/slash/"
	>

<channel>
	<title>Anissa Kate &#8211; Yamyhub</title>
	<atom:link href="https://www.yamyhub.com/categories/anissa-kate/feed/" rel="self" type="application/rss+xml" />
	<link>https://www.yamyhub.com</link>
	<description>Watch latest free HD Full length Porn video. Big ass, Big cock, MILF, Lesbian, Step sister and Step mother Porn videos. Yamyhub porn videos.</description>
	<lastBuildDate>Fri, 16 Jul 2021 12:41:39 +0000</lastBuildDate>
	<language>en-US</language>
	<sy:updatePeriod>
	hourly	</sy:updatePeriod>
	<sy:updateFrequency>
	1	</sy:updateFrequency>
	<generator>https://wordpress.org/?v=5.7.2</generator>

<image>
	<url>https://www.yamyhub.com/wp-content/uploads/2021/06/favicon.png</url>
	<title>Anissa Kate &#8211; Yamyhub</title>
	<link>https://www.yamyhub.com</link>
	<width>32</width>
	<height>32</height>
</image> 
	<item>
		<title>Lustful wife Anissa Kate cheat her husband fuck in public</title>
		<link>https://www.yamyhub.com/video/lustful-wife-anissa-kate-cheat-her-husband-fuck-in-public/</link>
		
		<dc:creator><![CDATA[yamyhub]]></dc:creator>
		<pubDate>Tue, 13 Jul 2021 12:36:52 +0000</pubDate>
				<guid isPermaLink="false">https://www.yamyhub.com/?post_type=video&#038;p=3633</guid>

					<description><![CDATA[<p>Lustful wife Anissa Kate cheat her husband fuck in public Brazzers Public porn video Lustful wife Anissa kate cheat her husband and fuck from client in public brazzers public porn videos yamyhub Anissa kate porn video latest Anissa kate porn video lustful wife cheat husband fuck from client in public brazzers porn video latest public [&#8230;]</p>
<p>The post <a rel="nofollow" href="https://www.yamyhub.com/video/lustful-wife-anissa-kate-cheat-her-husband-fuck-in-public/">Lustful wife Anissa Kate cheat her husband fuck in public</a> appeared first on <a rel="nofollow" href="https://www.yamyhub.com">Yamyhub</a>.</p>
]]></description>
										<content:encoded><![CDATA[<h2>Lustful wife Anissa Kate cheat her husband fuck in public</h2>
<p>Brazzers Public porn video Lustful wife Anissa kate cheat her husband and fuck from client in public brazzers public porn videos yamyhub Anissa kate porn video latest Anissa kate porn video lustful wife cheat husband fuck from client in public brazzers porn video latest public brazzers porn video</p>
<p>The post <a rel="nofollow" href="https://www.yamyhub.com/video/lustful-wife-anissa-kate-cheat-her-husband-fuck-in-public/">Lustful wife Anissa Kate cheat her husband fuck in public</a> appeared first on <a rel="nofollow" href="https://www.yamyhub.com">Yamyhub</a>.</p>
]]></content:encoded>
					
		
		
			</item>
		<item>
		<title>Anissa Kate Fuck Double penetration mick blue markus dupree</title>
		<link>https://www.yamyhub.com/video/anissa-keith-fuck-double-penetration-mick-blue-markus-dupree/</link>
		
		<dc:creator><![CDATA[yamyhub]]></dc:creator>
		<pubDate>Wed, 07 Jul 2021 07:50:57 +0000</pubDate>
				<guid isPermaLink="false">https://www.yamyhub.com/?post_type=video&#038;p=3557</guid>

					<description><![CDATA[<p>Anissa Kate Fuck Double penetration mick blue Markus dupree Bangbros double penetration threesome porn video Anissa kate Fuck double penetration by Mick blue &#38; Markus dupree threesome porn yamyhub bangbros porn video double penetration porn video threesome porn MMF porn Male male Female Markus dupree mick blue porn anissa kate porn video.</p>
<p>The post <a rel="nofollow" href="https://www.yamyhub.com/video/anissa-keith-fuck-double-penetration-mick-blue-markus-dupree/">Anissa Kate Fuck Double penetration mick blue markus dupree</a> appeared first on <a rel="nofollow" href="https://www.yamyhub.com">Yamyhub</a>.</p>
]]></description>
										<content:encoded><![CDATA[<h2>Anissa Kate Fuck Double penetration mick blue Markus dupree</h2>
<p>Bangbros double penetration threesome porn video Anissa kate Fuck double penetration by Mick blue &amp; Markus dupree threesome porn yamyhub bangbros porn video double penetration porn video threesome porn MMF porn Male male Female Markus dupree mick blue porn anissa kate porn video.</p>
<p>The post <a rel="nofollow" href="https://www.yamyhub.com/video/anissa-keith-fuck-double-penetration-mick-blue-markus-dupree/">Anissa Kate Fuck Double penetration mick blue markus dupree</a> appeared first on <a rel="nofollow" href="https://www.yamyhub.com">Yamyhub</a>.</p>
]]></content:encoded>
					
		
		
			</item>
		<item>
		<title>Stepmom Anissa Kate Fuck when dad not at home DDF Network</title>
		<link>https://www.yamyhub.com/video/stepmom-anissa-keith-fuck-when-dad-not-at-home-ddf-network/</link>
		
		<dc:creator><![CDATA[yamyhub]]></dc:creator>
		<pubDate>Tue, 06 Jul 2021 11:22:04 +0000</pubDate>
				<guid isPermaLink="false">https://www.yamyhub.com/?post_type=video&#038;p=3543</guid>

					<description><![CDATA[<p>Stepmom Anissa Kate Fuck when dad not at home DDF Network DDF Network Stepmom porn video Stepmom Anissa Kate Fuck when dad not at home stepson porn Mom fuck from son yamyhub MILF stepmom porn MILF porn video stepmom fuck from sons big cock son fuck mom DDF network porn video</p>
<p>The post <a rel="nofollow" href="https://www.yamyhub.com/video/stepmom-anissa-keith-fuck-when-dad-not-at-home-ddf-network/">Stepmom Anissa Kate Fuck when dad not at home DDF Network</a> appeared first on <a rel="nofollow" href="https://www.yamyhub.com">Yamyhub</a>.</p>
]]></description>
										<content:encoded><![CDATA[<h2>Stepmom Anissa Kate Fuck when dad not at home DDF Network</h2>
<p>DDF Network Stepmom porn video Stepmom Anissa Kate Fuck when dad not at home stepson porn Mom fuck from son yamyhub MILF stepmom porn MILF porn video stepmom fuck from sons big cock son fuck mom DDF network porn video</p>
<p>The post <a rel="nofollow" href="https://www.yamyhub.com/video/stepmom-anissa-keith-fuck-when-dad-not-at-home-ddf-network/">Stepmom Anissa Kate Fuck when dad not at home DDF Network</a> appeared first on <a rel="nofollow" href="https://www.yamyhub.com">Yamyhub</a>.</p>
]]></content:encoded>
					
		
		
			</item>
	</channel>
</rss>
