<?xml version="1.0" encoding="UTF-8"?><rss version="2.0"
	xmlns:content="http://purl.org/rss/1.0/modules/content/"
	xmlns:wfw="http://wellformedweb.org/CommentAPI/"
	xmlns:dc="http://purl.org/dc/elements/1.1/"
	xmlns:atom="http://www.w3.org/2005/Atom"
	xmlns:sy="http://purl.org/rss/1.0/modules/syndication/"
	xmlns:slash="http://purl.org/rss/1.0/modules/slash/"
	>

<channel>
	<title>Aidra Fox &#8211; Yamyhub</title>
	<atom:link href="https://adult.yamyhub.com/categories/aidra-fox/feed/" rel="self" type="application/rss+xml" />
	<link>https://adult.yamyhub.com</link>
	<description>Watch latest free HD Full length Porn video. Big ass, Big cock, MILF, Lesbian, Step sister and Step mother Porn videos. Yamyhub porn videos.</description>
	<lastBuildDate>Mon, 21 Jun 2021 13:22:58 +0000</lastBuildDate>
	<language>en-US</language>
	<sy:updatePeriod>
	hourly	</sy:updatePeriod>
	<sy:updateFrequency>
	1	</sy:updateFrequency>
	<generator>https://wordpress.org/?v=5.7.2</generator>

<image>
	<url>https://adult.yamyhub.com/wp-content/uploads/2021/06/favicon.png</url>
	<title>Aidra Fox &#8211; Yamyhub</title>
	<link>https://adult.yamyhub.com</link>
	<width>32</width>
	<height>32</height>
</image> 
	<item>
		<title>Brazzers &#8211; Four Sluty big ass teen Fuck hardcore By Mr lee</title>
		<link>https://adult.yamyhub.com/video/brazzers-four-sluty-big-ass-teen-fuck-hardcore-by-mr-lee/</link>
		
		<dc:creator><![CDATA[yamyhub]]></dc:creator>
		<pubDate>Sun, 20 Jun 2021 05:58:26 +0000</pubDate>
				<guid isPermaLink="false">https://adult.yamyhub.com/?post_type=video&#038;p=3409</guid>

					<description><![CDATA[<p>Brazzers &#8211; Four Sluty big ass teen Fuck hardcore By Mr lee Mr lee porn videos, Mr Lee fuck four girls in office. big ass bog boobs Lana rhoades porn videos. Riley Reid porn videos, Riley Reid fuck in office. Janice Griffith porn videos, Janice Griffith lesbian porn videos, Aidra Fox porn videos Aidra Fox [&#8230;]</p>
<p>The post <a rel="nofollow" href="https://adult.yamyhub.com/video/brazzers-four-sluty-big-ass-teen-fuck-hardcore-by-mr-lee/">Brazzers &#8211; Four Sluty big ass teen Fuck hardcore By Mr lee</a> appeared first on <a rel="nofollow" href="https://adult.yamyhub.com">Yamyhub</a>.</p>
]]></description>
										<content:encoded><![CDATA[<h2>Brazzers &#8211; Four Sluty big ass teen Fuck hardcore By Mr lee</h2>
<p>Mr lee porn videos, Mr Lee fuck four girls in office. big ass bog boobs Lana rhoades porn videos. Riley Reid porn videos, Riley Reid fuck in office.</p>
<p>Janice Griffith porn videos, Janice Griffith lesbian porn videos, Aidra Fox porn videos Aidra Fox lesbian organism porn. Brazzers girls gang porn videos.</p>
<p>The post <a rel="nofollow" href="https://adult.yamyhub.com/video/brazzers-four-sluty-big-ass-teen-fuck-hardcore-by-mr-lee/">Brazzers &#8211; Four Sluty big ass teen Fuck hardcore By Mr lee</a> appeared first on <a rel="nofollow" href="https://adult.yamyhub.com">Yamyhub</a>.</p>
]]></content:encoded>
					
		
		
			</item>
	</channel>
</rss>
