<?xml version="1.0" encoding="UTF-8"?><rss version="2.0"
	xmlns:content="http://purl.org/rss/1.0/modules/content/"
	xmlns:wfw="http://wellformedweb.org/CommentAPI/"
	xmlns:dc="http://purl.org/dc/elements/1.1/"
	xmlns:atom="http://www.w3.org/2005/Atom"
	xmlns:sy="http://purl.org/rss/1.0/modules/syndication/"
	xmlns:slash="http://purl.org/rss/1.0/modules/slash/"
	>

<channel>
	<title>Johnny sins &#8211; Yamyhub</title>
	<atom:link href="https://www.yamyhub.com/categories/johnny-sins/feed/" rel="self" type="application/rss+xml" />
	<link>https://www.yamyhub.com</link>
	<description>Watch latest free HD Full length Porn video. Big ass, Big cock, MILF, Lesbian, Step sister and Step mother Porn videos. Yamyhub porn videos.</description>
	<lastBuildDate>Tue, 17 Aug 2021 05:38:23 +0000</lastBuildDate>
	<language>en-US</language>
	<sy:updatePeriod>
	hourly	</sy:updatePeriod>
	<sy:updateFrequency>
	1	</sy:updateFrequency>
	<generator>https://wordpress.org/?v=5.8</generator>

<image>
	<url>https://www.yamyhub.com/wp-content/uploads/2021/07/cropped-favicon-32x32.png</url>
	<title>Johnny sins &#8211; Yamyhub</title>
	<link>https://www.yamyhub.com</link>
	<width>32</width>
	<height>32</height>
</image> 
	<item>
		<title>5 Girls take down by Johnny sins sinslife Pornhub</title>
		<link>https://www.yamyhub.com/video/5-girls-take-down-by-johnny-sins-sinslife-pornhub/</link>
		
		<dc:creator><![CDATA[yamyhub]]></dc:creator>
		<pubDate>Sun, 08 Aug 2021 12:41:21 +0000</pubDate>
				<guid isPermaLink="false">https://www.yamyhub.com/?post_type=video&#038;p=4201</guid>

					<description><![CDATA[<p>5 Girls take down by Johnny sins sins life Pornhub Pornhub Pornstars Johnny Sins, Kissa sins, Katrina Jade, Aj Applegate, Maddy Oreilly porn sex videos. 5 girls want johnny sins dick yamyhub. Watch kissa sins big boobs bounce ride a man to organism pornhub videos. Katrina Jade with perfect boobs get fucked by johnny sins. [&#8230;]</p>
<p>The post <a rel="nofollow" href="https://www.yamyhub.com/video/5-girls-take-down-by-johnny-sins-sinslife-pornhub/">5 Girls take down by Johnny sins sinslife Pornhub</a> appeared first on <a rel="nofollow" href="https://www.yamyhub.com">Yamyhub</a>.</p>
]]></description>
										<content:encoded><![CDATA[<h2>5 Girls take down by Johnny sins sins life Pornhub</h2>
<p>Pornhub Pornstars Johnny Sins, Kissa sins, Katrina Jade, Aj Applegate, Maddy Oreilly porn sex videos. 5 girls want johnny sins dick yamyhub. Watch kissa sins big boobs bounce ride a man to organism pornhub videos. Katrina Jade with perfect boobs get fucked by johnny sins. Aj Applegate solve her problem by taking down johnny sins pornhub sex video. Maddy Oreilly  want to love fuck from big dick.</p>
<p>The post <a rel="nofollow" href="https://www.yamyhub.com/video/5-girls-take-down-by-johnny-sins-sinslife-pornhub/">5 Girls take down by Johnny sins sinslife Pornhub</a> appeared first on <a rel="nofollow" href="https://www.yamyhub.com">Yamyhub</a>.</p>
]]></content:encoded>
					
		
		
			</item>
		<item>
		<title>Johnny sins fuck women during yoga Brazzers Yoga pant</title>
		<link>https://www.yamyhub.com/video/johnny-sins-fuck-women-during-yoga-brazzers-yoga-pant/</link>
		
		<dc:creator><![CDATA[yamyhub]]></dc:creator>
		<pubDate>Tue, 20 Jul 2021 03:43:50 +0000</pubDate>
				<guid isPermaLink="false">https://www.yamyhub.com/?post_type=video&#038;p=3770</guid>

					<description><![CDATA[<p>Johnny sins fuck women during yoga Brazzers Yoga pant Brazzers Johnny sins Syren De Mer Yoga pant Porn video. Johnny sins fuck Big ass women during yoga in yoga pant . Latest yoga pant yamyhub. Brazzers porn video Johnny sins fuck women in yoga pant. Porn Johnny sins latest porn video. Syren De Mer porn [&#8230;]</p>
<p>The post <a rel="nofollow" href="https://www.yamyhub.com/video/johnny-sins-fuck-women-during-yoga-brazzers-yoga-pant/">Johnny sins fuck women during yoga Brazzers Yoga pant</a> appeared first on <a rel="nofollow" href="https://www.yamyhub.com">Yamyhub</a>.</p>
]]></description>
										<content:encoded><![CDATA[<h2>Johnny sins fuck women during yoga Brazzers Yoga pant</h2>
<p>Brazzers Johnny sins Syren De Mer Yoga pant Porn video. Johnny sins fuck Big ass women during yoga in yoga pant . Latest yoga pant yamyhub. Brazzers porn video Johnny sins fuck women in yoga pant. Porn Johnny sins latest porn video. Syren De Mer porn video. Syren De Mer during yoga fuck from big cock. Daftsex porn video spankbang porn.</p>
<p>The post <a rel="nofollow" href="https://www.yamyhub.com/video/johnny-sins-fuck-women-during-yoga-brazzers-yoga-pant/">Johnny sins fuck women during yoga Brazzers Yoga pant</a> appeared first on <a rel="nofollow" href="https://www.yamyhub.com">Yamyhub</a>.</p>
]]></content:encoded>
					
		
		
			</item>
		<item>
		<title>Slutty Nuns Fucked – Johnny sins – kissa sins – dani daniels</title>
		<link>https://www.yamyhub.com/video/slutty-nuns-fucked-johnny-sins-kissa-sins-dani-daniels/</link>
		
		<dc:creator><![CDATA[yamyhub]]></dc:creator>
		<pubDate>Thu, 20 May 2021 16:29:52 +0000</pubDate>
				<guid isPermaLink="false">http://localhost/github/?post_type=video&#038;p=2973</guid>

					<description><![CDATA[<p>Slutty Nuns Fucked – Johnny sins – kissa sins – dani daniels Slutty Nuns Fucked Hardcore by big dick, Johnny Porn videos, kissa sins Porn videos, dani daniels Porn videos, Threesome porn, HD porn, Porn hardcore, Big Dick porn Fucking Nuns Religious Priests, Brazzers Hardcore Threesome Priest Blonde Brunette And Dress Up Nun, Threesome porn, [&#8230;]</p>
<p>The post <a rel="nofollow" href="https://www.yamyhub.com/video/slutty-nuns-fucked-johnny-sins-kissa-sins-dani-daniels/">Slutty Nuns Fucked – Johnny sins – kissa sins – dani daniels</a> appeared first on <a rel="nofollow" href="https://www.yamyhub.com">Yamyhub</a>.</p>
]]></description>
										<content:encoded><![CDATA[<h3>Slutty Nuns Fucked – Johnny sins – kissa sins – dani daniels</h3>
<p>Slutty Nuns Fucked Hardcore by big dick, Johnny Porn videos, kissa sins Porn videos, dani daniels Porn videos, Threesome porn, HD porn, Porn hardcore, Big Dick porn Fucking Nuns Religious Priests, Brazzers Hardcore Threesome Priest Blonde Brunette And Dress Up Nun, Threesome porn, MILF porn</p>
<p>The post <a rel="nofollow" href="https://www.yamyhub.com/video/slutty-nuns-fucked-johnny-sins-kissa-sins-dani-daniels/">Slutty Nuns Fucked – Johnny sins – kissa sins – dani daniels</a> appeared first on <a rel="nofollow" href="https://www.yamyhub.com">Yamyhub</a>.</p>
]]></content:encoded>
					
		
		
			</item>
		<item>
		<title>Sexy Nurses Fucked Johnny sins Dani Daniels BRAZZERS</title>
		<link>https://www.yamyhub.com/video/sexy-nurses-fucked-johnny-sins-dani-daniels-brazzers/</link>
		
		<dc:creator><![CDATA[yamyhub]]></dc:creator>
		<pubDate>Thu, 20 May 2021 16:23:46 +0000</pubDate>
				<guid isPermaLink="false">http://localhost/github/?post_type=video&#038;p=2971</guid>

					<description><![CDATA[<p>Sexy Nurses Fucked – Johnny sins – Luna star – Dani Daniels – BRAZZERS Sexy Nurses Fucked – Johnny sins – Luna star – Dani Daniels – BRAZZERS, Big Tits porn Pornstar Threesome HD Porn, Brazzers, Natural Tits, Latina, Big Boobs porn, Kissing Threesome, Nurse Oil Uniform, Doggystyle porn Big Dick</p>
<p>The post <a rel="nofollow" href="https://www.yamyhub.com/video/sexy-nurses-fucked-johnny-sins-dani-daniels-brazzers/">Sexy Nurses Fucked Johnny sins Dani Daniels BRAZZERS</a> appeared first on <a rel="nofollow" href="https://www.yamyhub.com">Yamyhub</a>.</p>
]]></description>
										<content:encoded><![CDATA[<h3>Sexy Nurses Fucked – Johnny sins – Luna star – Dani Daniels – BRAZZERS</h3>
<p>Sexy Nurses Fucked – Johnny sins – Luna star – Dani Daniels – BRAZZERS,</p>
<p>Big Tits porn Pornstar Threesome HD Porn, Brazzers, Natural Tits,</p>
<p>Latina, Big Boobs porn, Kissing Threesome, Nurse Oil Uniform, Doggystyle porn Big Dick</p>
<p>The post <a rel="nofollow" href="https://www.yamyhub.com/video/sexy-nurses-fucked-johnny-sins-dani-daniels-brazzers/">Sexy Nurses Fucked Johnny sins Dani Daniels BRAZZERS</a> appeared first on <a rel="nofollow" href="https://www.yamyhub.com">Yamyhub</a>.</p>
]]></content:encoded>
					
		
		
			</item>
		<item>
		<title>Hot babe Dani Daniels riding cock in office Johnny sins</title>
		<link>https://www.yamyhub.com/video/hot-babe-dani-daniels-riding-cock-in-office-johnny-sins/</link>
		
		<dc:creator><![CDATA[yamyhub]]></dc:creator>
		<pubDate>Sat, 15 May 2021 01:57:32 +0000</pubDate>
				<guid isPermaLink="false">http://localhost/github/?post_type=video&#038;p=2871</guid>

					<description><![CDATA[<p>Hot babe Dani Daniels riding cock in office &#8211; Johnny sins, Naughty America, Dani Daniels, suck fuck busty big-tits naughty-america office panty hose hardcore blonde dani-daniels</p>
<p>The post <a rel="nofollow" href="https://www.yamyhub.com/video/hot-babe-dani-daniels-riding-cock-in-office-johnny-sins/">Hot babe Dani Daniels riding cock in office Johnny sins</a> appeared first on <a rel="nofollow" href="https://www.yamyhub.com">Yamyhub</a>.</p>
]]></description>
										<content:encoded><![CDATA[<p>Hot babe Dani Daniels riding cock in office &#8211; Johnny sins, Naughty America,</p>
<p>Dani Daniels, suck fuck busty big-tits naughty-america office panty hose hardcore blonde dani-daniels</p>
<p>The post <a rel="nofollow" href="https://www.yamyhub.com/video/hot-babe-dani-daniels-riding-cock-in-office-johnny-sins/">Hot babe Dani Daniels riding cock in office Johnny sins</a> appeared first on <a rel="nofollow" href="https://www.yamyhub.com">Yamyhub</a>.</p>
]]></content:encoded>
					
		
		
			</item>
		<item>
		<title>BRAZZERS Teen Pussy and Rides Big cock Dani Daniels Johnny sins</title>
		<link>https://www.yamyhub.com/video/brazzers-teen-pussy-and-rides-big-cock-dani-daniels-johnny-sins/</link>
		
		<dc:creator><![CDATA[yamyhub]]></dc:creator>
		<pubDate>Sat, 15 May 2021 01:45:39 +0000</pubDate>
				<guid isPermaLink="false">http://localhost/github/?post_type=video&#038;p=2864</guid>

					<description><![CDATA[<p>BRAZZERS Teen Pussy and Rides Big cock Dani Daniels Johnny sins BRAZZERS &#8211; Teen Shows off her Hairy Pussy and Rides Big cock &#8211; Dani Daniels &#8211; Johnny sins HD Porn Hardcore Pornstar, Babe Big Dick Brunette Teenager, Inmate Prison Uniform, Bubble Butt Natural Boobs Young Brazzers Brunette Teen, Brazzers Free Brazzers Network, Hairy Round [&#8230;]</p>
<p>The post <a rel="nofollow" href="https://www.yamyhub.com/video/brazzers-teen-pussy-and-rides-big-cock-dani-daniels-johnny-sins/">BRAZZERS Teen Pussy and Rides Big cock Dani Daniels Johnny sins</a> appeared first on <a rel="nofollow" href="https://www.yamyhub.com">Yamyhub</a>.</p>
]]></description>
										<content:encoded><![CDATA[<h2>BRAZZERS Teen Pussy and Rides Big cock Dani Daniels Johnny sins</h2>
<p>BRAZZERS &#8211; Teen Shows off her Hairy Pussy and Rides Big cock &#8211; Dani Daniels &#8211; Johnny sins</p>
<p>HD Porn Hardcore Pornstar, Babe Big Dick Brunette</p>
<p>Teenager, Inmate Prison Uniform, Bubble Butt Natural Boobs</p>
<p>Young Brazzers Brunette Teen, Brazzers Free Brazzers Network, Hairy Round Ass Pounded</p>
<p>The post <a rel="nofollow" href="https://www.yamyhub.com/video/brazzers-teen-pussy-and-rides-big-cock-dani-daniels-johnny-sins/">BRAZZERS Teen Pussy and Rides Big cock Dani Daniels Johnny sins</a> appeared first on <a rel="nofollow" href="https://www.yamyhub.com">Yamyhub</a>.</p>
]]></content:encoded>
					
		
		
			</item>
	</channel>
</rss>
