<?xml version="1.0" encoding="UTF-8"?><rss version="2.0"
	xmlns:content="http://purl.org/rss/1.0/modules/content/"
	xmlns:wfw="http://wellformedweb.org/CommentAPI/"
	xmlns:dc="http://purl.org/dc/elements/1.1/"
	xmlns:atom="http://www.w3.org/2005/Atom"
	xmlns:sy="http://purl.org/rss/1.0/modules/syndication/"
	xmlns:slash="http://purl.org/rss/1.0/modules/slash/"
	>

<channel>
	<title>James Deen &#8211; Yamyhub</title>
	<atom:link href="https://adult.yamyhub.com/categories/james-deen/feed/" rel="self" type="application/rss+xml" />
	<link>https://adult.yamyhub.com</link>
	<description>Watch latest free HD Full length Porn video. Big ass, Big cock, MILF, Lesbian, Step sister and Step mother Porn videos. Yamyhub porn videos.</description>
	<lastBuildDate>Wed, 16 Jun 2021 04:32:58 +0000</lastBuildDate>
	<language>en-US</language>
	<sy:updatePeriod>
	hourly	</sy:updatePeriod>
	<sy:updateFrequency>
	1	</sy:updateFrequency>
	<generator>https://wordpress.org/?v=5.7.2</generator>

<image>
	<url>https://adult.yamyhub.com/wp-content/uploads/2021/06/favicon.png</url>
	<title>James Deen &#8211; Yamyhub</title>
	<link>https://adult.yamyhub.com</link>
	<width>32</width>
	<height>32</height>
</image> 
	<item>
		<title>Girls Angela white &#038; Alexis Texas Share Cock James Deen</title>
		<link>https://adult.yamyhub.com/video/girls-angela-white-alexis-texas-share-cock-james-deen/</link>
		
		<dc:creator><![CDATA[yamyhub]]></dc:creator>
		<pubDate>Mon, 17 May 2021 08:20:05 +0000</pubDate>
				<guid isPermaLink="false">http://localhost/github/?post_type=video&#038;p=2912</guid>

					<description><![CDATA[<p>Girls Angela white &#38; Alexis Texas Share Cock James Deen Oiled Girls Angela white and Alexis Texas Share Cock, Alexis Texas, Angela White, Hardcore, Blowjob, Blonde Brunette, Threesome Cumshot, Twoo females one male Angela white porn videos Alexis texas porn videos james deen porn videos Pornstar, Big Tits, Big cock, Oiled Share Blonde threesome</p>
<p>The post <a rel="nofollow" href="https://adult.yamyhub.com/video/girls-angela-white-alexis-texas-share-cock-james-deen/">Girls Angela white &#038; Alexis Texas Share Cock James Deen</a> appeared first on <a rel="nofollow" href="https://adult.yamyhub.com">Yamyhub</a>.</p>
]]></description>
										<content:encoded><![CDATA[<h2>Girls Angela white &amp; Alexis Texas Share Cock James Deen</h2>
<p>Oiled Girls Angela white and Alexis Texas Share Cock, Alexis Texas,</p>
<p>Angela White, Hardcore, Blowjob, Blonde Brunette, Threesome Cumshot,</p>
<p>Twoo females one male</p>
<p>Angela white porn videos</p>
<p>Alexis texas porn videos</p>
<p>james deen porn videos</p>
<p>Pornstar, Big Tits, Big cock, Oiled Share Blonde</p>
<p>threesome</p>
<p>The post <a rel="nofollow" href="https://adult.yamyhub.com/video/girls-angela-white-alexis-texas-share-cock-james-deen/">Girls Angela white &#038; Alexis Texas Share Cock James Deen</a> appeared first on <a rel="nofollow" href="https://adult.yamyhub.com">Yamyhub</a>.</p>
]]></content:encoded>
					
		
		
			</item>
	</channel>
</rss>
