<?xml version="1.0" encoding="UTF-8"?><rss version="2.0"
	xmlns:content="http://purl.org/rss/1.0/modules/content/"
	xmlns:wfw="http://wellformedweb.org/CommentAPI/"
	xmlns:dc="http://purl.org/dc/elements/1.1/"
	xmlns:atom="http://www.w3.org/2005/Atom"
	xmlns:sy="http://purl.org/rss/1.0/modules/syndication/"
	xmlns:slash="http://purl.org/rss/1.0/modules/slash/"
	>

<channel>
	<title>Mypervfamily &#8211; Yamyhub</title>
	<atom:link href="https://www.yamyhub.com/categories/mypervfamily/feed/" rel="self" type="application/rss+xml" />
	<link>https://www.yamyhub.com</link>
	<description>Watch latest free HD Full length Porn video. Big ass, Big cock, MILF, Lesbian, Step sister and Step mother Porn videos. Yamyhub porn videos.</description>
	<lastBuildDate>Thu, 01 Jul 2021 10:34:14 +0000</lastBuildDate>
	<language>en-US</language>
	<sy:updatePeriod>
	hourly	</sy:updatePeriod>
	<sy:updateFrequency>
	1	</sy:updateFrequency>
	<generator>https://wordpress.org/?v=5.7.2</generator>

<image>
	<url>https://www.yamyhub.com/wp-content/uploads/2021/06/favicon.png</url>
	<title>Mypervfamily &#8211; Yamyhub</title>
	<link>https://www.yamyhub.com</link>
	<width>32</width>
	<height>32</height>
</image> 
	<item>
		<title>Mypervfamily Natasha nice Fuck POV by big cock</title>
		<link>https://www.yamyhub.com/video/mypervfamily-natasha-nice-fuck-pov-by-big-cock/</link>
		
		<dc:creator><![CDATA[yamyhub]]></dc:creator>
		<pubDate>Thu, 01 Jul 2021 10:33:29 +0000</pubDate>
				<guid isPermaLink="false">https://www.yamyhub.com/?post_type=video&#038;p=3505</guid>

					<description><![CDATA[<p>Mypervfamily Natasha nice Fuck POV by big cock Mypervfamily porn video Big ass natasha nice Fuck pov by big dick mypervfamily porn video Yamyhub family perv porn video natasha nice porn video natasha nice fuck hardcore by big dick natasha nice ass</p>
<p>The post <a rel="nofollow" href="https://www.yamyhub.com/video/mypervfamily-natasha-nice-fuck-pov-by-big-cock/">Mypervfamily Natasha nice Fuck POV by big cock</a> appeared first on <a rel="nofollow" href="https://www.yamyhub.com">Yamyhub</a>.</p>
]]></description>
										<content:encoded><![CDATA[<h2>Mypervfamily Natasha nice Fuck POV by big cock</h2>
<p>Mypervfamily porn video Big ass natasha nice Fuck pov by big dick mypervfamily porn video Yamyhub family perv porn video natasha nice porn video natasha nice fuck hardcore by big dick natasha nice ass</p>
<p>The post <a rel="nofollow" href="https://www.yamyhub.com/video/mypervfamily-natasha-nice-fuck-pov-by-big-cock/">Mypervfamily Natasha nice Fuck POV by big cock</a> appeared first on <a rel="nofollow" href="https://www.yamyhub.com">Yamyhub</a>.</p>
]]></content:encoded>
					
		
		
			</item>
	</channel>
</rss>
