31e8
<?xml version="1.0" encoding="UTF-8"?><rss version="2.0"
	xmlns:content="http://purl.org/rss/1.0/modules/content/"
	xmlns:wfw="http://wellformedweb.org/CommentAPI/"
	xmlns:dc="http://purl.org/dc/elements/1.1/"
	xmlns:atom="http://www.w3.org/2005/Atom"
	xmlns:sy="http://purl.org/rss/1.0/modules/syndication/"
	xmlns:slash="http://purl.org/rss/1.0/modules/slash/"
	>

<channel>
	<title>Abella Danger &#8211; Yamyhub</title>
	<atom:link href="https://www.yamyhub.com/categories/abella-danger/feed/" rel="self" type="application/rss+xml" />
	<link>https://www.yamyhub.com</link>
	<description>Watch latest free HD Full length Porn video. Big ass, Big cock, MILF, Lesbian, Step sister and Step mother Porn videos. Yamyhub porn videos.</description>
	<lastBuildDate>Tue, 22 Jun 2021 08:27:54 +0000</lastBuildDate>
	<language>en-US</language>
	<sy:updatePeriod>
	hourly	</sy:updatePeriod>
	<sy:updateFrequency>
	1	</sy:updateFrequency>
	<generator>https://wordpress.org/?v=5.7.2</generator>

<image>
	<url>https://www.yamyhub.com/wp-content/uploads/2021/06/favicon.png</url>
	<title>Abella Danger &#8211; Yamyhub</title>
	<link>https://www.yamyhub.com</link>
	<width>32</width>
	<height>32</height>
</image> 
	<item>
		<title>Abella danger Fuck anal and cum in mouth hloed</title>
		<link>https://www.yamyhub.com/video/abella-danger-fuck-anal-and-cum-in-mouth-hloed/</link>
		
		<dc:creator><![CDATA[yamyhub]]></dc:creator>
		<pubDate>Tue, 22 Jun 2021 08:27:21 +0000</pubDate>
				<guid isPermaLink="false">https://www.yamyhub.com/?post_type=video&#038;p=3444</guid>

					<description><![CDATA[<p>Abella danger Fuck anal and cum in mouth hloed Abella danger fuck anal and cum in mouth anal porn videos anal sex videos big ass anal video big butt big tits big boobs porn videos abella danger anal abella danger take cock in her ass.</p>
<p>The post <a rel="nofollow" href="https://www.yamyhub.com/video/abella-danger-fuck-anal-and-cum-in-mouth-hloed/">Abella danger Fuck anal and cum in mouth hloed</a> appeared first on <a rel="nofollow" href="https://www.yamyhub.com">Yamyhub</a>.</p>
]]></description>
										<content:encoded><![CDATA[<h2>Abella danger Fuck anal and cum in mouth hloed</h2>
<p>Abella danger fuck anal and cum in mouth anal porn videos anal sex videos big ass anal video big butt big tits big boobs porn videos abella danger anal abella danger take cock in her ass.</p>
<p>The post <a rel="nofollow" href="https://www.yamyhub.com/video/abella-danger-fuck-anal-and-cum-in-mouth-hloed/">Abella danger Fuck anal and cum in mouth hloed</a> appeared first on <a rel="nofollow" href="https://www.yamyhub.com">Yamyhub</a>.</p>
]]></content:encoded>
					
		
		
			</item>
		<item>
		<title>Abella danger Fuck anal and cum from hard brazzers</title>
		<link>https://www.yamyhub.com/video/abella-danger-fuck-anal-and-cum-from-hard-brazzers/</link>
		
		<dc:creator><![CDATA[yamyhub]]></dc:creator>
		<pubDate>Tue, 22 Jun 2021 06:45:37 +0000</pubDate>
				<guid isPermaLink="false">https://www.yamyhub.com/?post_type=video&#038;p=3442</guid>

					<description><![CDATA[<p>Abella danger Fuck anal and cum from hard brazzers abella danger anal porn video abella danger cul from brazzer anal abella danger abella dnager hardcore anal porn video. brazzers anal porn videos.</p>
<p>The post <a rel="nofollow" href="https://www.yamyhub.com/video/abella-danger-fuck-anal-and-cum-from-hard-brazzers/">Abella danger Fuck anal and cum from hard brazzers</a> appeared first on <a rel="nofollow" href="https://www.yamyhub.com">Yamyhub</a>.</p>
]]></description>
										<content:encoded><![CDATA[<h2>Abella danger Fuck anal and cum from hard brazzers</h2>
<p>abella danger anal porn video abella danger cul from brazzer anal abella danger abella dnager hardcore anal porn video. brazzers anal porn videos.</p>
<p>The post <a rel="nofollow" href="https://www.yamyhub.com/video/abella-danger-fuck-anal-and-cum-from-hard-brazzers/">Abella danger Fuck anal and cum from hard brazzers</a> appeared first on <a rel="nofollow" href="https://www.yamyhub.com">Yamyhub</a>.</p>
]]></content:encoded>
					
		
		
			</item>
		<item>
		<title>Abella danger lyra law &#038; Cherie DeVille have threesome lesbian sex</title>
		<link>https://www.yamyhub.com/video/abella-danger-lyra-law-cherie-deville-have-threesome-lesbian-sex/</link>
		
		<dc:creator><![CDATA[yamyhub]]></dc:creator>
		<pubDate>Tue, 22 Jun 2021 06:31:18 +0000</pubDate>
				<guid isPermaLink="false">https://www.yamyhub.com/?post_type=video&#038;p=3440</guid>

					<description><![CDATA[<p>Abella danger lyra law &#38; Cherie DeVille have threesome lesbian sex Abella danger fuck double penetration , abella danger porn videos abella danger strapon porn videos threesome lesbian porn videos Cherie DeVille strapon porn videos Cherie DeVille lesbian porn videos lyra law porn videos lyra law strapon porn videos lyra law lesbian porn videos. lyra [&#8230;]</p>
<p>The post <a rel="nofollow" href="https://www.yamyhub.com/video/abella-danger-lyra-law-cherie-deville-have-threesome-lesbian-sex/">Abella danger lyra law &#038; Cherie DeVille have threesome lesbian sex</a> appeared first on <a rel="nofollow" href="https://www.yamyhub.com">Yamyhub</a>.</p>
]]></description>
										<content:encoded><![CDATA[<h2>Abella danger lyra law &amp; Cherie DeVille have threesome lesbian sex</h2>
<p>Abella danger fuck double penetration , abella danger porn videos abella danger strapon porn videos threesome lesbian porn videos Cherie DeVille strapon porn videos Cherie DeVille lesbian porn videos lyra law porn videos lyra law strapon porn videos lyra law lesbian porn videos.</p>
<p>lyra law and Cherie DeVille fuck double penetration abella danger with strapon sex toys.</p>
<p>The post <a rel="nofollow" href="https://www.yamyhub.com/video/abella-danger-lyra-law-cherie-deville-have-threesome-lesbian-sex/">Abella danger lyra law &#038; Cherie DeVille have threesome lesbian sex</a> appeared first on <a rel="nofollow" href="https://www.yamyhub.com">Yamyhub</a>.</p>
]]></content:encoded>
					
		
		
			</item>
		<item>
		<title>Abella danger &#038; Elsa Jean Lick &#038; fuck each pussies</title>
		<link>https://www.yamyhub.com/video/abella-danger-elsa-jean-lick-fuck-each-pussies/</link>
		
		<dc:creator><![CDATA[yamyhub]]></dc:creator>
		<pubDate>Tue, 22 Jun 2021 06:00:57 +0000</pubDate>
				<guid isPermaLink="false">https://www.yamyhub.com/?post_type=video&#038;p=3437</guid>

					<description><![CDATA[<p>Abella danger &#38; Elsa Jean Lick &#38; fuck each pussies lesbian porn videos lesbian porn abella danger elsa jean porn videos abella danger xxx videos xxx elsa jean fuck and lick each other pussy elsa jean porn. big ass porn videos.</p>
<p>The post <a rel="nofollow" href="https://www.yamyhub.com/video/abella-danger-elsa-jean-lick-fuck-each-pussies/">Abella danger &#038; Elsa Jean Lick &#038; fuck each pussies</a> appeared first on <a rel="nofollow" href="https://www.yamyhub.com">Yamyhub</a>.</p>
]]></description>
										<content:encoded><![CDATA[<h2>Abella danger &amp; Elsa Jean Lick &amp; fuck each pussies</h2>
<p>lesbian porn videos lesbian porn abella danger elsa jean porn videos abella danger xxx videos xxx elsa jean fuck and lick each other pussy elsa jean porn. big ass porn videos.</p>
<p>The post <a rel="nofollow" href="https://www.yamyhub.com/video/abella-danger-elsa-jean-lick-fuck-each-pussies/">Abella danger &#038; Elsa Jean Lick &#038; fuck each pussies</a> appeared first on <a rel="nofollow" href="https://www.yamyhub.com">Yamyhub</a>.</p>
]]></content:encoded>
					
		
		
			</item>
		<item>
		<title>Abella danger, Angela white &#038; krissy lynn Fuck girlsway office</title>
		<link>https://www.yamyhub.com/video/abella-danger-angela-white-krissy-lynn-fuck-girlsway-office/</link>
		
		<dc:creator><![CDATA[yamyhub]]></dc:creator>
		<pubDate>Thu, 17 Jun 2021 09:54:04 +0000</pubDate>
				<guid isPermaLink="false">https://www.yamyhub.com/?post_type=video&#038;p=3391</guid>

					<description><![CDATA[<p>Abella danger, Angela white &#38; krissy lynn Fuck girlsway office Big ass porn video, lesbian porn videos, big tits porn big ass angela white porn video. angela white lesbian porn. abella danger lesbian porn abella danger. krissy lynn porn lesbian krissy lynn porn.</p>
<p>The post <a rel="nofollow" href="https://www.yamyhub.com/video/abella-danger-angela-white-krissy-lynn-fuck-girlsway-office/">Abella danger, Angela white &#038; krissy lynn Fuck girlsway office</a> appeared first on <a rel="nofollow" href="https://www.yamyhub.com">Yamyhub</a>.</p>
]]></description>
										<content:encoded><![CDATA[<h2>Abella danger, Angela white &amp; krissy lynn Fuck girlsway office</h2>
<p>Big ass porn video, lesbian porn videos, big tits porn big ass angela white porn video. angela white lesbian porn. abella danger lesbian porn abella danger. krissy lynn porn lesbian krissy lynn porn.</p>
<p>The post <a rel="nofollow" href="https://www.yamyhub.com/video/abella-danger-angela-white-krissy-lynn-fuck-girlsway-office/">Abella danger, Angela white &#038; krissy lynn Fuck girlsway office</a> appeared first on <a rel="nofollow" href="https://www.yamyhub.com">Yamyhub</a>.</p>
]]></content:encoded>
					
		
		
			</item>
		<item>
		<title>Abella danger &#038; angela white anal strapon in office Girlsway</title>
		<link>https://www.yamyhub.com/video/abella-danger-angela-white-anal-strapon-in-office-girlsway/</link>
		
		<dc:creator><![CDATA[yamyhub]]></dc:creator>
		<pubDate>Thu, 17 Jun 2021 08:31:56 +0000</pubDate>
				<guid isPermaLink="false">https://www.yamyhub.com/?post_type=video&#038;p=3389</guid>

					<description><![CDATA[<p>Abella danger &#38; angela white anal strapon in office Girlsway Big tits lesbian fuck each other, big ass big boobs teen porn video fuck in office sex toys use strapon porn video.Abella danger fuck angela white with strapon. strapon porn videos. Dominated porn videos. abella danger porn video. lesbian porn videos. angela white porn video.</p>
<p>The post <a rel="nofollow" href="https://www.yamyhub.com/video/abella-danger-angela-white-anal-strapon-in-office-girlsway/">Abella danger &#038; angela white anal strapon in office Girlsway</a> appeared first on <a rel="nofollow" href="https://www.yamyhub.com">Yamyhub</a>.</p>
]]></description>
										<content:encoded><![CDATA[<h2>Abella danger &amp; angela white anal strapon in office Girlsway</h2>
<p>Big tits lesbian fuck each other, big ass big boobs teen porn video fuck in office sex toys use strapon porn video.Abella danger fuck angela white with strapon. strapon porn videos. Dominated porn videos.</p>
<p>abella danger porn video. lesbian porn videos. angela white porn video.</p>
<p>The post <a rel="nofollow" href="https://www.yamyhub.com/video/abella-danger-angela-white-anal-strapon-in-office-girlsway/">Abella danger &#038; angela white anal strapon in office Girlsway</a> appeared first on <a rel="nofollow" href="https://www.yamyhub.com">Yamyhub</a>.</p>
]]></content:encoded>
					
		
		
			</item>
		<item>
		<title>Blonde babe Abella danger &#038; Brunette Karlee Gray Finger each other</title>
		<link>https://www.yamyhub.com/video/blonde-babe-abella-danger-brunette-karlee-gray-finger-each-other/</link>
		
		<dc:creator><![CDATA[yamyhub]]></dc:creator>
		<pubDate>Mon, 14 Jun 2021 17:54:59 +0000</pubDate>
				<guid isPermaLink="false">https://www.yamyhub.com/?post_type=video&#038;p=3348</guid>

					<description><![CDATA[<p>Blonde babe Abella danger &#38; Brunette Karlee Gray Finger each other Blonde hair big ass baby Abella danger and brunette hair karlee gray finfer each other lesbian porn videos/ porn videos hd. lesbian porn video. blonde porn. Abella danger porn videos. karlee gray porn.</p>
<p>The post <a rel="nofollow" href="https://www.yamyhub.com/video/blonde-babe-abella-danger-brunette-karlee-gray-finger-each-other/">Blonde babe Abella danger &#038; Brunette Karlee Gray Finger each other</a> appeared first on <a rel="nofollow" href="https://www.yamyhub.com">Yamyhub</a>.</p>
]]></description>
										<content:encoded><![CDATA[<h1>Blonde babe Abella danger &amp; Brunette Karlee Gray Finger each other</h1>
<p>Blonde hair big ass baby Abella danger and brunette hair karlee gray finfer each other lesbian porn videos/ porn videos hd. lesbian porn video. blonde porn.</p>
<p>Abella danger porn videos. karlee gray porn.</p>
<p>The post <a rel="nofollow" href="https://www.yamyhub.com/video/blonde-babe-abella-danger-brunette-karlee-gray-finger-each-other/">Blonde babe Abella danger &#038; Brunette Karlee Gray Finger each other</a> appeared first on <a rel="nofollow" href="https://www.yamyhub.com">Yamyhub</a>.</p>
]]></content:encoded>
					
		
		
			</item>
	</channel>
</rss>

0

