<?xml version="1.0" encoding="UTF-8"?><rss version="2.0"
	xmlns:content="http://purl.org/rss/1.0/modules/content/"
	xmlns:wfw="http://wellformedweb.org/CommentAPI/"
	xmlns:dc="http://purl.org/dc/elements/1.1/"
	xmlns:atom="http://www.w3.org/2005/Atom"
	xmlns:sy="http://purl.org/rss/1.0/modules/syndication/"
	xmlns:slash="http://purl.org/rss/1.0/modules/slash/"
	>

<channel>
	<title>Amara Romani &#8211; Yamyhub</title>
	<atom:link href="https://www.yamyhub.com/categories/amara-romani/feed/" rel="self" type="application/rss+xml" />
	<link>https://www.yamyhub.com</link>
	<description>Watch latest free HD Full length Porn video. Big ass, Big cock, MILF, Lesbian, Step sister and Step mother Porn videos. Yamyhub porn videos.</description>
	<lastBuildDate>Tue, 10 Aug 2021 07:10:17 +0000</lastBuildDate>
	<language>en-US</language>
	<sy:updatePeriod>
	hourly	</sy:updatePeriod>
	<sy:updateFrequency>
	1	</sy:updateFrequency>
	<generator>https://wordpress.org/?v=5.8</generator>

<image>
	<url>https://www.yamyhub.com/wp-content/uploads/2021/07/cropped-favicon-32x32.png</url>
	<title>Amara Romani &#8211; Yamyhub</title>
	<link>https://www.yamyhub.com</link>
	<width>32</width>
	<height>32</height>
</image> 
	<item>
		<title>Brazzers Amara Romani get organism by moms pornhub</title>
		<link>https://www.yamyhub.com/video/brazzers-amara-romani-get-organism-by-moms-pornhub/</link>
		
		<dc:creator><![CDATA[yamyhub]]></dc:creator>
		<pubDate>Mon, 09 Aug 2021 02:33:43 +0000</pubDate>
				<guid isPermaLink="false">https://www.yamyhub.com/?post_type=video&#038;p=4216</guid>

					<description><![CDATA[<p>Brazzers Amara Romani get organism by moms pornhub Brazzers pornstars Phoenix Marie &#38; Amara Romani Pornhub sex video. Lesbian stepmom tries organism with her young daughter at home yamyhub. pornhub with Amara Romani want organism pussy lick ass hole from her new stepmom. Phoenix Marie Organism her daughter women no one at home. Stepmom Phoenix [&#8230;]</p>
<p>The post <a rel="nofollow" href="https://www.yamyhub.com/video/brazzers-amara-romani-get-organism-by-moms-pornhub/">Brazzers Amara Romani get organism by moms pornhub</a> appeared first on <a rel="nofollow" href="https://www.yamyhub.com">Yamyhub</a>.</p>
]]></description>
										<content:encoded><![CDATA[<h2>Brazzers Amara Romani get organism by moms pornhub</h2>
<p>Brazzers pornstars Phoenix Marie &amp; Amara Romani Pornhub sex video. Lesbian stepmom tries organism with her young daughter at home yamyhub. pornhub with Amara Romani want organism pussy lick ass hole from her new stepmom. Phoenix Marie Organism her daughter women no one at home. Stepmom Phoenix Marie taught her lesson to her stepdaughter.</p>
<p>The post <a rel="nofollow" href="https://www.yamyhub.com/video/brazzers-amara-romani-get-organism-by-moms-pornhub/">Brazzers Amara Romani get organism by moms pornhub</a> appeared first on <a rel="nofollow" href="https://www.yamyhub.com">Yamyhub</a>.</p>
]]></content:encoded>
					
		
		
			</item>
	</channel>
</rss>
