<?xml version="1.0" encoding="UTF-8"?><rss version="2.0"
	xmlns:content="http://purl.org/rss/1.0/modules/content/"
	xmlns:wfw="http://wellformedweb.org/CommentAPI/"
	xmlns:dc="http://purl.org/dc/elements/1.1/"
	xmlns:atom="http://www.w3.org/2005/Atom"
	xmlns:sy="http://purl.org/rss/1.0/modules/syndication/"
	xmlns:slash="http://purl.org/rss/1.0/modules/slash/"
	>

<channel>
	<title>India Summer &#8211; Yamyhub</title>
	<atom:link href="https://www.yamyhub.com/categories/india-summer/feed/" rel="self" type="application/rss+xml" />
	<link>https://www.yamyhub.com</link>
	<description>Watch latest free HD Full length Porn video. Big ass, Big cock, MILF, Lesbian, Step sister and Step mother Porn videos. Yamyhub porn videos.</description>
	<lastBuildDate>Tue, 10 Aug 2021 06:54:25 +0000</lastBuildDate>
	<language>en-US</language>
	<sy:updatePeriod>
	hourly	</sy:updatePeriod>
	<sy:updateFrequency>
	1	</sy:updateFrequency>
	<generator>https://wordpress.org/?v=5.8</generator>

<image>
	<url>https://www.yamyhub.com/wp-content/uploads/2021/07/cropped-favicon-32x32.png</url>
	<title>India Summer &#8211; Yamyhub</title>
	<link>https://www.yamyhub.com</link>
	<width>32</width>
	<height>32</height>
</image> 
	<item>
		<title>Reality king Nurse Nicolette Shea lick her patient pussy</title>
		<link>https://www.yamyhub.com/video/reality-king-nurse-nicolette-shea-lick-her-patient-pussy/</link>
		
		<dc:creator><![CDATA[yamyhub]]></dc:creator>
		<pubDate>Tue, 10 Aug 2021 03:41:27 +0000</pubDate>
				<guid isPermaLink="false">https://www.yamyhub.com/?post_type=video&#038;p=4226</guid>

					<description><![CDATA[<p>Reality king Nurse Nicolette Shea lick her patient pussy Reality king Pornstars India Summer &#38; Nicolette Shea XNXX lesbian porn video. Doctor seduce her patient with dildo fingering squirt porn. Nicolette Shea work as a doctor. She fuck her patient with Fingering dildo and squirt only on xnxx porn. Nicolette Shea also lesbian lick India [&#8230;]</p>
<p>The post <a rel="nofollow" href="https://www.yamyhub.com/video/reality-king-nurse-nicolette-shea-lick-her-patient-pussy/">Reality king Nurse Nicolette Shea lick her patient pussy</a> appeared first on <a rel="nofollow" href="https://www.yamyhub.com">Yamyhub</a>.</p>
]]></description>
										<content:encoded><![CDATA[<h2>Reality king Nurse Nicolette Shea lick her patient pussy</h2>
<p>Reality king Pornstars India Summer &amp; Nicolette Shea XNXX lesbian porn video. Doctor seduce her patient with dildo fingering squirt porn. Nicolette Shea work as a doctor. She fuck her patient with Fingering dildo and squirt only on xnxx porn. Nicolette Shea also lesbian lick India Summer pussy and use vibrator for cum.</p>
<p>The post <a rel="nofollow" href="https://www.yamyhub.com/video/reality-king-nurse-nicolette-shea-lick-her-patient-pussy/">Reality king Nurse Nicolette Shea lick her patient pussy</a> appeared first on <a rel="nofollow" href="https://www.yamyhub.com">Yamyhub</a>.</p>
]]></content:encoded>
					
		
		
			</item>
	</channel>
</rss>
