<?xml version="1.0" encoding="UTF-8"?><rss version="2.0"
	xmlns:content="http://purl.org/rss/1.0/modules/content/"
	xmlns:wfw="http://wellformedweb.org/CommentAPI/"
	xmlns:dc="http://purl.org/dc/elements/1.1/"
	xmlns:atom="http://www.w3.org/2005/Atom"
	xmlns:sy="http://purl.org/rss/1.0/modules/syndication/"
	xmlns:slash="http://purl.org/rss/1.0/modules/slash/"
	>

<channel>
	<title>Ana Foxxx &#8211; Yamyhub</title>
	<atom:link href="https://www.yamyhub.com/categories/ana-foxxx/feed/" rel="self" type="application/rss+xml" />
	<link>https://www.yamyhub.com</link>
	<description>Watch latest free HD Full length Porn video. Big ass, Big cock, MILF, Lesbian, Step sister and Step mother Porn videos. Yamyhub porn videos.</description>
	<lastBuildDate>Tue, 10 Aug 2021 16:38:55 +0000</lastBuildDate>
	<language>en-US</language>
	<sy:updatePeriod>
	hourly	</sy:updatePeriod>
	<sy:updateFrequency>
	1	</sy:updateFrequency>
	<generator>https://wordpress.org/?v=5.8</generator>

<image>
	<url>https://www.yamyhub.com/wp-content/uploads/2021/07/cropped-favicon-32x32.png</url>
	<title>Ana Foxxx &#8211; Yamyhub</title>
	<link>https://www.yamyhub.com</link>
	<width>32</width>
	<height>32</height>
</image> 
	<item>
		<title>Reality king Bitch hot wife share cock with teen threesome</title>
		<link>https://www.yamyhub.com/video/reality-king-bitch-hot-wife-share-cock-with-teen-threesome/</link>
		
		<dc:creator><![CDATA[yamyhub]]></dc:creator>
		<pubDate>Sun, 01 Aug 2021 12:20:03 +0000</pubDate>
				<guid isPermaLink="false">https://www.yamyhub.com/?post_type=video&#038;p=4080</guid>

					<description><![CDATA[<p>Reality king Bitch hot wife share cock with teen threesome Reality king porn star Ana foxxx porn video. Ebony Black women&#8217;s with hot bitch teen share husband cock. Threesome with FFM porn yamyhub. Ebony pussy of two black women&#8217;s Fuck from white cock. Ana foxxx and her girlfrien Want big white cock.  Reality king threesome [&#8230;]</p>
<p>The post <a rel="nofollow" href="https://www.yamyhub.com/video/reality-king-bitch-hot-wife-share-cock-with-teen-threesome/">Reality king Bitch hot wife share cock with teen threesome</a> appeared first on <a rel="nofollow" href="https://www.yamyhub.com">Yamyhub</a>.</p>
]]></description>
										<content:encoded><![CDATA[<h2>Reality king Bitch hot wife share cock with teen threesome</h2>
<p>Reality king porn star Ana foxxx porn video. Ebony Black women&#8217;s with hot bitch teen share husband cock. Threesome with FFM porn yamyhub. Ebony pussy of two black women&#8217;s Fuck from white cock. Ana foxxx and her girlfrien Want big white cock.  Reality king threesome porn. Threesome Female Female Male porn pornhub.</p>
<p>The post <a rel="nofollow" href="https://www.yamyhub.com/video/reality-king-bitch-hot-wife-share-cock-with-teen-threesome/">Reality king Bitch hot wife share cock with teen threesome</a> appeared first on <a rel="nofollow" href="https://www.yamyhub.com">Yamyhub</a>.</p>
]]></content:encoded>
					
		
		
			</item>
		<item>
		<title>Black strapon fuck double penetration black women sinn sage</title>
		<link>https://www.yamyhub.com/video/black-strapon-fuck-double-penetration-black-women-sinn-sage/</link>
		
		<dc:creator><![CDATA[yamyhub]]></dc:creator>
		<pubDate>Sat, 24 Jul 2021 04:08:26 +0000</pubDate>
				<guid isPermaLink="false">https://www.yamyhub.com/?post_type=video&#038;p=3813</guid>

					<description><![CDATA[<p>Black strapon fuck double penetration black women sinn sage Double penetration Ana Foxx Sinn sage strapon  Abella danger Lesbian x . fuck double penetration from Black strapon. Threesome Girl on girl porn sex . sinn sage fuck strapon. threesome porn video. Porn stars Ana Foxx abella danger porn video. Black double penetration fuck from strapon [&#8230;]</p>
<p>The post <a rel="nofollow" href="https://www.yamyhub.com/video/black-strapon-fuck-double-penetration-black-women-sinn-sage/">Black strapon fuck double penetration black women sinn sage</a> appeared first on <a rel="nofollow" href="https://www.yamyhub.com">Yamyhub</a>.</p>
]]></description>
										<content:encoded><![CDATA[<h2>Black strapon fuck double penetration black women sinn sage</h2>
<p>Double penetration Ana Foxx Sinn sage strapon  Abella danger Lesbian x . fuck double penetration from Black strapon. Threesome Girl on girl porn sex . sinn sage fuck strapon. threesome porn video. Porn stars Ana Foxx abella danger porn video. Black double penetration fuck from strapon lesbian x latest porn video. sex movies xxx. spankbang threesome videos xnxx sex video. yamyhub  porn.</p>
<p>The post <a rel="nofollow" href="https://www.yamyhub.com/video/black-strapon-fuck-double-penetration-black-women-sinn-sage/">Black strapon fuck double penetration black women sinn sage</a> appeared first on <a rel="nofollow" href="https://www.yamyhub.com">Yamyhub</a>.</p>
]]></content:encoded>
					
		
		
			</item>
	</channel>
</rss>
