<?xml version="1.0" encoding="UTF-8"?><rss version="2.0"
	xmlns:content="http://purl.org/rss/1.0/modules/content/"
	xmlns:wfw="http://wellformedweb.org/CommentAPI/"
	xmlns:dc="http://purl.org/dc/elements/1.1/"
	xmlns:atom="http://www.w3.org/2005/Atom"
	xmlns:sy="http://purl.org/rss/1.0/modules/syndication/"
	xmlns:slash="http://purl.org/rss/1.0/modules/slash/"
	>

<channel>
	<title>Brandi Love &#8211; Yamyhub</title>
	<atom:link href="https://www.yamyhub.com/categories/brandi-love/feed/" rel="self" type="application/rss+xml" />
	<link>https://www.yamyhub.com</link>
	<description>Watch latest free HD Full length Porn video. Big ass, Big cock, MILF, Lesbian, Step sister and Step mother Porn videos. Yamyhub porn videos.</description>
	<lastBuildDate>Tue, 10 Aug 2021 13:56:05 +0000</lastBuildDate>
	<language>en-US</language>
	<sy:updatePeriod>
	hourly	</sy:updatePeriod>
	<sy:updateFrequency>
	1	</sy:updateFrequency>
	<generator>https://wordpress.org/?v=5.8</generator>

<image>
	<url>https://www.yamyhub.com/wp-content/uploads/2021/07/cropped-favicon-32x32.png</url>
	<title>Brandi Love &#8211; Yamyhub</title>
	<link>https://www.yamyhub.com</link>
	<width>32</width>
	<height>32</height>
</image> 
	<item>
		<title>Big dick son cheat her wife &#038; fuck step mom in blue lingerie</title>
		<link>https://www.yamyhub.com/video/big-dick-son-cheat-her-wife-fuck-step-mom-in-blue-lingerie/</link>
		
		<dc:creator><![CDATA[yamyhub]]></dc:creator>
		<pubDate>Sat, 24 Jul 2021 17:51:48 +0000</pubDate>
				<guid isPermaLink="false">https://www.yamyhub.com/?post_type=video&#038;p=3842</guid>

					<description><![CDATA[<p>Big dick son cheat her wife &#38; fuck step mom in blue lingerie Brazzers step mom Brandi love porn video. big butt Stepmom in blue lingerie take son&#8217;s cock when he cheat wife. Brandi love porn yamyhub. stepmom fuck from son&#8217;s big cock. brazzers latest HD porn videos. Big butt hot stepmom Brandi love fuck [&#8230;]</p>
<p>The post <a rel="nofollow" href="https://www.yamyhub.com/video/big-dick-son-cheat-her-wife-fuck-step-mom-in-blue-lingerie/">Big dick son cheat her wife &#038; fuck step mom in blue lingerie</a> appeared first on <a rel="nofollow" href="https://www.yamyhub.com">Yamyhub</a>.</p>
]]></description>
										<content:encoded><![CDATA[<h2>Big dick son cheat her wife &amp; fuck step mom in blue lingerie</h2>
<p>Brazzers step mom Brandi love porn video. big butt Stepmom in blue lingerie take son&#8217;s cock when he cheat wife. Brandi love porn yamyhub. stepmom fuck from son&#8217;s big cock. brazzers latest HD porn videos. Big butt hot stepmom Brandi love fuck from son in blue lingerie. Brazzers son and mom porn videos. stepmom porn video. Xhamster porn video daftsex porn.</p>
<p>The post <a rel="nofollow" href="https://www.yamyhub.com/video/big-dick-son-cheat-her-wife-fuck-step-mom-in-blue-lingerie/">Big dick son cheat her wife &#038; fuck step mom in blue lingerie</a> appeared first on <a rel="nofollow" href="https://www.yamyhub.com">Yamyhub</a>.</p>
]]></content:encoded>
					
		
		
			</item>
		<item>
		<title>School teacher take Young school boy&#8217;s big dick brazzers</title>
		<link>https://www.yamyhub.com/video/school-teacher-take-young-school-boys-big-dick-brazzers/</link>
		
		<dc:creator><![CDATA[yamyhub]]></dc:creator>
		<pubDate>Sat, 24 Jul 2021 17:36:18 +0000</pubDate>
				<guid isPermaLink="false">https://www.yamyhub.com/?post_type=video&#038;p=3840</guid>

					<description><![CDATA[<p>School teacher take Young school boy&#8217;s big dick brazzers Brazzers school teacher Brandi Love Lucas Frost porn video. Big boobs school teacher take Young school boy dick in pussy. Brandi Love yamyhub. brazzers school teacher latest porn video. Brandi love fuck from student student. Fuck teacher during class school teacher sex videos. Brandi Love fuck [&#8230;]</p>
<p>The post <a rel="nofollow" href="https://www.yamyhub.com/video/school-teacher-take-young-school-boys-big-dick-brazzers/">School teacher take Young school boy&#8217;s big dick brazzers</a> appeared first on <a rel="nofollow" href="https://www.yamyhub.com">Yamyhub</a>.</p>
]]></description>
										<content:encoded><![CDATA[<h2>School teacher take Young school boy&#8217;s big dick brazzers</h2>
<p>Brazzers school teacher Brandi Love Lucas Frost porn video. Big boobs school teacher take Young school boy dick in pussy. Brandi Love yamyhub. brazzers school teacher latest porn video. Brandi love fuck from student student. Fuck teacher during class school teacher sex videos. Brandi Love fuck in pusssy. Lucas Frost fuck school teacher. XNXX porn video xvideos.</p>
<p>The post <a rel="nofollow" href="https://www.yamyhub.com/video/school-teacher-take-young-school-boys-big-dick-brazzers/">School teacher take Young school boy&#8217;s big dick brazzers</a> appeared first on <a rel="nofollow" href="https://www.yamyhub.com">Yamyhub</a>.</p>
]]></content:encoded>
					
		
		
			</item>
		<item>
		<title>big ass MILF Fuck from son in doggy style Brazzers</title>
		<link>https://www.yamyhub.com/video/big-ass-milf-fuck-from-son-in-doggy-style-brazzers/</link>
		
		<dc:creator><![CDATA[yamyhub]]></dc:creator>
		<pubDate>Sat, 24 Jul 2021 17:22:11 +0000</pubDate>
				<guid isPermaLink="false">https://www.yamyhub.com/?post_type=video&#038;p=3837</guid>

					<description><![CDATA[<p>big ass MILF Fuck from son in doggy style Brazzers Brazzers Step mom Brandi Love Jessy Jones porn video. Big ass Big boobs MILF Fuck from son&#8217;s big dick in doggy style. stepmom porn yamyhub. Brazzers latest porn video. Brandi love fuck from son big cock doggy style. big ass big boobs  fuck in doggy [&#8230;]</p>
<p>The post <a rel="nofollow" href="https://www.yamyhub.com/video/big-ass-milf-fuck-from-son-in-doggy-style-brazzers/">big ass MILF Fuck from son in doggy style Brazzers</a> appeared first on <a rel="nofollow" href="https://www.yamyhub.com">Yamyhub</a>.</p>
]]></description>
										<content:encoded><![CDATA[<h2>big ass MILF Fuck from son in doggy style Brazzers</h2>
<p>Brazzers Step mom Brandi Love Jessy Jones porn video. Big ass Big boobs MILF Fuck from son&#8217;s big dick in doggy style. stepmom porn yamyhub. Brazzers latest porn video. Brandi love fuck from son big cock doggy style. big ass big boobs  fuck in doggy style. Brandi Love latest porn video. Jessy Jones porn videos. TXXX porn spankbang porn videos. Jessy Jones sex video .</p>
<p>The post <a rel="nofollow" href="https://www.yamyhub.com/video/big-ass-milf-fuck-from-son-in-doggy-style-brazzers/">big ass MILF Fuck from son in doggy style Brazzers</a> appeared first on <a rel="nofollow" href="https://www.yamyhub.com">Yamyhub</a>.</p>
]]></content:encoded>
					
		
		
			</item>
	</channel>
</rss>
