<?xml version="1.0" encoding="UTF-8"?><rss version="2.0"
	xmlns:content="http://purl.org/rss/1.0/modules/content/"
	xmlns:wfw="http://wellformedweb.org/CommentAPI/"
	xmlns:dc="http://purl.org/dc/elements/1.1/"
	xmlns:atom="http://www.w3.org/2005/Atom"
	xmlns:sy="http://purl.org/rss/1.0/modules/syndication/"
	xmlns:slash="http://purl.org/rss/1.0/modules/slash/"
	>

<channel>
	<title>Dana Vespoli &#8211; Yamyhub</title>
	<atom:link href="https://adult.yamyhub.com/categories/dana-vespoli/feed/" rel="self" type="application/rss+xml" />
	<link>https://adult.yamyhub.com</link>
	<description>Watch latest free HD Full length Porn video. Big ass, Big cock, MILF, Lesbian, Step sister and Step mother Porn videos. Yamyhub porn videos.</description>
	<lastBuildDate>Wed, 16 Jun 2021 04:24:00 +0000</lastBuildDate>
	<language>en-US</language>
	<sy:updatePeriod>
	hourly	</sy:updatePeriod>
	<sy:updateFrequency>
	1	</sy:updateFrequency>
	<generator>https://wordpress.org/?v=5.7.2</generator>

<image>
	<url>https://adult.yamyhub.com/wp-content/uploads/2021/06/favicon.png</url>
	<title>Dana Vespoli &#8211; Yamyhub</title>
	<link>https://adult.yamyhub.com</link>
	<width>32</width>
	<height>32</height>
</image> 
	<item>
		<title>Anal Threesome Chloe Foster, BANGBROS, Mike Adriano</title>
		<link>https://adult.yamyhub.com/video/anal-threesome-chloe-foster-bangbros-mike-adriano/</link>
		
		<dc:creator><![CDATA[yamyhub]]></dc:creator>
		<pubDate>Fri, 14 May 2021 12:06:48 +0000</pubDate>
				<guid isPermaLink="false">http://localhost/github/?post_type=video&#038;p=2851</guid>

					<description><![CDATA[<p>Anal Threesome with MILF Dana Vespoli &#38; Young Chloe Foster &#8211; BANGBROS &#8211; Mike Adriano, Threesome, Hardcore, MILF Pornstar, Big Tits, Anal Big Ass, Blowjob, HD Porn, Big Tits Ass, Fuck Skinny Big Ass, Big Butt Booty, Blowjob Hardcore, Tattoo Anal Sex, Big Boobs, Big Dick, Small Tits, Threesome Doggy Style, Bangbros Bang Bros, Blonde</p>
<p>The post <a rel="nofollow" href="https://adult.yamyhub.com/video/anal-threesome-chloe-foster-bangbros-mike-adriano/">Anal Threesome Chloe Foster, BANGBROS, Mike Adriano</a> appeared first on <a rel="nofollow" href="https://adult.yamyhub.com">Yamyhub</a>.</p>
]]></description>
										<content:encoded><![CDATA[<p>Anal Threesome with MILF Dana Vespoli &amp; Young Chloe Foster &#8211; BANGBROS &#8211; Mike Adriano,<br />
Threesome, Hardcore, MILF Pornstar, Big Tits, Anal Big Ass, Blowjob, HD Porn,<br />
Big Tits Ass, Fuck Skinny Big Ass, Big Butt Booty, Blowjob Hardcore,<br />
Tattoo Anal Sex, Big Boobs, Big Dick, Small Tits, Threesome Doggy Style,<br />
Bangbros Bang Bros, Blonde</p>
<p>The post <a rel="nofollow" href="https://adult.yamyhub.com/video/anal-threesome-chloe-foster-bangbros-mike-adriano/">Anal Threesome Chloe Foster, BANGBROS, Mike Adriano</a> appeared first on <a rel="nofollow" href="https://adult.yamyhub.com">Yamyhub</a>.</p>
]]></content:encoded>
					
		
		
			</item>
	</channel>
</rss>
