<?xml version="1.0" encoding="UTF-8"?><rss version="2.0"
	xmlns:content="http://purl.org/rss/1.0/modules/content/"
	xmlns:wfw="http://wellformedweb.org/CommentAPI/"
	xmlns:dc="http://purl.org/dc/elements/1.1/"
	xmlns:atom="http://www.w3.org/2005/Atom"
	xmlns:sy="http://purl.org/rss/1.0/modules/syndication/"
	xmlns:slash="http://purl.org/rss/1.0/modules/slash/"
	>

<channel>
	<title>Alicia Williams &#8211; Yamyhub</title>
	<atom:link href="https://www.yamyhub.com/categories/alicia-williams/feed/" rel="self" type="application/rss+xml" />
	<link>https://www.yamyhub.com</link>
	<description>Watch latest free HD Full length Porn video. Big ass, Big cock, MILF, Lesbian, Step sister and Step mother Porn videos. Yamyhub porn videos.</description>
	<lastBuildDate>Mon, 16 Aug 2021 06:40:22 +0000</lastBuildDate>
	<language>en-US</language>
	<sy:updatePeriod>
	hourly	</sy:updatePeriod>
	<sy:updateFrequency>
	1	</sy:updateFrequency>
	<generator>https://wordpress.org/?v=5.8</generator>

<image>
	<url>https://www.yamyhub.com/wp-content/uploads/2021/07/cropped-favicon-32x32.png</url>
	<title>Alicia Williams &#8211; Yamyhub</title>
	<link>https://www.yamyhub.com</link>
	<width>32</width>
	<height>32</height>
</image> 
	<item>
		<title>Team skeet Blonde Alicia Williams fucked anal daftsex</title>
		<link>https://www.yamyhub.com/video/team-skeet-blonde-alicia-williams-fucked-anal-daftsex/</link>
		
		<dc:creator><![CDATA[yamyhub]]></dc:creator>
		<pubDate>Mon, 16 Aug 2021 06:40:22 +0000</pubDate>
				<guid isPermaLink="false">https://www.yamyhub.com/?post_type=video&#038;p=4547</guid>

					<description><![CDATA[<p>Team skeet Blonde Alicia Williams fucked anal daftsex Team skeet pornstar Alicia Williams porn video on daftsex. Small tits young pornstar with blonde fucked pussy &#38; ass with big dick yamyhub. Flexible white pussy ride on big dick at the interview. Pornstar Alicia Williams blowjob dick and take inside her ass at daftsex porn videos. [&#8230;]</p>
<p>The post <a rel="nofollow" href="https://www.yamyhub.com/video/team-skeet-blonde-alicia-williams-fucked-anal-daftsex/">Team skeet Blonde Alicia Williams fucked anal daftsex</a> appeared first on <a rel="nofollow" href="https://www.yamyhub.com">Yamyhub</a>.</p>
]]></description>
										<content:encoded><![CDATA[<h2>Team skeet Blonde Alicia Williams fucked anal daftsex</h2>
<p>Team skeet pornstar Alicia Williams porn video on daftsex. Small tits young pornstar with blonde fucked pussy &amp; ass with big dick yamyhub. Flexible white pussy ride on big dick at the interview. Pornstar Alicia Williams blowjob dick and take inside her ass at daftsex porn videos. Blonde hot with small tits young porn star take down.</p>
<p>The post <a rel="nofollow" href="https://www.yamyhub.com/video/team-skeet-blonde-alicia-williams-fucked-anal-daftsex/">Team skeet Blonde Alicia Williams fucked anal daftsex</a> appeared first on <a rel="nofollow" href="https://www.yamyhub.com">Yamyhub</a>.</p>
]]></content:encoded>
					
		
		
			</item>
	</channel>
</rss>
