<?xml version="1.0" encoding="UTF-8"?><rss version="2.0"
	xmlns:content="http://purl.org/rss/1.0/modules/content/"
	xmlns:wfw="http://wellformedweb.org/CommentAPI/"
	xmlns:dc="http://purl.org/dc/elements/1.1/"
	xmlns:atom="http://www.w3.org/2005/Atom"
	xmlns:sy="http://purl.org/rss/1.0/modules/syndication/"
	xmlns:slash="http://purl.org/rss/1.0/modules/slash/"
	>

<channel>
	<title>HARDX &#8211; Yamyhub</title>
	<atom:link href="https://www.yamyhub.com/categories/hardx/feed/" rel="self" type="application/rss+xml" />
	<link>https://www.yamyhub.com</link>
	<description>Watch latest free HD Full length Porn video. Big ass, Big cock, MILF, Lesbian, Step sister and Step mother Porn videos. Yamyhub porn videos.</description>
	<lastBuildDate>Tue, 10 Aug 2021 10:48:34 +0000</lastBuildDate>
	<language>en-US</language>
	<sy:updatePeriod>
	hourly	</sy:updatePeriod>
	<sy:updateFrequency>
	1	</sy:updateFrequency>
	<generator>https://wordpress.org/?v=5.8</generator>

<image>
	<url>https://www.yamyhub.com/wp-content/uploads/2021/07/cropped-favicon-32x32.png</url>
	<title>HARDX &#8211; Yamyhub</title>
	<link>https://www.yamyhub.com</link>
	<width>32</width>
	<height>32</height>
</image> 
	<item>
		<title>Adira Allure develop anal from toys during pussy fuck</title>
		<link>https://www.yamyhub.com/video/adira-allure-develop-anal-from-toys-during-pussy-fuck/</link>
		
		<dc:creator><![CDATA[yamyhub]]></dc:creator>
		<pubDate>Tue, 03 Aug 2021 11:48:27 +0000</pubDate>
				<guid isPermaLink="false">https://www.yamyhub.com/?post_type=video&#038;p=4120</guid>

					<description><![CDATA[<p>Adira Allure develop anal from toys during pussy fuck Hardx Porn star Adira Allure porn video. Chick Fuck her ass hole from sex toys when she was fuck from big dick. Adira Allure anal yamyhub. Young pornstar want anal from back sex toys . Use of dildo to fuck ass hole during pussy fuck. Pussy [&#8230;]</p>
<p>The post <a rel="nofollow" href="https://www.yamyhub.com/video/adira-allure-develop-anal-from-toys-during-pussy-fuck/">Adira Allure develop anal from toys during pussy fuck</a> appeared first on <a rel="nofollow" href="https://www.yamyhub.com">Yamyhub</a>.</p>
]]></description>
										<content:encoded><![CDATA[<h2>Adira Allure develop anal from toys during pussy fuck</h2>
<p>Hardx Porn star Adira Allure porn video. Chick Fuck her ass hole from sex toys when she was fuck from big dick. Adira Allure anal yamyhub. Young pornstar want anal from back sex toys . Use of dildo to fuck ass hole during pussy fuck. Pussy fuck from big dick. Adira Allure love to fuck her ass hole from dildo sex toys pornhub videos.</p>
<p>The post <a rel="nofollow" href="https://www.yamyhub.com/video/adira-allure-develop-anal-from-toys-during-pussy-fuck/">Adira Allure develop anal from toys during pussy fuck</a> appeared first on <a rel="nofollow" href="https://www.yamyhub.com">Yamyhub</a>.</p>
]]></content:encoded>
					
		
		
			</item>
	</channel>
</rss>
