<?xml version="1.0" encoding="UTF-8"?><rss version="2.0"
	xmlns:content="http://purl.org/rss/1.0/modules/content/"
	xmlns:wfw="http://wellformedweb.org/CommentAPI/"
	xmlns:dc="http://purl.org/dc/elements/1.1/"
	xmlns:atom="http://www.w3.org/2005/Atom"
	xmlns:sy="http://purl.org/rss/1.0/modules/syndication/"
	xmlns:slash="http://purl.org/rss/1.0/modules/slash/"
	>

<channel>
	<title>Karlee Gray &#8211; Yamyhub</title>
	<atom:link href="https://adult.yamyhub.com/categories/karlee-gray/feed/" rel="self" type="application/rss+xml" />
	<link>https://adult.yamyhub.com</link>
	<description>Watch latest free HD Full length Porn video. Big ass, Big cock, MILF, Lesbian, Step sister and Step mother Porn videos. Yamyhub porn videos.</description>
	<lastBuildDate>Mon, 21 Jun 2021 13:27:32 +0000</lastBuildDate>
	<language>en-US</language>
	<sy:updatePeriod>
	hourly	</sy:updatePeriod>
	<sy:updateFrequency>
	1	</sy:updateFrequency>
	<generator>https://wordpress.org/?v=5.7.2</generator>

<image>
	<url>https://adult.yamyhub.com/wp-content/uploads/2021/06/favicon.png</url>
	<title>Karlee Gray &#8211; Yamyhub</title>
	<link>https://adult.yamyhub.com</link>
	<width>32</width>
	<height>32</height>
</image> 
	<item>
		<title>Hot stepsister teens Karlee Gray &#038; Valentina Nappi Fucked</title>
		<link>https://adult.yamyhub.com/video/hot-stepsister-teens-karlee-gray-valentina-nappi-fucked/</link>
		
		<dc:creator><![CDATA[yamyhub]]></dc:creator>
		<pubDate>Sat, 19 Jun 2021 13:56:05 +0000</pubDate>
				<guid isPermaLink="false">https://adult.yamyhub.com/?post_type=video&#038;p=3407</guid>

					<description><![CDATA[<p>Hot stepsister teens Karlee Gray &#38; Valentina Nappi Fucked Hot stepsister Teens karlee gray and valentina nappi fucked hardcore on bedroom from Jessy Jones. Jessy jones big cock fuck two beautiful teen. big ass big tits big boobs teen fuck on bed. sandwich girl fucked. big ass porn videos. brazzers threesome porn videos. &#160;</p>
<p>The post <a rel="nofollow" href="https://adult.yamyhub.com/video/hot-stepsister-teens-karlee-gray-valentina-nappi-fucked/">Hot stepsister teens Karlee Gray &#038; Valentina Nappi Fucked</a> appeared first on <a rel="nofollow" href="https://adult.yamyhub.com">Yamyhub</a>.</p>
]]></description>
										<content:encoded><![CDATA[<h2>Hot stepsister teens Karlee Gray &amp; Valentina Nappi Fucked</h2>
<p>Hot stepsister Teens karlee gray and valentina nappi fucked hardcore on bedroom from Jessy Jones. Jessy jones big cock fuck two beautiful teen. big ass big tits big boobs teen fuck on bed. sandwich girl fucked. big ass porn videos. brazzers threesome porn videos.</p>
<p>&nbsp;</p>
<p>The post <a rel="nofollow" href="https://adult.yamyhub.com/video/hot-stepsister-teens-karlee-gray-valentina-nappi-fucked/">Hot stepsister teens Karlee Gray &#038; Valentina Nappi Fucked</a> appeared first on <a rel="nofollow" href="https://adult.yamyhub.com">Yamyhub</a>.</p>
]]></content:encoded>
					
		
		
			</item>
		<item>
		<title>Blonde babe Abella danger &#038; Brunette Karlee Gray Finger each other</title>
		<link>https://adult.yamyhub.com/video/blonde-babe-abella-danger-brunette-karlee-gray-finger-each-other/</link>
		
		<dc:creator><![CDATA[yamyhub]]></dc:creator>
		<pubDate>Mon, 14 Jun 2021 17:54:59 +0000</pubDate>
				<guid isPermaLink="false">https://adult.yamyhub.com/?post_type=video&#038;p=3348</guid>

					<description><![CDATA[<p>Blonde babe Abella danger &#38; Brunette Karlee Gray Finger each other Blonde hair big ass baby Abella danger and brunette hair karlee gray finfer each other lesbian porn videos/ porn videos hd. lesbian porn video. blonde porn. Abella danger porn videos. karlee gray porn.</p>
<p>The post <a rel="nofollow" href="https://adult.yamyhub.com/video/blonde-babe-abella-danger-brunette-karlee-gray-finger-each-other/">Blonde babe Abella danger &#038; Brunette Karlee Gray Finger each other</a> appeared first on <a rel="nofollow" href="https://adult.yamyhub.com">Yamyhub</a>.</p>
]]></description>
										<content:encoded><![CDATA[<h1>Blonde babe Abella danger &amp; Brunette Karlee Gray Finger each other</h1>
<p>Blonde hair big ass baby Abella danger and brunette hair karlee gray finfer each other lesbian porn videos/ porn videos hd. lesbian porn video. blonde porn.</p>
<p>Abella danger porn videos. karlee gray porn.</p>
<p>The post <a rel="nofollow" href="https://adult.yamyhub.com/video/blonde-babe-abella-danger-brunette-karlee-gray-finger-each-other/">Blonde babe Abella danger &#038; Brunette Karlee Gray Finger each other</a> appeared first on <a rel="nofollow" href="https://adult.yamyhub.com">Yamyhub</a>.</p>
]]></content:encoded>
					
		
		
			</item>
	</channel>
</rss>
