<?xml version="1.0" encoding="UTF-8"?><rss version="2.0"
	xmlns:content="http://purl.org/rss/1.0/modules/content/"
	xmlns:wfw="http://wellformedweb.org/CommentAPI/"
	xmlns:dc="http://purl.org/dc/elements/1.1/"
	xmlns:atom="http://www.w3.org/2005/Atom"
	xmlns:sy="http://purl.org/rss/1.0/modules/syndication/"
	xmlns:slash="http://purl.org/rss/1.0/modules/slash/"
	>

<channel>
	<title>Atlanta Moreno &#8211; Yamyhub</title>
	<atom:link href="https://www.yamyhub.com/categories/atlanta-moreno/feed/" rel="self" type="application/rss+xml" />
	<link>https://www.yamyhub.com</link>
	<description>Watch latest free HD Full length Porn video. Big ass, Big cock, MILF, Lesbian, Step sister and Step mother Porn videos. Yamyhub porn videos.</description>
	<lastBuildDate>Sat, 31 Jul 2021 06:40:37 +0000</lastBuildDate>
	<language>en-US</language>
	<sy:updatePeriod>
	hourly	</sy:updatePeriod>
	<sy:updateFrequency>
	1	</sy:updateFrequency>
	<generator>https://wordpress.org/?v=5.8</generator>

<image>
	<url>https://www.yamyhub.com/wp-content/uploads/2021/07/cropped-favicon-32x32.png</url>
	<title>Atlanta Moreno &#8211; Yamyhub</title>
	<link>https://www.yamyhub.com</link>
	<width>32</width>
	<height>32</height>
</image> 
	<item>
		<title>Big Tits Teen Atlanta Moreno fingure Jenny Wild Lesbea</title>
		<link>https://www.yamyhub.com/video/big-tits-teen-atlanta-moreno-fingure-jenny-wild-lesbea/</link>
		
		<dc:creator><![CDATA[yamyhub]]></dc:creator>
		<pubDate>Mon, 17 May 2021 09:00:47 +0000</pubDate>
				<guid isPermaLink="false">http://localhost/github/?post_type=video&#038;p=2918</guid>

					<description><![CDATA[<p>Big Tits Blonde Teen Atlanta Moreno fingure British Babe Jenny Wild &#8211; Lesbea lesbian sex videos, lesbian porn videos, British Babe Jenny Wild lesbian porn, Lesbea, Big Tits Blonde Teen Atlanta Moreno lesbian porn, Atlanta Moreno and jenny wild fingure eachother, lesbian organism, fucking lesbian</p>
<p>The post <a rel="nofollow" href="https://www.yamyhub.com/video/big-tits-teen-atlanta-moreno-fingure-jenny-wild-lesbea/">Big Tits Teen Atlanta Moreno fingure Jenny Wild Lesbea</a> appeared first on <a rel="nofollow" href="https://www.yamyhub.com">Yamyhub</a>.</p>
]]></description>
										<content:encoded><![CDATA[<h2>Big Tits Blonde Teen Atlanta Moreno fingure British Babe Jenny Wild &#8211; Lesbea</h2>
<p>lesbian sex videos, lesbian porn videos, British Babe Jenny Wild lesbian porn, Lesbea, Big Tits Blonde Teen Atlanta Moreno lesbian porn, Atlanta Moreno and jenny wild fingure eachother, lesbian organism, fucking lesbian</p>
<p>The post <a rel="nofollow" href="https://www.yamyhub.com/video/big-tits-teen-atlanta-moreno-fingure-jenny-wild-lesbea/">Big Tits Teen Atlanta Moreno fingure Jenny Wild Lesbea</a> appeared first on <a rel="nofollow" href="https://www.yamyhub.com">Yamyhub</a>.</p>
]]></content:encoded>
					
		
		
			</item>
	</channel>
</rss>
