44a2
<?xml version="1.0" encoding="UTF-8"?><rss version="2.0"
	xmlns:content="http://purl.org/rss/1.0/modules/content/"
	xmlns:wfw="http://wellformedweb.org/CommentAPI/"
	xmlns:dc="http://purl.org/dc/elements/1.1/"
	xmlns:atom="http://www.w3.org/2005/Atom"
	xmlns:sy="http://purl.org/rss/1.0/modules/syndication/"
	xmlns:slash="http://purl.org/rss/1.0/modules/slash/"
	>

<channel>
	<title>Pornhub &#8211; Yamyhub</title>
	<atom:link href="https://www.yamyhub.com/categories/pornhub/feed/" rel="self" type="application/rss+xml" />
	<link>https://www.yamyhub.com</link>
	<description>Watch latest free HD Full length Porn video. Big ass, Big cock, MILF, Lesbian, Step sister and Step mother Porn videos. Yamyhub porn videos.</description>
	<lastBuildDate>Mon, 05 Jul 2021 01:30:56 +0000</lastBuildDate>
	<language>en-US</language>
	<sy:updatePeriod>
	hourly	</sy:updatePeriod>
	<sy:updateFrequency>
	1	</sy:updateFrequency>
	<generator>https://wordpress.org/?v=5.7.2</generator>

<image>
	<url>https://www.yamyhub.com/wp-content/uploads/2021/06/favicon.png</url>
	<title>Pornhub &#8211; Yamyhub</title>
	<link>https://www.yamyhub.com</link>
	<width>32</width>
	<height>32</height>
</image> 
	<item>
		<title>Yoga instructor Natasha nice Fuck from client Brazzers</title>
		<link>https://www.yamyhub.com/video/yoga-instructor-natasha-nice-fuck-from-client-brazzers/</link>
		
		<dc:creator><![CDATA[yamyhub]]></dc:creator>
		<pubDate>Mon, 05 Jul 2021 01:29:57 +0000</pubDate>
				<guid isPermaLink="false">https://www.yamyhub.com/?post_type=video&#038;p=3531</guid>

					<description><![CDATA[<p>Yoga instructor Natasha nice Fuck from client Brazzers Brazzers Porn video Big tits big butt Yoga instructor Natasha nice Fuck hardcore from client Brazzers yoga pant yamyhub yoga pant porn video yoga latest video natasha nice porn natasha fuck hardcore from client natasha nice fuck</p>
<p>The post <a rel="nofollow" href="https://www.yamyhub.com/video/yoga-instructor-natasha-nice-fuck-from-client-brazzers/">Yoga instructor Natasha nice Fuck from client Brazzers</a> appeared first on <a rel="nofollow" href="https://www.yamyhub.com">Yamyhub</a>.</p>
]]></description>
										<content:encoded><![CDATA[<h2>Yoga instructor Natasha nice Fuck from client Brazzers</h2>
<p>Brazzers Porn video Big tits big butt Yoga instructor Natasha nice Fuck hardcore from client Brazzers yoga pant yamyhub yoga pant porn video yoga latest video natasha nice porn natasha fuck hardcore from client natasha nice fuck</p>
<p>The post <a rel="nofollow" href="https://www.yamyhub.com/video/yoga-instructor-natasha-nice-fuck-from-client-brazzers/">Yoga instructor Natasha nice Fuck from client Brazzers</a> appeared first on <a rel="nofollow" href="https://www.yamyhub.com">Yamyhub</a>.</p>
]]></content:encoded>
					
		
		
			</item>
		<item>
		<title>Natasha Nice take computer repair cock in kitchen naughty America</title>
		<link>https://www.yamyhub.com/video/natasha-nice-take-computer-repair-cock-in-kitchen-naughty-america/</link>
		
		<dc:creator><![CDATA[yamyhub]]></dc:creator>
		<pubDate>Sun, 04 Jul 2021 03:05:43 +0000</pubDate>
				<guid isPermaLink="false">https://www.yamyhub.com/?post_type=video&#038;p=3522</guid>

					<description><![CDATA[<p>Natasha Nice take computer repair cock in kitchen naughty America Naughty America porn video Natasha nice take computer repair cock in her pussy and ass Natasha nice naughty America porn videos yamyhub Natasha nice porn video Natasha nice fuck in kitchen kitchen sex porn video sex video free</p>
<p>The post <a rel="nofollow" href="https://www.yamyhub.com/video/natasha-nice-take-computer-repair-cock-in-kitchen-naughty-america/">Natasha Nice take computer repair cock in kitchen naughty America</a> appeared first on <a rel="nofollow" href="https://www.yamyhub.com">Yamyhub</a>.</p>
]]></description>
										<content:encoded><![CDATA[<h2>Natasha Nice take computer repair cock in kitchen naughty America</h2>
<p>Naughty America porn video Natasha nice take computer repair cock in her pussy and ass Natasha nice naughty America porn videos yamyhub Natasha nice porn video Natasha nice fuck in kitchen kitchen sex porn video sex video free</p>
<p>The post <a rel="nofollow" href="https://www.yamyhub.com/video/natasha-nice-take-computer-repair-cock-in-kitchen-naughty-america/">Natasha Nice take computer repair cock in kitchen naughty America</a> appeared first on <a rel="nofollow" href="https://www.yamyhub.com">Yamyhub</a>.</p>
]]></content:encoded>
					
		
		
			</item>
		<item>
		<title>Teen stepsister takes brother big cock family strokes</title>
		<link>https://www.yamyhub.com/video/teen-stepsister-takes-brother-big-cock-family-strokes/</link>
		
		<dc:creator><![CDATA[yamyhub]]></dc:creator>
		<pubDate>Tue, 29 Jun 2021 04:21:10 +0000</pubDate>
				<guid isPermaLink="false">https://www.yamyhub.com/?post_type=video&#038;p=3488</guid>

					<description><![CDATA[<p>Teen stepsister takes brother big cock family strokes stepsister porn video family strokes porn video big cock porn video family strokes porn video stepsister porn video big cock porn video teen family strokes porn videos.</p>
<p>The post <a rel="nofollow" href="https://www.yamyhub.com/video/teen-stepsister-takes-brother-big-cock-family-strokes/">Teen stepsister takes brother big cock family strokes</a> appeared first on <a rel="nofollow" href="https://www.yamyhub.com">Yamyhub</a>.</p>
]]></description>
										<content:encoded><![CDATA[<h2>Teen stepsister takes brother big cock family strokes</h2>
<p>stepsister porn video family strokes porn video big cock porn video family strokes porn video stepsister porn video big cock porn video teen family strokes porn videos.</p>
<p>The post <a rel="nofollow" href="https://www.yamyhub.com/video/teen-stepsister-takes-brother-big-cock-family-strokes/">Teen stepsister takes brother big cock family strokes</a> appeared first on <a rel="nofollow" href="https://www.yamyhub.com">Yamyhub</a>.</p>
]]></content:encoded>
					
		
		
			</item>
		<item>
		<title>stepmom &#038; stepsister Fucked by son and dad Familystrokes</title>
		<link>https://www.yamyhub.com/video/stepmom-stepsister-fucked-by-son-and-dad-familystrokes/</link>
		
		<dc:creator><![CDATA[yamyhub]]></dc:creator>
		<pubDate>Fri, 25 Jun 2021 12:57:38 +0000</pubDate>
				<guid isPermaLink="false">https://www.yamyhub.com/?post_type=video&#038;p=3473</guid>

					<description><![CDATA[<p>stepmom &#38; stepsister Fucked by son and dad Family strokes Family strokes porn video big ass MILF porn videos big tits MILF porn stepsister porn videos stepmom porn videos MILF hardcore porn videos.</p>
<p>The post <a rel="nofollow" href="https://www.yamyhub.com/video/stepmom-stepsister-fucked-by-son-and-dad-familystrokes/">stepmom &#038; stepsister Fucked by son and dad Familystrokes</a> appeared first on <a rel="nofollow" href="https://www.yamyhub.com">Yamyhub</a>.</p>
]]></description>
										<content:encoded><![CDATA[<h1>stepmom &amp; stepsister Fucked by son and dad Family strokes</h1>
<p>Family strokes porn video big ass MILF porn videos big tits MILF porn stepsister porn videos stepmom porn videos MILF hardcore porn videos.</p>
<p>The post <a rel="nofollow" href="https://www.yamyhub.com/video/stepmom-stepsister-fucked-by-son-and-dad-familystrokes/">stepmom &#038; stepsister Fucked by son and dad Familystrokes</a> appeared first on <a rel="nofollow" href="https://www.yamyhub.com">Yamyhub</a>.</p>
]]></content:encoded>
					
		
		
			</item>
		<item>
		<title>Big ass Nicolette shea ass fuck &#038; squirt jordi</title>
		<link>https://www.yamyhub.com/video/big-ass-nicolette-shea-ass-fuck-squirt-jordi/</link>
		
		<dc:creator><![CDATA[yamyhub]]></dc:creator>
		<pubDate>Wed, 23 Jun 2021 05:41:58 +0000</pubDate>
				<guid isPermaLink="false">https://www.yamyhub.com/?post_type=video&#038;p=3449</guid>

					<description><![CDATA[<p>Big ass Nicolette shea ass fuck &#38; squirt jordi brazzers latest new full hd porn videos brazzers porn videos nicolette shea porn videos female domination nicolette shea ass fuck anal porn Jordi El Nino Polla porn video Jordi El Nino Polla fuck nicolette shea anal porn.</p>
<p>The post <a rel="nofollow" href="https://www.yamyhub.com/video/big-ass-nicolette-shea-ass-fuck-squirt-jordi/">Big ass Nicolette shea ass fuck &#038; squirt jordi</a> appeared first on <a rel="nofollow" href="https://www.yamyhub.com">Yamyhub</a>.</p>
]]></description>
										<content:encoded><![CDATA[<h2>Big ass Nicolette shea ass fuck &amp; squirt jordi</h2>
<p>brazzers latest new full hd porn videos brazzers porn videos nicolette shea porn videos female domination nicolette shea ass fuck anal porn Jordi El Nino Polla porn video Jordi El Nino Polla fuck nicolette shea anal porn.</p>
<p>The post <a rel="nofollow" href="https://www.yamyhub.com/video/big-ass-nicolette-shea-ass-fuck-squirt-jordi/">Big ass Nicolette shea ass fuck &#038; squirt jordi</a> appeared first on <a rel="nofollow" href="https://www.yamyhub.com">Yamyhub</a>.</p>
]]></content:encoded>
					
		
		
			</item>
		<item>
		<title>Lesbian x Lana rhoades &#038; Tori black have lesbian sex</title>
		<link>https://www.yamyhub.com/video/lesbian-x-lana-rhoades-tori-black-have-lesbian-sex/</link>
		
		<dc:creator><![CDATA[yamyhub]]></dc:creator>
		<pubDate>Tue, 22 Jun 2021 04:43:47 +0000</pubDate>
				<guid isPermaLink="false">https://www.yamyhub.com/?post_type=video&#038;p=3433</guid>

					<description><![CDATA[<p>Lesbian x Lana rhoades &#38; Tori black have lesbian sex lesbian videos lana rhoades and tori black tori black and lana rhoades lic and fuck each pussies on bed tori black lesbian porn videos lana rhoades porn videos. lesbian x porn videos</p>
<p>The post <a rel="nofollow" href="https://www.yamyhub.com/video/lesbian-x-lana-rhoades-tori-black-have-lesbian-sex/">Lesbian x Lana rhoades &#038; Tori black have lesbian sex</a> appeared first on <a rel="nofollow" href="https://www.yamyhub.com">Yamyhub</a>.</p>
]]></description>
										<content:encoded><![CDATA[<h2>Lesbian x Lana rhoades &amp; Tori black have lesbian sex</h2>
<p>lesbian videos lana rhoades and tori black tori black and lana rhoades lic and fuck each pussies on bed tori black lesbian porn videos lana rhoades porn videos. lesbian x porn videos</p>
<p>The post <a rel="nofollow" href="https://www.yamyhub.com/video/lesbian-x-lana-rhoades-tori-black-have-lesbian-sex/">Lesbian x Lana rhoades &#038; Tori black have lesbian sex</a> appeared first on <a rel="nofollow" href="https://www.yamyhub.com">Yamyhub</a>.</p>
]]></content:encoded>
					
		
		
			</item>
		<item>
		<title>Mia Khalifa all collection in one video, Mia khalifa porn videos</title>
		<link>https://www.yamyhub.com/video/mia-khalifa-all-collection-in-one-video-mia-khalifa-porn-videos/</link>
		
		<dc:creator><![CDATA[yamyhub]]></dc:creator>
		<pubDate>Tue, 22 Jun 2021 03:16:50 +0000</pubDate>
				<guid isPermaLink="false">https://www.yamyhub.com/?post_type=video&#038;p=3429</guid>

					<description><![CDATA[<p>Mia Khalifa all collection in one video, Mia khalifa porn videos Watch mia khalifa all video, all collection watch in one video mia khalifa all videos all collection of mia khalifa mia khalifa porn videos latest mia khalifa porn video mia khalifa porn.</p>
<p>The post <a rel="nofollow" href="https://www.yamyhub.com/video/mia-khalifa-all-collection-in-one-video-mia-khalifa-porn-videos/">Mia Khalifa all collection in one video, Mia khalifa porn videos</a> appeared first on <a rel="nofollow" href="https://www.yamyhub.com">Yamyhub</a>.</p>
]]></description>
										<content:encoded><![CDATA[<h2>Mia Khalifa all collection in one video, Mia khalifa porn videos</h2>
<p>Watch mia khalifa all video, all collection watch in one video mia khalifa all videos all collection of mia khalifa mia khalifa porn videos latest mia khalifa porn video mia khalifa porn.</p>
<p>The post <a rel="nofollow" href="https://www.yamyhub.com/video/mia-khalifa-all-collection-in-one-video-mia-khalifa-porn-videos/">Mia Khalifa all collection in one video, Mia khalifa porn videos</a> appeared first on <a rel="nofollow" href="https://www.yamyhub.com">Yamyhub</a>.</p>
]]></content:encoded>
					
		
		
			</item>
		<item>
		<title>Pre Wedding Day Sex Abigail Mac &#038; Adriana Chechik GIRLSWAY</title>
		<link>https://www.yamyhub.com/video/pre-wedding-day-sex-abigail-mac-adriana-chechik-girlsway/</link>
		
		<dc:creator><![CDATA[yamyhub]]></dc:creator>
		<pubDate>Fri, 11 Jun 2021 04:31:59 +0000</pubDate>
				<guid isPermaLink="false">https://www.yamyhub.com/?post_type=video&#038;p=3299</guid>

					<description><![CDATA[<p>Pre Wedding Day Sex Abigail Mac &#38; Adriana Chechik GIRLSWAY Lesbian  Girl On Girl Brunette Babe Reality Girlsway Kissing Cheating Lesbian Romantic  Eating Lesbians Pussy Cheater Pussy Licking Cheating Big Tits Big Boobs Big Tits Babe Pussy Licking Brunette Small Tits Lesbian Romantic Pornstar Reality HD Porn</p>
<p>The post <a rel="nofollow" href="https://www.yamyhub.com/video/pre-wedding-day-sex-abigail-mac-adriana-chechik-girlsway/">Pre Wedding Day Sex Abigail Mac &#038; Adriana Chechik GIRLSWAY</a> appeared first on <a rel="nofollow" href="https://www.yamyhub.com">Yamyhub</a>.</p>
]]></description>
										<content:encoded><![CDATA[<h1>Pre Wedding Day Sex Abigail Mac &amp; Adriana Chechik GIRLSWAY</h1>
<p>Lesbian  Girl On Girl Brunette Babe Reality Girlsway Kissing Cheating Lesbian Romantic  Eating Lesbians Pussy Cheater Pussy Licking Cheating Big Tits Big Boobs</p>
<p>Big Tits Babe Pussy Licking Brunette Small Tits Lesbian Romantic Pornstar Reality HD Porn</p>
<p>The post <a rel="nofollow" href="https://www.yamyhub.com/video/pre-wedding-day-sex-abigail-mac-adriana-chechik-girlsway/">Pre Wedding Day Sex Abigail Mac &#038; Adriana Chechik GIRLSWAY</a> appeared first on <a rel="nofollow" href="https://www.yamyhub.com">Yamyhub</a>.</p>
]]></content:encoded>
					
		
		
			</item>
		<item>
		<title>Abigail Mac &#8216;s Lesbian Affair with big boobs babe &#8211; Girlsway</title>
		<link>https://www.yamyhub.com/video/abigail-mac-s-lesbian-affair-with-big-boobs-babe-girlsway/</link>
		
		<dc:creator><![CDATA[yamyhub]]></dc:creator>
		<pubDate>Fri, 11 Jun 2021 04:15:31 +0000</pubDate>
				<guid isPermaLink="false">https://www.yamyhub.com/?post_type=video&#038;p=3297</guid>

					<description><![CDATA[<p>Abigail Mac &#8216;s Lesbian Affair with big boobs babe &#8211; Girlsway HD Porn Pornstar Latina Lesbian Pussy Licking Popular With Women Girlsway Latina Stockings Lesbian Ass Licking Girl On Girl   Pussy Licking  Rimming  Fake Tits Kissing Pilot Big Tits  Brunette Stocking Lingerie High Heels girlsway lesbian porn videos.</p>
<p>The post <a rel="nofollow" href="https://www.yamyhub.com/video/abigail-mac-s-lesbian-affair-with-big-boobs-babe-girlsway/">Abigail Mac &#8216;s Lesbian Affair with big boobs babe &#8211; Girlsway</a> appeared first on <a rel="nofollow" href="https://www.yamyhub.com">Yamyhub</a>.</p>
]]></description>
										<content:encoded><![CDATA[<h1>Abigail Mac &#8216;s Lesbian Affair with big boobs babe &#8211; Girlsway</h1>
<p>HD Porn Pornstar Latina Lesbian Pussy Licking Popular With Women</p>
<p>Girlsway Latina Stockings Lesbian Ass Licking Girl On Girl   Pussy Licking  Rimming  Fake Tits Kissing Pilot Big Tits  Brunette Stocking Lingerie High Heels</p>
<p>girlsway lesbian porn videos.</p>
<p>The post <a rel="nofollow" href="https://www.yamyhub.com/video/abigail-mac-s-lesbian-affair-with-big-boobs-babe-girlsway/">Abigail Mac &#8216;s Lesbian Affair with big boobs babe &#8211; Girlsway</a> appeared first on <a rel="nofollow" href="https://www.yamyhub.com">Yamyhub</a>.</p>
]]></content:encoded>
					
		
		
			</item>
		<item>
		<title>Brunette Lesbians Lena Paul, Abigail Mac Eat Pussy School Sweetheart</title>
		<link>https://www.yamyhub.com/video/brunette-lesbians-lena-paul-abigail-mac-eat-pussy-school-sweetheart/</link>
		
		<dc:creator><![CDATA[yamyhub]]></dc:creator>
		<pubDate>Fri, 11 Jun 2021 04:05:21 +0000</pubDate>
				<guid isPermaLink="false">https://www.yamyhub.com/?post_type=video&#038;p=3295</guid>

					<description><![CDATA[<p>Brunette Lesbians Lena Paul, Abigail Mac Eat Pussy School Sweetheart Pornstar Babe Brunette Fingering Big Ass Lesbian Pussy Licking HD Porn Pornohub Sweetheart Schoolgirl Blowjob Mgvideos Porhub Big Boobs Romantic Big Tits  School Kissing Girl On Girl Teacher  Sissoring Pussy Licking Sweetheartvideo</p>
<p>The post <a rel="nofollow" href="https://www.yamyhub.com/video/brunette-lesbians-lena-paul-abigail-mac-eat-pussy-school-sweetheart/">Brunette Lesbians Lena Paul, Abigail Mac Eat Pussy School Sweetheart</a> appeared first on <a rel="nofollow" href="https://www.yamyhub.com">Yamyhub</a>.</p>
]]></description>
										<content:encoded><![CDATA[<h1>Brunette Lesbians Lena Paul, Abigail Mac Eat Pussy School Sweetheart</h1>
<p>Pornstar Babe Brunette Fingering Big Ass Lesbian Pussy Licking HD Porn</p>
<p>Pornohub Sweetheart Schoolgirl Blowjob Mgvideos Porhub Big Boobs Romantic Big Tits  School Kissing Girl On Girl Teacher  Sissoring Pussy Licking Sweetheartvideo</p>
<p>The post <a rel="nofollow" href="https://www.yamyhub.com/video/brunette-lesbians-lena-paul-abigail-mac-eat-pussy-school-sweetheart/">Brunette Lesbians Lena Paul, Abigail Mac Eat Pussy School Sweetheart</a> appeared first on <a rel="nofollow" href="https://www.yamyhub.com">Yamyhub</a>.</p>
]]></content:encoded>
					
		
		
			</item>
	</channel>
</rss>

0

