<?xml version="1.0" encoding="UTF-8"?><rss version="2.0"
	xmlns:content="http://purl.org/rss/1.0/modules/content/"
	xmlns:wfw="http://wellformedweb.org/CommentAPI/"
	xmlns:dc="http://purl.org/dc/elements/1.1/"
	xmlns:atom="http://www.w3.org/2005/Atom"
	xmlns:sy="http://purl.org/rss/1.0/modules/syndication/"
	xmlns:slash="http://purl.org/rss/1.0/modules/slash/"
	>

<channel>
	<title>Jessa Rhode &#8211; Yamyhub</title>
	<atom:link href="https://www.yamyhub.com/categories/jessa-rhode/feed/" rel="self" type="application/rss+xml" />
	<link>https://www.yamyhub.com</link>
	<description>Watch latest free HD Full length Porn video. Big ass, Big cock, MILF, Lesbian, Step sister and Step mother Porn videos. Yamyhub porn videos.</description>
	<lastBuildDate>Tue, 17 Aug 2021 08:23:33 +0000</lastBuildDate>
	<language>en-US</language>
	<sy:updatePeriod>
	hourly	</sy:updatePeriod>
	<sy:updateFrequency>
	1	</sy:updateFrequency>
	<generator>https://wordpress.org/?v=5.8</generator>

<image>
	<url>https://www.yamyhub.com/wp-content/uploads/2021/07/cropped-favicon-32x32.png</url>
	<title>Jessa Rhode &#8211; Yamyhub</title>
	<link>https://www.yamyhub.com</link>
	<width>32</width>
	<height>32</height>
</image> 
	<item>
		<title>Tushy Jessa Rhodes Get ass fucked from Keiran lee anal</title>
		<link>https://www.yamyhub.com/video/tushy-jessa-rhodes-get-ass-fucked-from-keiran-lee-anal/</link>
		
		<dc:creator><![CDATA[yamyhub]]></dc:creator>
		<pubDate>Tue, 17 Aug 2021 08:23:33 +0000</pubDate>
				<guid isPermaLink="false">https://www.yamyhub.com/?post_type=video&#038;p=4594</guid>

					<description><![CDATA[<p>Tushy Jessa Rhodes Get ass fucked from Keiran lee anal Tushy pornstar Jessa Rhodes &#38; Keiran lee anal porn video. Beautiful ass with blonde hair fucked deep blowjob and ass fuck on the bed yamyhub. Anal hole from Keiran lee fuck Jessa Rhoades ass.  Small tits mature white young girls get ass fucked from cock [&#8230;]</p>
<p>The post <a rel="nofollow" href="https://www.yamyhub.com/video/tushy-jessa-rhodes-get-ass-fucked-from-keiran-lee-anal/">Tushy Jessa Rhodes Get ass fucked from Keiran lee anal</a> appeared first on <a rel="nofollow" href="https://www.yamyhub.com">Yamyhub</a>.</p>
]]></description>
										<content:encoded><![CDATA[<h2>Tushy Jessa Rhodes Get ass fucked from Keiran lee anal</h2>
<p>Tushy pornstar Jessa Rhodes &amp; Keiran lee anal porn video. Beautiful ass with blonde hair fucked deep blowjob and ass fuck on the bed yamyhub. Anal hole from Keiran lee fuck Jessa Rhoades ass.  Small tits mature white young girls get ass fucked from cock inside ass. Anal fucked hardcore from tushy porn videos.</p>
<p>The post <a rel="nofollow" href="https://www.yamyhub.com/video/tushy-jessa-rhodes-get-ass-fucked-from-keiran-lee-anal/">Tushy Jessa Rhodes Get ass fucked from Keiran lee anal</a> appeared first on <a rel="nofollow" href="https://www.yamyhub.com">Yamyhub</a>.</p>
]]></content:encoded>
					
		
		
			</item>
	</channel>
</rss>
