4760
<?xml version="1.0" encoding="UTF-8"?><rss version="2.0"
	xmlns:content="http://purl.org/rss/1.0/modules/content/"
	xmlns:wfw="http://wellformedweb.org/CommentAPI/"
	xmlns:dc="http://purl.org/dc/elements/1.1/"
	xmlns:atom="http://www.w3.org/2005/Atom"
	xmlns:sy="http://purl.org/rss/1.0/modules/syndication/"
	xmlns:slash="http://purl.org/rss/1.0/modules/slash/"
	>

<channel>
	<title>Angela White &#8211; Yamyhub</title>
	<atom:link href="https://www.yamyhub.com/categories/angela-white/feed/" rel="self" type="application/rss+xml" />
	<link>https://www.yamyhub.com</link>
	<description>Watch latest free HD Full length Porn video. Big ass, Big cock, MILF, Lesbian, Step sister and Step mother Porn videos. Yamyhub porn videos.</description>
	<lastBuildDate>Fri, 16 Jul 2021 13:56:09 +0000</lastBuildDate>
	<language>en-US</language>
	<sy:updatePeriod>
	hourly	</sy:updatePeriod>
	<sy:updateFrequency>
	1	</sy:updateFrequency>
	<generator>https://wordpress.org/?v=5.7.2</generator>

<image>
	<url>https://www.yamyhub.com/wp-content/uploads/2021/06/favicon.png</url>
	<title>Angela White &#8211; Yamyhub</title>
	<link>https://www.yamyhub.com</link>
	<width>32</width>
	<height>32</height>
</image> 
	<item>
		<title>Big boobs mature women Angela white ava Addams fuck threesome</title>
		<link>https://www.yamyhub.com/video/big-boobs-mature-women-angela-white-ava-addams-fuck-threesome/</link>
		
		<dc:creator><![CDATA[yamyhub]]></dc:creator>
		<pubDate>Fri, 16 Jul 2021 13:15:00 +0000</pubDate>
				<guid isPermaLink="false">https://www.yamyhub.com/?post_type=video&#038;p=3712</guid>

					<description><![CDATA[<p>Big boobs mature women Angela white ava Addams fuck threesome Big boobs porn stars Angela white &#38; Ava Addams porn video Big boobs mature women Angela white Ava Addams fuck threesome FFM Manuel Ferrara Angela white porn video Ava Addams porn video big boobs porn stars mature women porn video threesome porn FFM Female female [&#8230;]</p>
<p>The post <a rel="nofollow" href="https://www.yamyhub.com/video/big-boobs-mature-women-angela-white-ava-addams-fuck-threesome/">Big boobs mature women Angela white ava Addams fuck threesome</a> appeared first on <a rel="nofollow" href="https://www.yamyhub.com">Yamyhub</a>.</p>
]]></description>
										<content:encoded><![CDATA[<h2>Big boobs mature women Angela white ava Addams fuck threesome</h2>
<p>Big boobs porn stars Angela white &amp; Ava Addams porn video Big boobs mature women Angela white Ava Addams fuck threesome FFM Manuel Ferrara Angela white porn video Ava Addams porn video big boobs porn stars mature women porn video threesome porn FFM Female female male porn Manuel Ferrara porn video TXXX video xvideos.</p>
<p>The post <a rel="nofollow" href="https://www.yamyhub.com/video/big-boobs-mature-women-angela-white-ava-addams-fuck-threesome/">Big boobs mature women Angela white ava Addams fuck threesome</a> appeared first on <a rel="nofollow" href="https://www.yamyhub.com">Yamyhub</a>.</p>
]]></content:encoded>
					
		
		
			</item>
		<item>
		<title>big tits big butt Angela white Fuck Manuel Ferrara Dick</title>
		<link>https://www.yamyhub.com/video/big-tits-big-butt-angela-white-fuck-manuel-ferrara-dick/</link>
		
		<dc:creator><![CDATA[yamyhub]]></dc:creator>
		<pubDate>Fri, 16 Jul 2021 12:55:58 +0000</pubDate>
				<guid isPermaLink="false">https://www.yamyhub.com/?post_type=video&#038;p=3710</guid>

					<description><![CDATA[<p>big tits big butt Angela white Fuck Manuel Ferrara Dick Angela white &#38; Manuel Ferrara porn video Big tits big butt mature Girl Angela white Fuck Manuel Ferrara Big dick fuck pussy porn yamyhub big tits mature women porn video Angela white porn video latest Angela white porn video Manuel Ferrara fuck Angela white Manuel [&#8230;]</p>
<p>The post <a rel="nofollow" href="https://www.yamyhub.com/video/big-tits-big-butt-angela-white-fuck-manuel-ferrara-dick/">big tits big butt Angela white Fuck Manuel Ferrara Dick</a> appeared first on <a rel="nofollow" href="https://www.yamyhub.com">Yamyhub</a>.</p>
]]></description>
										<content:encoded><![CDATA[<h2>big tits big butt Angela white Fuck Manuel Ferrara Dick</h2>
<p>Angela white &amp; Manuel Ferrara porn video Big tits big butt mature Girl Angela white Fuck Manuel Ferrara Big dick fuck pussy porn yamyhub big tits mature women porn video Angela white porn video latest Angela white porn video Manuel Ferrara fuck Angela white Manuel Ferrara porn video big butt porn video big tits porn video Eporner video xhamster video.</p>
<p>The post <a rel="nofollow" href="https://www.yamyhub.com/video/big-tits-big-butt-angela-white-fuck-manuel-ferrara-dick/">big tits big butt Angela white Fuck Manuel Ferrara Dick</a> appeared first on <a rel="nofollow" href="https://www.yamyhub.com">Yamyhub</a>.</p>
]]></content:encoded>
					
		
		
			</item>
		<item>
		<title>Big ass big boobs oiled Angela white Anal fuck From big cock</title>
		<link>https://www.yamyhub.com/video/big-ass-big-boobs-oiled-angela-white-anal-fuck-from-big-cock/</link>
		
		<dc:creator><![CDATA[yamyhub]]></dc:creator>
		<pubDate>Fri, 16 Jul 2021 12:37:58 +0000</pubDate>
				<guid isPermaLink="false">https://www.yamyhub.com/?post_type=video&#038;p=3708</guid>

					<description><![CDATA[<p>Big ass big boobs oiled Angela white Anal fuck From big cock Elegant angel &#38; Angela white porn video Big ass big boobs oiled girl Angela white fuck anal from big cock elegant angel porn videos yamyhub Angela white anal porn video latest big ass porn videos big boobs oiled girl Angela white porn Angela [&#8230;]</p>
<p>The post <a rel="nofollow" href="https://www.yamyhub.com/video/big-ass-big-boobs-oiled-angela-white-anal-fuck-from-big-cock/">Big ass big boobs oiled Angela white Anal fuck From big cock</a> appeared first on <a rel="nofollow" href="https://www.yamyhub.com">Yamyhub</a>.</p>
]]></description>
										<content:encoded><![CDATA[<h2>Big ass big boobs oiled Angela white Anal fuck From big cock</h2>
<p>Elegant angel &amp; Angela white porn video Big ass big boobs oiled girl Angela white fuck anal from big cock elegant angel porn videos yamyhub Angela white anal porn video latest big ass porn videos big boobs oiled girl Angela white porn Angela white anal fuck from big cock asshole porn Youporn video  daftsex videos elegant angel porn oiled porn videos</p>
<p>The post <a rel="nofollow" href="https://www.yamyhub.com/video/big-ass-big-boobs-oiled-angela-white-anal-fuck-from-big-cock/">Big ass big boobs oiled Angela white Anal fuck From big cock</a> appeared first on <a rel="nofollow" href="https://www.yamyhub.com">Yamyhub</a>.</p>
]]></content:encoded>
					
		
		
			</item>
		<item>
		<title>Dr. Angela white Give body Exam to Michael Vegas adult time</title>
		<link>https://www.yamyhub.com/video/dr-angela-white-give-body-exam-to-michael-vegas-adult-time/</link>
		
		<dc:creator><![CDATA[yamyhub]]></dc:creator>
		<pubDate>Fri, 16 Jul 2021 12:02:57 +0000</pubDate>
				<guid isPermaLink="false">https://www.yamyhub.com/?post_type=video&#038;p=3704</guid>

					<description><![CDATA[<p>Dr. Angela white Give body Exam to Michael Vegas adult time Adult time &#38; Angela white porn videos Dr. Angela white fuck from examiner Michael Vegas while doing full body exam nurse porn video Yamyhub Angela white porn video latest Angela porn video Michael Vegas fuck Angela white nurse porn video adult time porn video [&#8230;]</p>
<p>The post <a rel="nofollow" href="https://www.yamyhub.com/video/dr-angela-white-give-body-exam-to-michael-vegas-adult-time/">Dr. Angela white Give body Exam to Michael Vegas adult time</a> appeared first on <a rel="nofollow" href="https://www.yamyhub.com">Yamyhub</a>.</p>
]]></description>
										<content:encoded><![CDATA[<h2>Dr. Angela white Give body Exam to Michael Vegas adult time</h2>
<p>Adult time &amp; Angela white porn videos Dr. Angela white fuck from examiner Michael Vegas while doing full body exam nurse porn video Yamyhub Angela white porn video latest Angela porn video Michael Vegas fuck Angela white nurse porn video adult time porn video TXXX porn spankbang porn video blowjob big tits free porn videos</p>
<p>The post <a rel="nofollow" href="https://www.yamyhub.com/video/dr-angela-white-give-body-exam-to-michael-vegas-adult-time/">Dr. Angela white Give body Exam to Michael Vegas adult time</a> appeared first on <a rel="nofollow" href="https://www.yamyhub.com">Yamyhub</a>.</p>
]]></content:encoded>
					
		
		
			</item>
		<item>
		<title>Angela white &#038; Madison Ivy Fuck each other pussy lesbian</title>
		<link>https://www.yamyhub.com/video/angela-white-madison-ivy-fuck-each-other-pussy-lesbian/</link>
		
		<dc:creator><![CDATA[yamyhub]]></dc:creator>
		<pubDate>Mon, 05 Jul 2021 12:04:41 +0000</pubDate>
				<guid isPermaLink="false">https://www.yamyhub.com/?post_type=video&#038;p=3536</guid>

					<description><![CDATA[<p>Angela white &#38; Madison Ivy Fuck each other pussy lesbian Lesbian Porn video Angela white &#38; Madison Ivy use sex toys to lick and fuck each other pussy oiled girl porn lesbian girl yamyhub lesbian porn videos sex toys porn video dildo and vibrator dildo porn video sex toys fuck pussy lesbian use vibrator fuck [&#8230;]</p>
<p>The post <a rel="nofollow" href="https://www.yamyhub.com/video/angela-white-madison-ivy-fuck-each-other-pussy-lesbian/">Angela white &#038; Madison Ivy Fuck each other pussy lesbian</a> appeared first on <a rel="nofollow" href="https://www.yamyhub.com">Yamyhub</a>.</p>
]]></description>
										<content:encoded><![CDATA[<h2>Angela white &amp; Madison Ivy Fuck each other pussy lesbian</h2>
<p>Lesbian Porn video Angela white &amp; Madison Ivy use sex toys to lick and fuck each other pussy oiled girl porn lesbian girl yamyhub lesbian porn videos sex toys porn video dildo and vibrator dildo porn video sex toys fuck pussy lesbian use vibrator fuck pussy using vibrator.</p>
<p>The post <a rel="nofollow" href="https://www.yamyhub.com/video/angela-white-madison-ivy-fuck-each-other-pussy-lesbian/">Angela white &#038; Madison Ivy Fuck each other pussy lesbian</a> appeared first on <a rel="nofollow" href="https://www.yamyhub.com">Yamyhub</a>.</p>
]]></content:encoded>
					
		
		
			</item>
		<item>
		<title>Angela white &#038; Keisha grey have lesbian sex During massage</title>
		<link>https://www.yamyhub.com/video/angela-white-keisha-grey-have-lesbian-sex-during-massage/</link>
		
		<dc:creator><![CDATA[yamyhub]]></dc:creator>
		<pubDate>Mon, 21 Jun 2021 13:56:10 +0000</pubDate>
				<guid isPermaLink="false">https://www.yamyhub.com/?post_type=video&#038;p=3419</guid>

					<description><![CDATA[<p>Angela white &#38; Keisha grey have lesbian sex During massage Angela white porn videos, Angela white lesbian sex, watch latest angela white lesbian porn videos new lesbian porn videos. Keisha grey porn videos, Keisha grey lesbian sex with angela white.</p>
<p>The post <a rel="nofollow" href="https://www.yamyhub.com/video/angela-white-keisha-grey-have-lesbian-sex-during-massage/">Angela white &#038; Keisha grey have lesbian sex During massage</a> appeared first on <a rel="nofollow" href="https://www.yamyhub.com">Yamyhub</a>.</p>
]]></description>
										<content:encoded><![CDATA[<h2>Angela white &amp; Keisha grey have lesbian sex During massage</h2>
<p>Angela white porn videos, Angela white lesbian sex, watch latest angela white lesbian porn videos new lesbian porn videos. Keisha grey porn videos, Keisha grey lesbian sex with angela white.</p>
<p>The post <a rel="nofollow" href="https://www.yamyhub.com/video/angela-white-keisha-grey-have-lesbian-sex-during-massage/">Angela white &#038; Keisha grey have lesbian sex During massage</a> appeared first on <a rel="nofollow" href="https://www.yamyhub.com">Yamyhub</a>.</p>
]]></content:encoded>
					
		
		
			</item>
		<item>
		<title>Abella danger, Angela white &#038; krissy lynn Fuck girlsway office</title>
		<link>https://www.yamyhub.com/video/abella-danger-angela-white-krissy-lynn-fuck-girlsway-office/</link>
		
		<dc:creator><![CDATA[yamyhub]]></dc:creator>
		<pubDate>Thu, 17 Jun 2021 09:54:04 +0000</pubDate>
				<guid isPermaLink="false">https://www.yamyhub.com/?post_type=video&#038;p=3391</guid>

					<description><![CDATA[<p>Abella danger, Angela white &#38; krissy lynn Fuck girlsway office Big ass porn video, lesbian porn videos, big tits porn big ass angela white porn video. angela white lesbian porn. abella danger lesbian porn abella danger. krissy lynn porn lesbian krissy lynn porn.</p>
<p>The post <a rel="nofollow" href="https://www.yamyhub.com/video/abella-danger-angela-white-krissy-lynn-fuck-girlsway-office/">Abella danger, Angela white &#038; krissy lynn Fuck girlsway office</a> appeared first on <a rel="nofollow" href="https://www.yamyhub.com">Yamyhub</a>.</p>
]]></description>
										<content:encoded><![CDATA[<h2>Abella danger, Angela white &amp; krissy lynn Fuck girlsway office</h2>
<p>Big ass porn video, lesbian porn videos, big tits porn big ass angela white porn video. angela white lesbian porn. abella danger lesbian porn abella danger. krissy lynn porn lesbian krissy lynn porn.</p>
<p>The post <a rel="nofollow" href="https://www.yamyhub.com/video/abella-danger-angela-white-krissy-lynn-fuck-girlsway-office/">Abella danger, Angela white &#038; krissy lynn Fuck girlsway office</a> appeared first on <a rel="nofollow" href="https://www.yamyhub.com">Yamyhub</a>.</p>
]]></content:encoded>
					
		
		
			</item>
		<item>
		<title>Abella danger &#038; angela white anal strapon in office Girlsway</title>
		<link>https://www.yamyhub.com/video/abella-danger-angela-white-anal-strapon-in-office-girlsway/</link>
		
		<dc:creator><![CDATA[yamyhub]]></dc:creator>
		<pubDate>Thu, 17 Jun 2021 08:31:56 +0000</pubDate>
				<guid isPermaLink="false">https://www.yamyhub.com/?post_type=video&#038;p=3389</guid>

					<description><![CDATA[<p>Abella danger &#38; angela white anal strapon in office Girlsway Big tits lesbian fuck each other, big ass big boobs teen porn video fuck in office sex toys use strapon porn video.Abella danger fuck angela white with strapon. strapon porn videos. Dominated porn videos. abella danger porn video. lesbian porn videos. angela white porn video.</p>
<p>The post <a rel="nofollow" href="https://www.yamyhub.com/video/abella-danger-angela-white-anal-strapon-in-office-girlsway/">Abella danger &#038; angela white anal strapon in office Girlsway</a> appeared first on <a rel="nofollow" href="https://www.yamyhub.com">Yamyhub</a>.</p>
]]></description>
										<content:encoded><![CDATA[<h2>Abella danger &amp; angela white anal strapon in office Girlsway</h2>
<p>Big tits lesbian fuck each other, big ass big boobs teen porn video fuck in office sex toys use strapon porn video.Abella danger fuck angela white with strapon. strapon porn videos. Dominated porn videos.</p>
<p>abella danger porn video. lesbian porn videos. angela white porn video.</p>
<p>The post <a rel="nofollow" href="https://www.yamyhub.com/video/abella-danger-angela-white-anal-strapon-in-office-girlsway/">Abella danger &#038; angela white anal strapon in office Girlsway</a> appeared first on <a rel="nofollow" href="https://www.yamyhub.com">Yamyhub</a>.</p>
]]></content:encoded>
					
		
		
			</item>
		<item>
		<title>Twistys Teens Angela White Darcie Dolce Fuck each other</title>
		<link>https://www.yamyhub.com/video/twistys-teens-angela-white-darcie-dolce-fuck-each-other/</link>
		
		<dc:creator><![CDATA[yamyhub]]></dc:creator>
		<pubDate>Thu, 20 May 2021 16:50:30 +0000</pubDate>
				<guid isPermaLink="false">http://localhost/github/?post_type=video&#038;p=2977</guid>

					<description><![CDATA[<p>Twistys Teens Angela White &#38; Darcie Dolce Fuck each other Twistys – Teens Angela White &#38; Darcie Dolce Fuck each other, lesbian porn videos, Big Ass porn, Big Tits porn, HD Porn, Lesbian porn videos, Pornstar, Pussy Licking, Lesbian</p>
<p>The post <a rel="nofollow" href="https://www.yamyhub.com/video/twistys-teens-angela-white-darcie-dolce-fuck-each-other/">Twistys Teens Angela White Darcie Dolce Fuck each other</a> appeared first on <a rel="nofollow" href="https://www.yamyhub.com">Yamyhub</a>.</p>
]]></description>
										<content:encoded><![CDATA[<h3>Twistys Teens Angela White &amp; Darcie Dolce Fuck each other</h3>
<p>Twistys – Teens Angela White &amp; Darcie Dolce Fuck each other, lesbian porn videos, Big Ass porn, Big Tits porn, HD Porn, Lesbian porn videos, Pornstar, Pussy Licking, Lesbian</p>
<p>The post <a rel="nofollow" href="https://www.yamyhub.com/video/twistys-teens-angela-white-darcie-dolce-fuck-each-other/">Twistys Teens Angela White Darcie Dolce Fuck each other</a> appeared first on <a rel="nofollow" href="https://www.yamyhub.com">Yamyhub</a>.</p>
]]></content:encoded>
					
		
		
			</item>
		<item>
		<title>Angela White Fuck Hardcore Big cock Anal Sex TUSHYRAW</title>
		<link>https://www.yamyhub.com/video/angela-white-fuck-hardcore-big-cock-anal-sex-tushyraw/</link>
		
		<dc:creator><![CDATA[yamyhub]]></dc:creator>
		<pubDate>Thu, 20 May 2021 16:37:41 +0000</pubDate>
				<guid isPermaLink="false">http://localhost/github/?post_type=video&#038;p=2966</guid>

					<description><![CDATA[<p>Angela White Fuck Hardcore Big cock Anal Sex TUSHYRAW Angela white porn videos, Angela white pics, Porn video, TUSHYRAW, Anal sex, Hardcore sex, Fuck hardcore Angela white</p>
<p>The post <a rel="nofollow" href="https://www.yamyhub.com/video/angela-white-fuck-hardcore-big-cock-anal-sex-tushyraw/">Angela White Fuck Hardcore Big cock Anal Sex TUSHYRAW</a> appeared first on <a rel="nofollow" href="https://www.yamyhub.com">Yamyhub</a>.</p>
]]></description>
										<content:encoded><![CDATA[<h3>Angela White Fuck Hardcore Big cock Anal Sex TUSHYRAW</h3>
<p>Angela white porn videos, Angela white pics, Porn video, TUSHYRAW, Anal sex, Hardcore sex, Fuck hardcore Angela white</p>
<p>The post <a rel="nofollow" href="https://www.yamyhub.com/video/angela-white-fuck-hardcore-big-cock-anal-sex-tushyraw/">Angela White Fuck Hardcore Big cock Anal Sex TUSHYRAW</a> appeared first on <a rel="nofollow" href="https://www.yamyhub.com">Yamyhub</a>.</p>
]]></content:encoded>
					
		
		
			</item>
	</channel>
</rss>

0

