<?xml version="1.0" encoding="UTF-8"?><rss version="2.0"
	xmlns:content="http://purl.org/rss/1.0/modules/content/"
	xmlns:wfw="http://wellformedweb.org/CommentAPI/"
	xmlns:dc="http://purl.org/dc/elements/1.1/"
	xmlns:atom="http://www.w3.org/2005/Atom"
	xmlns:sy="http://purl.org/rss/1.0/modules/syndication/"
	xmlns:slash="http://purl.org/rss/1.0/modules/slash/"
	>

<channel>
	<title>GIRLSWAY &#8211; Yamyhub</title>
	<atom:link href="https://www.yamyhub.com/categories/girlsway/feed/" rel="self" type="application/rss+xml" />
	<link>https://www.yamyhub.com</link>
	<description>Watch latest free HD Full length Porn video. Big ass, Big cock, MILF, Lesbian, Step sister and Step mother Porn videos. Yamyhub porn videos.</description>
	<lastBuildDate>Tue, 10 Aug 2021 10:59:41 +0000</lastBuildDate>
	<language>en-US</language>
	<sy:updatePeriod>
	hourly	</sy:updatePeriod>
	<sy:updateFrequency>
	1	</sy:updateFrequency>
	<generator>https://wordpress.org/?v=5.8</generator>

<image>
	<url>https://www.yamyhub.com/wp-content/uploads/2021/07/cropped-favicon-32x32.png</url>
	<title>GIRLSWAY &#8211; Yamyhub</title>
	<link>https://www.yamyhub.com</link>
	<width>32</width>
	<height>32</height>
</image> 
	<item>
		<title>Girlsway Lena Paul double penetration by strapon Pornhub</title>
		<link>https://www.yamyhub.com/video/girlsway-lena-paul-double-penetration-by-strapon-pornhub/</link>
		
		<dc:creator><![CDATA[yamyhub]]></dc:creator>
		<pubDate>Sun, 08 Aug 2021 17:42:55 +0000</pubDate>
				<guid isPermaLink="false">https://www.yamyhub.com/?post_type=video&#038;p=4208</guid>

					<description><![CDATA[<p>Girlsway Lena Paul double penetration by strapon Pornhub Girlsway Pornstars Gia Derza, Jane Wilde &#38; lena paul Pornhub porn video. Cute MILF double penetration pounded by strapon dick DP yamyhub. Best porn video for categories threesome girls on pornhub fuck Strapon porn double penetration. Lena Paul want to fuck DP (double penetration) from black strapon [&#8230;]</p>
<p>The post <a rel="nofollow" href="https://www.yamyhub.com/video/girlsway-lena-paul-double-penetration-by-strapon-pornhub/">Girlsway Lena Paul double penetration by strapon Pornhub</a> appeared first on <a rel="nofollow" href="https://www.yamyhub.com">Yamyhub</a>.</p>
]]></description>
										<content:encoded><![CDATA[<h2>Girlsway Lena Paul double penetration by strapon Pornhub</h2>
<p>Girlsway Pornstars Gia Derza, Jane Wilde &amp; lena paul Pornhub porn video. Cute MILF double penetration pounded by strapon dick DP yamyhub. Best porn video for categories threesome girls on pornhub fuck Strapon porn double penetration. Lena Paul want to fuck DP (double penetration) from black strapon dick on at pornhub. Jane Wild and Gia Derza with strapon fuck MILF teen.</p>
<p>The post <a rel="nofollow" href="https://www.yamyhub.com/video/girlsway-lena-paul-double-penetration-by-strapon-pornhub/">Girlsway Lena Paul double penetration by strapon Pornhub</a> appeared first on <a rel="nofollow" href="https://www.yamyhub.com">Yamyhub</a>.</p>
]]></content:encoded>
					
		
		
			</item>
		<item>
		<title>Girlsway Hot MILF cherie deville love her stepdaughter</title>
		<link>https://www.yamyhub.com/video/girlsway-hot-milf-cherie-deville-love-her-stepdaughter/</link>
		
		<dc:creator><![CDATA[yamyhub]]></dc:creator>
		<pubDate>Mon, 02 Aug 2021 05:22:35 +0000</pubDate>
				<guid isPermaLink="false">https://www.yamyhub.com/?post_type=video&#038;p=4096</guid>

					<description><![CDATA[<p>Girlsway Hot MILF cherie deville love her stepdaughter Girlsway Pornstars Cherie Deville, Mia Malkova Porn videos. Hot stepdaughter Want to lick her pussy. Lesbian organism porn video yamyhub. Cherie Deville &#38; Mia malkova Enjoy each other pussy lick. Get back her moms to friend for pussy lick and enjoy. Girls want to enjoy each other [&#8230;]</p>
<p>The post <a rel="nofollow" href="https://www.yamyhub.com/video/girlsway-hot-milf-cherie-deville-love-her-stepdaughter/">Girlsway Hot MILF cherie deville love her stepdaughter</a> appeared first on <a rel="nofollow" href="https://www.yamyhub.com">Yamyhub</a>.</p>
]]></description>
										<content:encoded><![CDATA[<h2>Girlsway Hot MILF cherie deville love her stepdaughter</h2>
<p>Girlsway Pornstars Cherie Deville, Mia Malkova Porn videos. Hot stepdaughter Want to lick her pussy. Lesbian organism porn video yamyhub. Cherie Deville &amp; Mia malkova Enjoy each other pussy lick. Get back her moms to friend for pussy lick and enjoy. Girls want to enjoy each other pussy lesbian organism. Girlsway spankbang videos.</p>
<p>The post <a rel="nofollow" href="https://www.yamyhub.com/video/girlsway-hot-milf-cherie-deville-love-her-stepdaughter/">Girlsway Hot MILF cherie deville love her stepdaughter</a> appeared first on <a rel="nofollow" href="https://www.yamyhub.com">Yamyhub</a>.</p>
]]></content:encoded>
					
		
		
			</item>
		<item>
		<title>Abella danger, Angela white &#038; krissy lynn Fuck girlsway office</title>
		<link>https://www.yamyhub.com/video/abella-danger-angela-white-krissy-lynn-fuck-girlsway-office/</link>
		
		<dc:creator><![CDATA[yamyhub]]></dc:creator>
		<pubDate>Thu, 17 Jun 2021 09:54:04 +0000</pubDate>
				<guid isPermaLink="false">https://www.yamyhub.com/?post_type=video&#038;p=3391</guid>

					<description><![CDATA[<p>Abella danger, Angela white &#38; krissy lynn Fuck girlsway office Big ass porn video, lesbian porn videos, big tits porn big ass angela white porn video. angela white lesbian porn. abella danger lesbian porn abella danger. krissy lynn porn lesbian krissy lynn porn.</p>
<p>The post <a rel="nofollow" href="https://www.yamyhub.com/video/abella-danger-angela-white-krissy-lynn-fuck-girlsway-office/">Abella danger, Angela white &#038; krissy lynn Fuck girlsway office</a> appeared first on <a rel="nofollow" href="https://www.yamyhub.com">Yamyhub</a>.</p>
]]></description>
										<content:encoded><![CDATA[<h2>Abella danger, Angela white &amp; krissy lynn Fuck girlsway office</h2>
<p>Big ass porn video, lesbian porn videos, big tits porn big ass angela white porn video. angela white lesbian porn. abella danger lesbian porn abella danger. krissy lynn porn lesbian krissy lynn porn.</p>
<p>The post <a rel="nofollow" href="https://www.yamyhub.com/video/abella-danger-angela-white-krissy-lynn-fuck-girlsway-office/">Abella danger, Angela white &#038; krissy lynn Fuck girlsway office</a> appeared first on <a rel="nofollow" href="https://www.yamyhub.com">Yamyhub</a>.</p>
]]></content:encoded>
					
		
		
			</item>
		<item>
		<title>Abella danger &#038; angela white anal strapon in office Girlsway</title>
		<link>https://www.yamyhub.com/video/abella-danger-angela-white-anal-strapon-in-office-girlsway/</link>
		
		<dc:creator><![CDATA[yamyhub]]></dc:creator>
		<pubDate>Thu, 17 Jun 2021 08:31:56 +0000</pubDate>
				<guid isPermaLink="false">https://www.yamyhub.com/?post_type=video&#038;p=3389</guid>

					<description><![CDATA[<p>Abella danger &#38; angela white anal strapon in office Girlsway Big tits lesbian fuck each other, big ass big boobs teen porn video fuck in office sex toys use strapon porn video.Abella danger fuck angela white with strapon. strapon porn videos. Dominated porn videos. abella danger porn video. lesbian porn videos. angela white porn video.</p>
<p>The post <a rel="nofollow" href="https://www.yamyhub.com/video/abella-danger-angela-white-anal-strapon-in-office-girlsway/">Abella danger &#038; angela white anal strapon in office Girlsway</a> appeared first on <a rel="nofollow" href="https://www.yamyhub.com">Yamyhub</a>.</p>
]]></description>
										<content:encoded><![CDATA[<h2>Abella danger &amp; angela white anal strapon in office Girlsway</h2>
<p>Big tits lesbian fuck each other, big ass big boobs teen porn video fuck in office sex toys use strapon porn video.Abella danger fuck angela white with strapon. strapon porn videos. Dominated porn videos.</p>
<p>abella danger porn video. lesbian porn videos. angela white porn video.</p>
<p>The post <a rel="nofollow" href="https://www.yamyhub.com/video/abella-danger-angela-white-anal-strapon-in-office-girlsway/">Abella danger &#038; angela white anal strapon in office Girlsway</a> appeared first on <a rel="nofollow" href="https://www.yamyhub.com">Yamyhub</a>.</p>
]]></content:encoded>
					
		
		
			</item>
		<item>
		<title>Pre Wedding Day Sex Abigail Mac &#038; Adriana Chechik GIRLSWAY</title>
		<link>https://www.yamyhub.com/video/pre-wedding-day-sex-abigail-mac-adriana-chechik-girlsway/</link>
		
		<dc:creator><![CDATA[yamyhub]]></dc:creator>
		<pubDate>Fri, 11 Jun 2021 04:31:59 +0000</pubDate>
				<guid isPermaLink="false">https://www.yamyhub.com/?post_type=video&#038;p=3299</guid>

					<description><![CDATA[<p>Pre Wedding Day Sex Abigail Mac &#38; Adriana Chechik GIRLSWAY Lesbian  Girl On Girl Brunette Babe Reality Girlsway Kissing Cheating Lesbian Romantic  Eating Lesbians Pussy Cheater Pussy Licking Cheating Big Tits Big Boobs Big Tits Babe Pussy Licking Brunette Small Tits Lesbian Romantic Pornstar Reality HD Porn</p>
<p>The post <a rel="nofollow" href="https://www.yamyhub.com/video/pre-wedding-day-sex-abigail-mac-adriana-chechik-girlsway/">Pre Wedding Day Sex Abigail Mac &#038; Adriana Chechik GIRLSWAY</a> appeared first on <a rel="nofollow" href="https://www.yamyhub.com">Yamyhub</a>.</p>
]]></description>
										<content:encoded><![CDATA[<h1>Pre Wedding Day Sex Abigail Mac &amp; Adriana Chechik GIRLSWAY</h1>
<p>Lesbian  Girl On Girl Brunette Babe Reality Girlsway Kissing Cheating Lesbian Romantic  Eating Lesbians Pussy Cheater Pussy Licking Cheating Big Tits Big Boobs</p>
<p>Big Tits Babe Pussy Licking Brunette Small Tits Lesbian Romantic Pornstar Reality HD Porn</p>
<p>The post <a rel="nofollow" href="https://www.yamyhub.com/video/pre-wedding-day-sex-abigail-mac-adriana-chechik-girlsway/">Pre Wedding Day Sex Abigail Mac &#038; Adriana Chechik GIRLSWAY</a> appeared first on <a rel="nofollow" href="https://www.yamyhub.com">Yamyhub</a>.</p>
]]></content:encoded>
					
		
		
			</item>
		<item>
		<title>Abigail Mac &#8216;s Lesbian Affair with big boobs babe &#8211; Girlsway</title>
		<link>https://www.yamyhub.com/video/abigail-mac-s-lesbian-affair-with-big-boobs-babe-girlsway/</link>
		
		<dc:creator><![CDATA[yamyhub]]></dc:creator>
		<pubDate>Fri, 11 Jun 2021 04:15:31 +0000</pubDate>
				<guid isPermaLink="false">https://www.yamyhub.com/?post_type=video&#038;p=3297</guid>

					<description><![CDATA[<p>Abigail Mac &#8216;s Lesbian Affair with big boobs babe &#8211; Girlsway HD Porn Pornstar Latina Lesbian Pussy Licking Popular With Women Girlsway Latina Stockings Lesbian Ass Licking Girl On Girl   Pussy Licking  Rimming  Fake Tits Kissing Pilot Big Tits  Brunette Stocking Lingerie High Heels girlsway lesbian porn videos.</p>
<p>The post <a rel="nofollow" href="https://www.yamyhub.com/video/abigail-mac-s-lesbian-affair-with-big-boobs-babe-girlsway/">Abigail Mac &#8216;s Lesbian Affair with big boobs babe &#8211; Girlsway</a> appeared first on <a rel="nofollow" href="https://www.yamyhub.com">Yamyhub</a>.</p>
]]></description>
										<content:encoded><![CDATA[<h1>Abigail Mac &#8216;s Lesbian Affair with big boobs babe &#8211; Girlsway</h1>
<p>HD Porn Pornstar Latina Lesbian Pussy Licking Popular With Women</p>
<p>Girlsway Latina Stockings Lesbian Ass Licking Girl On Girl   Pussy Licking  Rimming  Fake Tits Kissing Pilot Big Tits  Brunette Stocking Lingerie High Heels</p>
<p>girlsway lesbian porn videos.</p>
<p>The post <a rel="nofollow" href="https://www.yamyhub.com/video/abigail-mac-s-lesbian-affair-with-big-boobs-babe-girlsway/">Abigail Mac &#8216;s Lesbian Affair with big boobs babe &#8211; Girlsway</a> appeared first on <a rel="nofollow" href="https://www.yamyhub.com">Yamyhub</a>.</p>
]]></content:encoded>
					
		
		
			</item>
		<item>
		<title>Abigail Mac is HOT for Officer Kissa Sins &#8211; Girlsway</title>
		<link>https://www.yamyhub.com/video/abigail-mac-is-hot-for-officer-kissa-sins-girlsway/</link>
		
		<dc:creator><![CDATA[yamyhub]]></dc:creator>
		<pubDate>Fri, 11 Jun 2021 03:18:40 +0000</pubDate>
				<guid isPermaLink="false">https://www.yamyhub.com/?post_type=video&#038;p=3289</guid>

					<description><![CDATA[<p>Abigail Mac is HOT for Officer Kissa Sins &#8211; Girlsway Babe Pussy Licking Brunette HD Porn Pornstar Lesbian MILF   Reality Girlsway Lesbians Pussy Licking  Reality Uniform Kissing Big Tits Tattoos Girl On Girl Trimmed Pussy Shaved  Pussy Eating Licking  Lesbian Police Officer. Abigail mac and kissa sins fuck eachother, lesbian lesbian organism.</p>
<p>The post <a rel="nofollow" href="https://www.yamyhub.com/video/abigail-mac-is-hot-for-officer-kissa-sins-girlsway/">Abigail Mac is HOT for Officer Kissa Sins &#8211; Girlsway</a> appeared first on <a rel="nofollow" href="https://www.yamyhub.com">Yamyhub</a>.</p>
]]></description>
										<content:encoded><![CDATA[<h1>Abigail Mac is HOT for Officer Kissa Sins &#8211; Girlsway</h1>
<p>Babe Pussy Licking Brunette HD Porn Pornstar Lesbian MILF   Reality</p>
<p>Girlsway Lesbians Pussy Licking  Reality Uniform Kissing Big Tits Tattoos Girl On Girl Trimmed Pussy Shaved  Pussy Eating Licking  Lesbian Police Officer.</p>
<p>Abigail mac and kissa sins fuck eachother, lesbian lesbian organism.</p>
<p>The post <a rel="nofollow" href="https://www.yamyhub.com/video/abigail-mac-is-hot-for-officer-kissa-sins-girlsway/">Abigail Mac is HOT for Officer Kissa Sins &#8211; Girlsway</a> appeared first on <a rel="nofollow" href="https://www.yamyhub.com">Yamyhub</a>.</p>
]]></content:encoded>
					
		
		
			</item>
		<item>
		<title>Girlsway Skye Blue has her Wife&#8217;s Permission to Fuck Violet Starr</title>
		<link>https://www.yamyhub.com/video/girlsway-skye-blue-has-her-wife-permission-fuck-violet-starr/</link>
		
		<dc:creator><![CDATA[yamyhub]]></dc:creator>
		<pubDate>Sat, 15 May 2021 01:57:33 +0000</pubDate>
				<guid isPermaLink="false">http://localhost/github/?post_type=video&#038;p=2870</guid>

					<description><![CDATA[<p>lesbian sex videos, girlsway, lesbian porn videos, teen Babe Skye Blue lesbian porn Big Tits Blonde Teen violet Starr lesbian porn, Skye Blue and violet Starr fingure each other lesbian organism, fucking lesbian</p>
<p>The post <a rel="nofollow" href="https://www.yamyhub.com/video/girlsway-skye-blue-has-her-wife-permission-fuck-violet-starr/">Girlsway Skye Blue has her Wife&#8217;s Permission to Fuck Violet Starr</a> appeared first on <a rel="nofollow" href="https://www.yamyhub.com">Yamyhub</a>.</p>
]]></description>
										<content:encoded><![CDATA[<p>lesbian sex videos, girlsway, lesbian porn videos, teen Babe Skye Blue lesbian porn</p>
<p>Big Tits Blonde Teen violet Starr lesbian porn, Skye Blue and violet Starr fingure each other</p>
<p>lesbian organism, fucking lesbian</p>
<p>The post <a rel="nofollow" href="https://www.yamyhub.com/video/girlsway-skye-blue-has-her-wife-permission-fuck-violet-starr/">Girlsway Skye Blue has her Wife&#8217;s Permission to Fuck Violet Starr</a> appeared first on <a rel="nofollow" href="https://www.yamyhub.com">Yamyhub</a>.</p>
]]></content:encoded>
					
		
		
			</item>
		<item>
		<title>GIRLSWAY ANGELA WHITE love Shyla Jennings lesbian</title>
		<link>https://www.yamyhub.com/video/girlsway-angela-white-love-shyla-jennings-lesbian/</link>
		
		<dc:creator><![CDATA[yamyhub]]></dc:creator>
		<pubDate>Sat, 15 May 2021 01:49:28 +0000</pubDate>
				<guid isPermaLink="false">http://localhost/github/?post_type=video&#038;p=2869</guid>

					<description><![CDATA[<p>lesbian porn videos, British Babe Josephine Jackson lesbian porn, Lesbea, Lesbian ANGELA WHITE and Shyla Jennings porn videos, lesbian sex videos, Big Natural Tits, Massage Rooms, The Lesbian Experience, Big Tits Blonde Teen, girlsway porn ANGELA WHITE lesbian porn, lesbian organism, ANGELA WHITE and Shyla Jennings fingure eachother, fucking lesbian, GIRLSWAY Porn</p>
<p>The post <a rel="nofollow" href="https://www.yamyhub.com/video/girlsway-angela-white-love-shyla-jennings-lesbian/">GIRLSWAY ANGELA WHITE love Shyla Jennings lesbian</a> appeared first on <a rel="nofollow" href="https://www.yamyhub.com">Yamyhub</a>.</p>
]]></description>
										<content:encoded><![CDATA[<p>lesbian porn videos, British Babe Josephine Jackson lesbian porn, Lesbea, Lesbian ANGELA WHITE and Shyla Jennings porn videos,</p>
<p>lesbian sex videos, Big Natural Tits, Massage Rooms,</p>
<p>The Lesbian Experience, Big Tits Blonde Teen, girlsway porn ANGELA WHITE lesbian porn,</p>
<p>lesbian organism, ANGELA WHITE and Shyla Jennings fingure eachother, fucking lesbian,</p>
<p>GIRLSWAY Porn</p>
<p>The post <a rel="nofollow" href="https://www.yamyhub.com/video/girlsway-angela-white-love-shyla-jennings-lesbian/">GIRLSWAY ANGELA WHITE love Shyla Jennings lesbian</a> appeared first on <a rel="nofollow" href="https://www.yamyhub.com">Yamyhub</a>.</p>
]]></content:encoded>
					
		
		
			</item>
		<item>
		<title>GIRLSWAY Angela White Turns Bachelorette Party Foursome</title>
		<link>https://www.yamyhub.com/video/girlsway-angela-white-turns-bachelorette-party-foursome/</link>
		
		<dc:creator><![CDATA[yamyhub]]></dc:creator>
		<pubDate>Sat, 15 May 2021 01:49:20 +0000</pubDate>
				<guid isPermaLink="false">http://localhost/github/?post_type=video&#038;p=2868</guid>

					<description><![CDATA[<p>GIRLSWAY Angela White Turns this Bachelorette Party into a Foursome Serena Blair &#8211; Alix Lynx &#8211; Silvia Saige Babe Big Ass, Big Tits, Fingering, HD Porn, Lesbian, MILF Old/Young Pornstar, Pussy Licking, Reality</p>
<p>The post <a rel="nofollow" href="https://www.yamyhub.com/video/girlsway-angela-white-turns-bachelorette-party-foursome/">GIRLSWAY Angela White Turns Bachelorette Party Foursome</a> appeared first on <a rel="nofollow" href="https://www.yamyhub.com">Yamyhub</a>.</p>
]]></description>
										<content:encoded><![CDATA[<p>GIRLSWAY Angela White Turns this Bachelorette Party into a Foursome Serena Blair &#8211; Alix Lynx &#8211; Silvia Saige</p>
<p>Babe Big Ass, Big Tits, Fingering, HD Porn, Lesbian, MILF Old/Young</p>
<p>Pornstar, Pussy Licking, Reality</p>
<p>The post <a rel="nofollow" href="https://www.yamyhub.com/video/girlsway-angela-white-turns-bachelorette-party-foursome/">GIRLSWAY Angela White Turns Bachelorette Party Foursome</a> appeared first on <a rel="nofollow" href="https://www.yamyhub.com">Yamyhub</a>.</p>
]]></content:encoded>
					
		
		
			</item>
	</channel>
</rss>
