<?xml version="1.0" encoding="UTF-8"?><rss version="2.0"
	xmlns:content="http://purl.org/rss/1.0/modules/content/"
	xmlns:wfw="http://wellformedweb.org/CommentAPI/"
	xmlns:dc="http://purl.org/dc/elements/1.1/"
	xmlns:atom="http://www.w3.org/2005/Atom"
	xmlns:sy="http://purl.org/rss/1.0/modules/syndication/"
	xmlns:slash="http://purl.org/rss/1.0/modules/slash/"
	>

<channel>
	<title>Celeste Star &#8211; Yamyhub</title>
	<atom:link href="https://adult.yamyhub.com/categories/celeste-star/feed/" rel="self" type="application/rss+xml" />
	<link>https://adult.yamyhub.com</link>
	<description>Watch latest free HD Full length Porn video. Big ass, Big cock, MILF, Lesbian, Step sister and Step mother Porn videos. Yamyhub porn videos.</description>
	<lastBuildDate>Wed, 16 Jun 2021 04:31:02 +0000</lastBuildDate>
	<language>en-US</language>
	<sy:updatePeriod>
	hourly	</sy:updatePeriod>
	<sy:updateFrequency>
	1	</sy:updateFrequency>
	<generator>https://wordpress.org/?v=5.7.2</generator>

<image>
	<url>https://adult.yamyhub.com/wp-content/uploads/2021/06/favicon.png</url>
	<title>Celeste Star &#8211; Yamyhub</title>
	<link>https://adult.yamyhub.com</link>
	<width>32</width>
	<height>32</height>
</image> 
	<item>
		<title>Brazzers Step Sisters Dani Daniels &#038; Celeste Star Lick Pussy</title>
		<link>https://adult.yamyhub.com/video/brazzers-step-sisters-dani-daniels-celeste-star-lick-pussy/</link>
		
		<dc:creator><![CDATA[yamyhub]]></dc:creator>
		<pubDate>Sat, 15 May 2021 01:45:40 +0000</pubDate>
				<guid isPermaLink="false">http://localhost/github/?post_type=video&#038;p=2866</guid>

					<description><![CDATA[<p>Brazzers &#8211; Step Sisters Dani Daniels &#38; Celeste Star Lick Pussy Lesbian Pornstar , Brunette HD Porn, Small Tits Teen, Brazzers Natural Tits Teenager , Stepsisters,, Lesbian Brunette, Ass Licking, pussy Licking Brazzers Free, step sister porn, Young porn</p>
<p>The post <a rel="nofollow" href="https://adult.yamyhub.com/video/brazzers-step-sisters-dani-daniels-celeste-star-lick-pussy/">Brazzers Step Sisters Dani Daniels &#038; Celeste Star Lick Pussy</a> appeared first on <a rel="nofollow" href="https://adult.yamyhub.com">Yamyhub</a>.</p>
]]></description>
										<content:encoded><![CDATA[<p>Brazzers &#8211; Step Sisters Dani Daniels &amp; Celeste Star Lick Pussy</p>
<p>Lesbian Pornstar , Brunette HD Porn, Small Tits Teen, Brazzers Natural Tits</p>
<p>Teenager , Stepsisters,, Lesbian Brunette, Ass Licking, pussy Licking</p>
<p>Brazzers Free, step sister porn, Young porn</p>
<p>The post <a rel="nofollow" href="https://adult.yamyhub.com/video/brazzers-step-sisters-dani-daniels-celeste-star-lick-pussy/">Brazzers Step Sisters Dani Daniels &#038; Celeste Star Lick Pussy</a> appeared first on <a rel="nofollow" href="https://adult.yamyhub.com">Yamyhub</a>.</p>
]]></content:encoded>
					
		
		
			</item>
	</channel>
</rss>
