<?xml version="1.0" encoding="UTF-8"?><rss version="2.0"
	xmlns:content="http://purl.org/rss/1.0/modules/content/"
	xmlns:wfw="http://wellformedweb.org/CommentAPI/"
	xmlns:dc="http://purl.org/dc/elements/1.1/"
	xmlns:atom="http://www.w3.org/2005/Atom"
	xmlns:sy="http://purl.org/rss/1.0/modules/syndication/"
	xmlns:slash="http://purl.org/rss/1.0/modules/slash/"
	>

<channel>
	<title>Eporner &#8211; Yamyhub</title>
	<atom:link href="https://www.yamyhub.com/categories/eporner/feed/" rel="self" type="application/rss+xml" />
	<link>https://www.yamyhub.com</link>
	<description>Watch latest free HD Full length Porn video. Big ass, Big cock, MILF, Lesbian, Step sister and Step mother Porn videos. Yamyhub porn videos.</description>
	<lastBuildDate>Tue, 17 Aug 2021 05:39:29 +0000</lastBuildDate>
	<language>en-US</language>
	<sy:updatePeriod>
	hourly	</sy:updatePeriod>
	<sy:updateFrequency>
	1	</sy:updateFrequency>
	<generator>https://wordpress.org/?v=5.8</generator>

<image>
	<url>https://www.yamyhub.com/wp-content/uploads/2021/07/cropped-favicon-32x32.png</url>
	<title>Eporner &#8211; Yamyhub</title>
	<link>https://www.yamyhub.com</link>
	<width>32</width>
	<height>32</height>
</image> 
	<item>
		<title>21sextury Julia de lucia get cock in her ass anal eporner</title>
		<link>https://www.yamyhub.com/video/21sextury-julia-de-lucia-get-cock-in-her-ass-anal-eporner/</link>
		
		<dc:creator><![CDATA[yamyhub]]></dc:creator>
		<pubDate>Tue, 17 Aug 2021 05:15:27 +0000</pubDate>
				<guid isPermaLink="false">https://www.yamyhub.com/?post_type=video&#038;p=4580</guid>

					<description><![CDATA[<p>21sextury Julia de lucia get cock in her ass anal eporner 21sextury pornstar Julia de lucia Eporner sex video. Big boobs MILF take cock in ass. Horny porn video with girl get anal &#38; sex toy yamyhub. Pornstar Julia de lucia enjoy to get big cock in her ass at her birthday porn video. Eporner [&#8230;]</p>
<p>The post <a rel="nofollow" href="https://www.yamyhub.com/video/21sextury-julia-de-lucia-get-cock-in-her-ass-anal-eporner/">21sextury Julia de lucia get cock in her ass anal eporner</a> appeared first on <a rel="nofollow" href="https://www.yamyhub.com">Yamyhub</a>.</p>
]]></description>
										<content:encoded><![CDATA[<h2>21sextury Julia de lucia get cock in her ass anal eporner</h2>
<p>21sextury pornstar Julia de lucia Eporner sex video. Big boobs MILF take cock in ass. Horny porn video with girl get anal &amp; sex toy yamyhub. Pornstar Julia de lucia enjoy to get big cock in her ass at her birthday porn video. Eporner MILF Julia de lucia want to love anal sex in her ass hole at home.</p>
<p>The post <a rel="nofollow" href="https://www.yamyhub.com/video/21sextury-julia-de-lucia-get-cock-in-her-ass-anal-eporner/">21sextury Julia de lucia get cock in her ass anal eporner</a> appeared first on <a rel="nofollow" href="https://www.yamyhub.com">Yamyhub</a>.</p>
]]></content:encoded>
					
		
		
			</item>
		<item>
		<title>Big natural tits pornstar Lisa canon take patient cock</title>
		<link>https://www.yamyhub.com/video/big-natural-tits-pornstar-lisa-canon-take-patient-cock/</link>
		
		<dc:creator><![CDATA[yamyhub]]></dc:creator>
		<pubDate>Mon, 16 Aug 2021 06:18:31 +0000</pubDate>
				<guid isPermaLink="false">https://www.yamyhub.com/?post_type=video&#038;p=4543</guid>

					<description><![CDATA[<p>Big natural tits pornstar Lisa canon take patient cock Eporner pornstar Lisa canon porn video. Big fat nurse with big tits ride on young cock in the hospital. Stock cock between boobs yamyhub. The nurse get her patient cock and take down in hospital. Eporner porn video with nurse patient sex. Anal sex with nurse [&#8230;]</p>
<p>The post <a rel="nofollow" href="https://www.yamyhub.com/video/big-natural-tits-pornstar-lisa-canon-take-patient-cock/">Big natural tits pornstar Lisa canon take patient cock</a> appeared first on <a rel="nofollow" href="https://www.yamyhub.com">Yamyhub</a>.</p>
]]></description>
										<content:encoded><![CDATA[<h2>Big natural tits pornstar Lisa canon take patient cock</h2>
<p>Eporner pornstar Lisa canon porn video. Big fat nurse with big tits ride on young cock in the hospital. Stock cock between boobs yamyhub. The nurse get her patient cock and take down in hospital. Eporner porn video with nurse patient sex. Anal sex with nurse from big young cock inside nurse pussy and ass.</p>
<p>The post <a rel="nofollow" href="https://www.yamyhub.com/video/big-natural-tits-pornstar-lisa-canon-take-patient-cock/">Big natural tits pornstar Lisa canon take patient cock</a> appeared first on <a rel="nofollow" href="https://www.yamyhub.com">Yamyhub</a>.</p>
]]></content:encoded>
					
		
		
			</item>
		<item>
		<title>Big tits blonde stepmom Nina Elle take son cock Eporner</title>
		<link>https://www.yamyhub.com/video/big-tits-blonde-stepmom-nina-elle-take-son-cock-eporner/</link>
		
		<dc:creator><![CDATA[yamyhub]]></dc:creator>
		<pubDate>Sun, 15 Aug 2021 01:33:48 +0000</pubDate>
				<guid isPermaLink="false">https://www.yamyhub.com/?post_type=video&#038;p=4498</guid>

					<description><![CDATA[<p>Big tits blonde stepmom Nina Elle take son cock Eporner Pretty Dirty Pornstar Nina Elle Eporner sex video. Big tits stepmom Caught her stepson masturbating. Horny mom want to son cock sex yamyhub. Watch latest Pretty Dirty with hot stepmom want to her stepson dick . Mom Want to fuck for one night when dad [&#8230;]</p>
<p>The post <a rel="nofollow" href="https://www.yamyhub.com/video/big-tits-blonde-stepmom-nina-elle-take-son-cock-eporner/">Big tits blonde stepmom Nina Elle take son cock Eporner</a> appeared first on <a rel="nofollow" href="https://www.yamyhub.com">Yamyhub</a>.</p>
]]></description>
										<content:encoded><![CDATA[<h2>Big tits blonde stepmom Nina Elle take son cock Eporner</h2>
<p>Pretty Dirty Pornstar Nina Elle Eporner sex video. Big tits stepmom Caught her stepson masturbating. Horny mom want to son cock sex yamyhub. Watch latest Pretty Dirty with hot stepmom want to her stepson dick . Mom Want to fuck for one night when dad are not at home eporner sex video.</p>
<p>The post <a rel="nofollow" href="https://www.yamyhub.com/video/big-tits-blonde-stepmom-nina-elle-take-son-cock-eporner/">Big tits blonde stepmom Nina Elle take son cock Eporner</a> appeared first on <a rel="nofollow" href="https://www.yamyhub.com">Yamyhub</a>.</p>
]]></content:encoded>
					
		
		
			</item>
		<item>
		<title>Brazzers Blonde MILF Mercedes carrera want cock</title>
		<link>https://www.yamyhub.com/video/brazzers-blonde-milf-mercedes-carrera-want-cock/</link>
		
		<dc:creator><![CDATA[yamyhub]]></dc:creator>
		<pubDate>Fri, 13 Aug 2021 16:47:36 +0000</pubDate>
				<guid isPermaLink="false">https://www.yamyhub.com/?post_type=video&#038;p=4479</guid>

					<description><![CDATA[<p>Brazzers Blonde MILF Mercedes carrera want cock Brazzers Porn star Mercedes carrera Eporner porn videos. Mature MILF with big boobs love to fuck from young cock. Blonde cumshot yamyhub. A young gay with big cock try fuck her MILF pussy. Pussy to mouth eporner best video. Mature MILF filled her mouth with young cum. Facial [&#8230;]</p>
<p>The post <a rel="nofollow" href="https://www.yamyhub.com/video/brazzers-blonde-milf-mercedes-carrera-want-cock/">Brazzers Blonde MILF Mercedes carrera want cock</a> appeared first on <a rel="nofollow" href="https://www.yamyhub.com">Yamyhub</a>.</p>
]]></description>
										<content:encoded><![CDATA[<h2>Brazzers Blonde MILF Mercedes carrera want cock</h2>
<p>Brazzers Porn star Mercedes carrera Eporner porn videos. Mature MILF with big boobs love to fuck from young cock. Blonde cumshot yamyhub. A young gay with big cock try fuck her MILF pussy. Pussy to mouth eporner best video. Mature MILF filled her mouth with young cum. Facial cumshot on mature milf Mercedes carrera only on eporner.</p>
<p>The post <a rel="nofollow" href="https://www.yamyhub.com/video/brazzers-blonde-milf-mercedes-carrera-want-cock/">Brazzers Blonde MILF Mercedes carrera want cock</a> appeared first on <a rel="nofollow" href="https://www.yamyhub.com">Yamyhub</a>.</p>
]]></content:encoded>
					
		
		
			</item>
		<item>
		<title>Horny Daughter get anal fucked by BBC eporner</title>
		<link>https://www.yamyhub.com/video/horny-daughter-get-anal-fucked-by-bbc-eporner/</link>
		
		<dc:creator><![CDATA[yamyhub]]></dc:creator>
		<pubDate>Sun, 08 Aug 2021 13:00:43 +0000</pubDate>
				<guid isPermaLink="false">https://www.yamyhub.com/?post_type=video&#038;p=4203</guid>

					<description><![CDATA[<p>Horny Daughter get anal fucked by BBC Eporner Eporner White pornstars get ass filled with big black cock. Perfect tight pussy and ass hole slur up on big black cock. Anal sex Yamyhub. Mom agree her white daughter to fucked anal from eporner big black cock. Black cock penetrate tight pussy and ass hole hole. [&#8230;]</p>
<p>The post <a rel="nofollow" href="https://www.yamyhub.com/video/horny-daughter-get-anal-fucked-by-bbc-eporner/">Horny Daughter get anal fucked by BBC eporner</a> appeared first on <a rel="nofollow" href="https://www.yamyhub.com">Yamyhub</a>.</p>
]]></description>
										<content:encoded><![CDATA[<h2>Horny Daughter get anal fucked by BBC Eporner</h2>
<p>Eporner White pornstars get ass filled with big black cock. Perfect tight pussy and ass hole slur up on big black cock. Anal sex Yamyhub. Mom agree her white daughter to fucked anal from eporner big black cock. Black cock penetrate tight pussy and ass hole hole. Daughter want to sex with mother lover of black cock . watch the latest eporner black cock videos.</p>
<p>The post <a rel="nofollow" href="https://www.yamyhub.com/video/horny-daughter-get-anal-fucked-by-bbc-eporner/">Horny Daughter get anal fucked by BBC eporner</a> appeared first on <a rel="nofollow" href="https://www.yamyhub.com">Yamyhub</a>.</p>
]]></content:encoded>
					
		
		
			</item>
		<item>
		<title>Big tits secretary Shaved pussy Aletta ocean suck boss cock</title>
		<link>https://www.yamyhub.com/video/big-tits-secretary-shaved-pussy-aletta-ocean-suck-boss-cock/</link>
		
		<dc:creator><![CDATA[yamyhub]]></dc:creator>
		<pubDate>Thu, 05 Aug 2021 12:35:37 +0000</pubDate>
				<guid isPermaLink="false">https://www.yamyhub.com/?post_type=video&#038;p=4162</guid>

					<description><![CDATA[<p>Big tits secretary Shaved pussy Aletta ocean suck boss cock Porn stars Aletta ocean &#38; Raul costa porn videos. Big boobs secretary Want to sex with boss at office. Shaved pussy Aletta ocean Yamyhub. Hungarian MILF Aletta ocean takes her boss cock inside her pussy. Office sex with boss latest porn video. Best video for [&#8230;]</p>
<p>The post <a rel="nofollow" href="https://www.yamyhub.com/video/big-tits-secretary-shaved-pussy-aletta-ocean-suck-boss-cock/">Big tits secretary Shaved pussy Aletta ocean suck boss cock</a> appeared first on <a rel="nofollow" href="https://www.yamyhub.com">Yamyhub</a>.</p>
]]></description>
										<content:encoded><![CDATA[<h2>Big tits secretary Shaved pussy Aletta ocean suck boss cock</h2>
<p>Porn stars Aletta ocean &amp; Raul costa porn videos. Big boobs secretary Want to sex with boss at office. Shaved pussy Aletta ocean Yamyhub. Hungarian MILF Aletta ocean takes her boss cock inside her pussy. Office sex with boss latest porn video. Best video for Office Sex big tits shaved pussy Aletta ocean. Pornhub videos eporner sex video xxx.</p>
<p>The post <a rel="nofollow" href="https://www.yamyhub.com/video/big-tits-secretary-shaved-pussy-aletta-ocean-suck-boss-cock/">Big tits secretary Shaved pussy Aletta ocean suck boss cock</a> appeared first on <a rel="nofollow" href="https://www.yamyhub.com">Yamyhub</a>.</p>
]]></content:encoded>
					
		
		
			</item>
		<item>
		<title>Brazzers House 2 new porn show group sex pussy cum anal</title>
		<link>https://www.yamyhub.com/video/brazzers-house-2-new-porn-show-group-sex-pussy-cum-anal/</link>
		
		<dc:creator><![CDATA[yamyhub]]></dc:creator>
		<pubDate>Thu, 05 Aug 2021 05:35:11 +0000</pubDate>
				<guid isPermaLink="false">https://www.yamyhub.com/?post_type=video&#038;p=4155</guid>

					<description><![CDATA[<p>Brazzers House 2 new porn show group sex pussy cum anal Brazzers Top porn star porn video. Brazzers house 2 porn with group sex lesbian pussy lick. Anal threesome pussy fuck 69 postion yamyhub. Top pornstars: Abella Danger, Alexis Fawx, Nicole Aniston , Monica Alexander , Megan Rain , Phoenix Marie , Keisha Gray ,  [&#8230;]</p>
<p>The post <a rel="nofollow" href="https://www.yamyhub.com/video/brazzers-house-2-new-porn-show-group-sex-pussy-cum-anal/">Brazzers House 2 new porn show group sex pussy cum anal</a> appeared first on <a rel="nofollow" href="https://www.yamyhub.com">Yamyhub</a>.</p>
]]></description>
										<content:encoded><![CDATA[<h2>Brazzers House 2 new porn show group sex pussy cum anal</h2>
<p>Brazzers Top porn star porn video. Brazzers house 2 porn with group sex lesbian pussy lick. Anal threesome pussy fuck 69 postion yamyhub.</p>
<p>Top pornstars: Abella Danger, Alexis Fawx, Nicole Aniston , Monica Alexander , Megan Rain , Phoenix Marie , Keisha Gray ,  Skyla Novea , JMack , Luna Star , Sean Lawless, Kelsi Monroe  porn videos. pornhub eporner daftsex sex videos xxx.</p>
<p>The post <a rel="nofollow" href="https://www.yamyhub.com/video/brazzers-house-2-new-porn-show-group-sex-pussy-cum-anal/">Brazzers House 2 new porn show group sex pussy cum anal</a> appeared first on <a rel="nofollow" href="https://www.yamyhub.com">Yamyhub</a>.</p>
]]></content:encoded>
					
		
		
			</item>
		<item>
		<title>Hot mom teach daughter sex at home luna star ember snow</title>
		<link>https://www.yamyhub.com/video/hot-mom-teach-daughter-sex-at-home-luna-star-ember-snow/</link>
		
		<dc:creator><![CDATA[yamyhub]]></dc:creator>
		<pubDate>Wed, 04 Aug 2021 03:11:19 +0000</pubDate>
				<guid isPermaLink="false">https://www.yamyhub.com/?post_type=video&#038;p=4127</guid>

					<description><![CDATA[<p>Brazzers Porn star Ember snow &#38; Luna star Lesbian porn videos. Mom lick teen daughter pussy. Mom give daughter squirt lesbian yamyhub. Hot Mom lick her daughter pussy. Mom squirt on daughter and fuck her pussy. Daughter stop give her mom to squirt and lick organism. Brazzers lesbian organism porn videos. Eporner videos.</p>
<p>The post <a rel="nofollow" href="https://www.yamyhub.com/video/hot-mom-teach-daughter-sex-at-home-luna-star-ember-snow/">Hot mom teach daughter sex at home luna star ember snow</a> appeared first on <a rel="nofollow" href="https://www.yamyhub.com">Yamyhub</a>.</p>
]]></description>
										<content:encoded><![CDATA[<p>Brazzers Porn star Ember snow &amp; Luna star Lesbian porn videos. Mom lick teen daughter pussy. Mom give daughter squirt lesbian yamyhub. Hot Mom lick her daughter pussy. Mom squirt on daughter and fuck her pussy. Daughter stop give her mom to squirt and lick organism. Brazzers lesbian organism porn videos. Eporner videos.</p>
<p>The post <a rel="nofollow" href="https://www.yamyhub.com/video/hot-mom-teach-daughter-sex-at-home-luna-star-ember-snow/">Hot mom teach daughter sex at home luna star ember snow</a> appeared first on <a rel="nofollow" href="https://www.yamyhub.com">Yamyhub</a>.</p>
]]></content:encoded>
					
		
		
			</item>
		<item>
		<title>Bangbros Big orgy college party Compilation Julie cash</title>
		<link>https://www.yamyhub.com/video/bangbros-big-orgy-college-party-compilation-julie-cash/</link>
		
		<dc:creator><![CDATA[yamyhub]]></dc:creator>
		<pubDate>Mon, 02 Aug 2021 04:42:17 +0000</pubDate>
				<guid isPermaLink="false">https://www.yamyhub.com/?post_type=video&#038;p=4091</guid>

					<description><![CDATA[<p>Bangbros Big orgy college party Compilation Julie cash Bangbros Pornstars Kendra Lust, Kayla Carrera &#38; Julie cash porn video. Sharing cock and ass with all pornstar at college party Yamyhub. Fucking hot college chick pornstar at a college party. Bangbros college organism party compilation. Sex toys to fuck pussy at party. Late night party to [&#8230;]</p>
<p>The post <a rel="nofollow" href="https://www.yamyhub.com/video/bangbros-big-orgy-college-party-compilation-julie-cash/">Bangbros Big orgy college party Compilation Julie cash</a> appeared first on <a rel="nofollow" href="https://www.yamyhub.com">Yamyhub</a>.</p>
]]></description>
										<content:encoded><![CDATA[<h2>Bangbros Big orgy college party Compilation Julie cash</h2>
<p>Bangbros Pornstars Kendra Lust, Kayla Carrera &amp; Julie cash porn video. Sharing cock and ass with all pornstar at college party Yamyhub. Fucking hot college chick pornstar at a college party. Bangbros college organism party compilation. Sex toys to fuck pussy at party. Late night party to fuck all porn. sex videos Eporner XXX.</p>
<p>The post <a rel="nofollow" href="https://www.yamyhub.com/video/bangbros-big-orgy-college-party-compilation-julie-cash/">Bangbros Big orgy college party Compilation Julie cash</a> appeared first on <a rel="nofollow" href="https://www.yamyhub.com">Yamyhub</a>.</p>
]]></content:encoded>
					
		
		
			</item>
		<item>
		<title>Blacked Raw sexy Adria rae gets spit roasted by 3 BBCs</title>
		<link>https://www.yamyhub.com/video/blacked-raw-sexy-adria-rae-gets-spit-roasted-by-3-bbcs/</link>
		
		<dc:creator><![CDATA[yamyhub]]></dc:creator>
		<pubDate>Fri, 30 Jul 2021 05:58:04 +0000</pubDate>
				<guid isPermaLink="false">https://www.yamyhub.com/?post_type=video&#038;p=3967</guid>

					<description><![CDATA[<p>Blacked Raw sexy Adria rae gets spit roasted by 3 BBCs BLACKEDRAW Porn stars Rob Piper &#38; Adria Rae Porn video. Sexy young Adria Rae want double penetration from 3 BBCs. Black cock porn yamyhub. Adria rae wanted one black cock not excepted three black cock. Adria rae fuck double penetration from Black cock. Foursome [&#8230;]</p>
<p>The post <a rel="nofollow" href="https://www.yamyhub.com/video/blacked-raw-sexy-adria-rae-gets-spit-roasted-by-3-bbcs/">Blacked Raw sexy Adria rae gets spit roasted by 3 BBCs</a> appeared first on <a rel="nofollow" href="https://www.yamyhub.com">Yamyhub</a>.</p>
]]></description>
										<content:encoded><![CDATA[<h2>Blacked Raw sexy Adria rae gets spit roasted by 3 BBCs</h2>
<p>BLACKEDRAW Porn stars Rob Piper &amp; Adria Rae Porn video. Sexy young Adria Rae want double penetration from 3 BBCs. Black cock porn yamyhub. Adria rae wanted one black cock not excepted three black cock. Adria rae fuck double penetration from Black cock. Foursome porn videos. Group sex with three black cock and ass. Blacked Raw porn pornhub video eporner.</p>
<p>The post <a rel="nofollow" href="https://www.yamyhub.com/video/blacked-raw-sexy-adria-rae-gets-spit-roasted-by-3-bbcs/">Blacked Raw sexy Adria rae gets spit roasted by 3 BBCs</a> appeared first on <a rel="nofollow" href="https://www.yamyhub.com">Yamyhub</a>.</p>
]]></content:encoded>
					
		
		
			</item>
	</channel>
</rss>
