<?xml version="1.0" encoding="UTF-8"?><rss version="2.0"
	xmlns:content="http://purl.org/rss/1.0/modules/content/"
	xmlns:wfw="http://wellformedweb.org/CommentAPI/"
	xmlns:dc="http://purl.org/dc/elements/1.1/"
	xmlns:atom="http://www.w3.org/2005/Atom"
	xmlns:sy="http://purl.org/rss/1.0/modules/syndication/"
	xmlns:slash="http://purl.org/rss/1.0/modules/slash/"
	>

<channel>
	<title>Diamond foxxx &#8211; Yamyhub</title>
	<atom:link href="https://adult.yamyhub.com/categories/diamond-foxxx/feed/" rel="self" type="application/rss+xml" />
	<link>https://adult.yamyhub.com</link>
	<description>Watch latest free HD Full length Porn video. Big ass, Big cock, MILF, Lesbian, Step sister and Step mother Porn videos. Yamyhub porn videos.</description>
	<lastBuildDate>Wed, 23 Jun 2021 06:25:19 +0000</lastBuildDate>
	<language>en-US</language>
	<sy:updatePeriod>
	hourly	</sy:updatePeriod>
	<sy:updateFrequency>
	1	</sy:updateFrequency>
	<generator>https://wordpress.org/?v=5.7.2</generator>

<image>
	<url>https://adult.yamyhub.com/wp-content/uploads/2021/06/favicon.png</url>
	<title>Diamond foxxx &#8211; Yamyhub</title>
	<link>https://adult.yamyhub.com</link>
	<width>32</width>
	<height>32</height>
</image> 
	<item>
		<title>Stepmom Diamond foxxx take cock jordi during Yoga brazzers</title>
		<link>https://adult.yamyhub.com/video/stepmom-diamond-foxxx-take-cock-jordi-during-yoga-brazzers/</link>
		
		<dc:creator><![CDATA[yamyhub]]></dc:creator>
		<pubDate>Wed, 23 Jun 2021 06:24:24 +0000</pubDate>
				<guid isPermaLink="false">https://adult.yamyhub.com/?post_type=video&#038;p=3454</guid>

					<description><![CDATA[<p>Stepmom Diamond foxxx take cock jordi during Yoga brazzers Brazzers stepmom porn video stepmom fuck during exercise diamond foxxx porn videos stepmom porn video yoga paint porn videos Jordi El Nino Polla porn video Jordi El Nino Polla fuck stepmom.</p>
<p>The post <a rel="nofollow" href="https://adult.yamyhub.com/video/stepmom-diamond-foxxx-take-cock-jordi-during-yoga-brazzers/">Stepmom Diamond foxxx take cock jordi during Yoga brazzers</a> appeared first on <a rel="nofollow" href="https://adult.yamyhub.com">Yamyhub</a>.</p>
]]></description>
										<content:encoded><![CDATA[<h2>Stepmom Diamond foxxx take cock jordi during Yoga brazzers</h2>
<p>Brazzers stepmom porn video stepmom fuck during exercise diamond foxxx porn videos stepmom porn video yoga paint porn videos Jordi El Nino Polla porn video Jordi El Nino Polla fuck stepmom.</p>
<p>The post <a rel="nofollow" href="https://adult.yamyhub.com/video/stepmom-diamond-foxxx-take-cock-jordi-during-yoga-brazzers/">Stepmom Diamond foxxx take cock jordi during Yoga brazzers</a> appeared first on <a rel="nofollow" href="https://adult.yamyhub.com">Yamyhub</a>.</p>
]]></content:encoded>
					
		
		
			</item>
	</channel>
</rss>
