<?xml version="1.0" encoding="UTF-8"?><rss version="2.0"
	xmlns:content="http://purl.org/rss/1.0/modules/content/"
	xmlns:wfw="http://wellformedweb.org/CommentAPI/"
	xmlns:dc="http://purl.org/dc/elements/1.1/"
	xmlns:atom="http://www.w3.org/2005/Atom"
	xmlns:sy="http://purl.org/rss/1.0/modules/syndication/"
	xmlns:slash="http://purl.org/rss/1.0/modules/slash/"
	>

<channel>
	<title>Jordi El Nino Polla &#8211; Yamyhub</title>
	<atom:link href="https://www.yamyhub.com/categories/jordi-el-nino-polla/feed/" rel="self" type="application/rss+xml" />
	<link>https://www.yamyhub.com</link>
	<description>Watch latest free HD Full length Porn video. Big ass, Big cock, MILF, Lesbian, Step sister and Step mother Porn videos. Yamyhub porn videos.</description>
	<lastBuildDate>Tue, 10 Aug 2021 16:44:26 +0000</lastBuildDate>
	<language>en-US</language>
	<sy:updatePeriod>
	hourly	</sy:updatePeriod>
	<sy:updateFrequency>
	1	</sy:updateFrequency>
	<generator>https://wordpress.org/?v=5.8</generator>

<image>
	<url>https://www.yamyhub.com/wp-content/uploads/2021/07/cropped-favicon-32x32.png</url>
	<title>Jordi El Nino Polla &#8211; Yamyhub</title>
	<link>https://www.yamyhub.com</link>
	<width>32</width>
	<height>32</height>
</image> 
	<item>
		<title>Slutty MILF Spanish coach Rebecca Moore take client cock</title>
		<link>https://www.yamyhub.com/video/sluty-milf-spanish-coach-rebecca-moore-take-client-cock/</link>
		
		<dc:creator><![CDATA[yamyhub]]></dc:creator>
		<pubDate>Fri, 30 Jul 2021 03:30:47 +0000</pubDate>
				<guid isPermaLink="false">https://www.yamyhub.com/?post_type=video&#038;p=3959</guid>

					<description><![CDATA[<p>Slutty MILF Spanish coach Rebecca Moore take client cock Brazzers Porn star Jordi El Niño Polla &#38; Rebecca Moore Porn video. Slutty Spanish coach take her client cock. MILF Gym porn videos yamyhub. Old MILF want her young client cock. MILF try to fuck her pussy from big cock of her client. Client fuck her [&#8230;]</p>
<p>The post <a rel="nofollow" href="https://www.yamyhub.com/video/sluty-milf-spanish-coach-rebecca-moore-take-client-cock/">Slutty MILF Spanish coach Rebecca Moore take client cock</a> appeared first on <a rel="nofollow" href="https://www.yamyhub.com">Yamyhub</a>.</p>
]]></description>
										<content:encoded><![CDATA[<h2>Slutty MILF Spanish coach Rebecca Moore take client cock</h2>
<p>Brazzers Porn star Jordi El Niño Polla &amp; Rebecca Moore Porn video. Slutty Spanish coach take her client cock. MILF Gym porn videos yamyhub. Old MILF want her young client cock. MILF try to fuck her pussy from big cock of her client. Client fuck her Gym coach for training . Gym porn videos. Brazzers present client and coach porn video. Xvideos porn pornhub porn.</p>
<p>The post <a rel="nofollow" href="https://www.yamyhub.com/video/sluty-milf-spanish-coach-rebecca-moore-take-client-cock/">Slutty MILF Spanish coach Rebecca Moore take client cock</a> appeared first on <a rel="nofollow" href="https://www.yamyhub.com">Yamyhub</a>.</p>
]]></content:encoded>
					
		
		
			</item>
		<item>
		<title>Stepmom horny Abella danger fuck ass from son anal</title>
		<link>https://www.yamyhub.com/video/stepmom-horny-abella-danger-fuck-ass-from-son-anal/</link>
		
		<dc:creator><![CDATA[yamyhub]]></dc:creator>
		<pubDate>Wed, 21 Jul 2021 06:14:17 +0000</pubDate>
				<guid isPermaLink="false">https://www.yamyhub.com/?post_type=video&#038;p=3783</guid>

					<description><![CDATA[<p>Stepmom horny Abella danger fuck ass from son anal Brazzers Jordi El Nino Polla &#38; Abella danger porn video. Stepmom horny Abella danger fuck ass hole from son brazzers anal porn video yamyhub. Jordi El Nino Polla porn video. Jordi El Nino Polla sex movies Xxx porn. Abella danger fuck anal. Abella danger fuck in [&#8230;]</p>
<p>The post <a rel="nofollow" href="https://www.yamyhub.com/video/stepmom-horny-abella-danger-fuck-ass-from-son-anal/">Stepmom horny Abella danger fuck ass from son anal</a> appeared first on <a rel="nofollow" href="https://www.yamyhub.com">Yamyhub</a>.</p>
]]></description>
										<content:encoded><![CDATA[<h2>Stepmom horny Abella danger fuck ass from son anal</h2>
<p>Brazzers Jordi El Nino Polla &amp; Abella danger porn video. Stepmom horny Abella danger fuck ass hole from son brazzers anal porn video yamyhub. Jordi El Nino Polla porn video. Jordi El Nino Polla sex movies Xxx porn. Abella danger fuck anal. Abella danger fuck in ass hole. Sex movies xxx. spankbang porn video xvideos.</p>
<p>The post <a rel="nofollow" href="https://www.yamyhub.com/video/stepmom-horny-abella-danger-fuck-ass-from-son-anal/">Stepmom horny Abella danger fuck ass from son anal</a> appeared first on <a rel="nofollow" href="https://www.yamyhub.com">Yamyhub</a>.</p>
]]></content:encoded>
					
		
		
			</item>
		<item>
		<title>Brunettes teen luna rival Fucked by Jordi El Nino Polla mofos</title>
		<link>https://www.yamyhub.com/video/brunettes-teen-luna-rival-fucked-by-jordi-el-nino-polla-mofos/</link>
		
		<dc:creator><![CDATA[yamyhub]]></dc:creator>
		<pubDate>Wed, 23 Jun 2021 13:51:47 +0000</pubDate>
				<guid isPermaLink="false">https://www.yamyhub.com/?post_type=video&#038;p=3460</guid>

					<description><![CDATA[<p>Brunettes teen luna rival Fucked by Jordi El Nino Polla mofos Brunette teen luna rival fucked jordi el nino polla luna riva fucked luna rival porn videos jordi el nino polla porn video jordi el nino polla fuck teen luna rivalporn video mofos porn videos.</p>
<p>The post <a rel="nofollow" href="https://www.yamyhub.com/video/brunettes-teen-luna-rival-fucked-by-jordi-el-nino-polla-mofos/">Brunettes teen luna rival Fucked by Jordi El Nino Polla mofos</a> appeared first on <a rel="nofollow" href="https://www.yamyhub.com">Yamyhub</a>.</p>
]]></description>
										<content:encoded><![CDATA[<h2>Brunettes teen luna rival Fucked by Jordi El Nino Polla mofos</h2>
<p>Brunette teen luna rival fucked jordi el nino polla luna riva fucked luna rival porn videos jordi el nino polla porn video jordi el nino polla fuck teen luna rivalporn video mofos porn videos.</p>
<p>The post <a rel="nofollow" href="https://www.yamyhub.com/video/brunettes-teen-luna-rival-fucked-by-jordi-el-nino-polla-mofos/">Brunettes teen luna rival Fucked by Jordi El Nino Polla mofos</a> appeared first on <a rel="nofollow" href="https://www.yamyhub.com">Yamyhub</a>.</p>
]]></content:encoded>
					
		
		
			</item>
		<item>
		<title>black women Stepmom Layton benton take cocks brazzers</title>
		<link>https://www.yamyhub.com/video/black-women-stepmom-layton-benton-take-cocks-brazzers/</link>
		
		<dc:creator><![CDATA[yamyhub]]></dc:creator>
		<pubDate>Wed, 23 Jun 2021 13:33:51 +0000</pubDate>
				<guid isPermaLink="false">https://www.yamyhub.com/?post_type=video&#038;p=3459</guid>

					<description><![CDATA[<p>big ass black women Stepmom Layton benton take son cocks brazzers jordi El Nino Polla yamyhub threesome threesome porn video jordi El Nino Polla threesome porn two male one female porn jordi El Nino Polla porn video Layton benton porn video Layton benton threesome cock Layton benton porn video</p>
<p>The post <a rel="nofollow" href="https://www.yamyhub.com/video/black-women-stepmom-layton-benton-take-cocks-brazzers/">black women Stepmom Layton benton take cocks brazzers</a> appeared first on <a rel="nofollow" href="https://www.yamyhub.com">Yamyhub</a>.</p>
]]></description>
										<content:encoded><![CDATA[<h2>big ass black women Stepmom Layton benton take son cocks brazzers jordi El Nino Polla yamyhub threesome</h2>
<p>threesome porn video jordi El Nino Polla threesome porn two male one female porn jordi El Nino Polla porn video Layton benton porn video Layton benton threesome cock Layton benton porn video</p>
<p>The post <a rel="nofollow" href="https://www.yamyhub.com/video/black-women-stepmom-layton-benton-take-cocks-brazzers/">black women Stepmom Layton benton take cocks brazzers</a> appeared first on <a rel="nofollow" href="https://www.yamyhub.com">Yamyhub</a>.</p>
]]></content:encoded>
					
		
		
			</item>
		<item>
		<title>Jordi fuck two busty teens Julia &#038;  Veronica Leal Fakehub</title>
		<link>https://www.yamyhub.com/video/jordi-fuck-two-busty-teens-julia-veronica-leal-fakehub/</link>
		
		<dc:creator><![CDATA[yamyhub]]></dc:creator>
		<pubDate>Wed, 23 Jun 2021 11:28:05 +0000</pubDate>
				<guid isPermaLink="false">https://www.yamyhub.com/?post_type=video&#038;p=3456</guid>

					<description><![CDATA[<p>Jordi fuck two busty teens Julia &#38; Veronica Leal Fakehub Jordi El Nino Polla Fuck two small tits busty teen Julia De Lucia and Veronica Leal . threesome porn video Julia De Lucia porn video Jordi El Nino Polla threesome porn videos Jordi El Nino Polla porn video Julia De Lucia porn threesome fakehub porn [&#8230;]</p>
<p>The post <a rel="nofollow" href="https://www.yamyhub.com/video/jordi-fuck-two-busty-teens-julia-veronica-leal-fakehub/">Jordi fuck two busty teens Julia &#038;  Veronica Leal Fakehub</a> appeared first on <a rel="nofollow" href="https://www.yamyhub.com">Yamyhub</a>.</p>
]]></description>
										<content:encoded><![CDATA[<h2>Jordi fuck two busty teens Julia &amp; Veronica Leal Fakehub</h2>
<p>Jordi El Nino Polla Fuck two small tits busty teen Julia De Lucia and Veronica Leal . threesome porn video Julia De Lucia porn video Jordi El Nino Polla threesome porn videos Jordi El Nino Polla porn video Julia De Lucia porn threesome fakehub porn videos fakehub threesome</p>
<p>The post <a rel="nofollow" href="https://www.yamyhub.com/video/jordi-fuck-two-busty-teens-julia-veronica-leal-fakehub/">Jordi fuck two busty teens Julia &#038;  Veronica Leal Fakehub</a> appeared first on <a rel="nofollow" href="https://www.yamyhub.com">Yamyhub</a>.</p>
]]></content:encoded>
					
		
		
			</item>
		<item>
		<title>Stepmom Diamond foxxx take cock jordi during Yoga brazzers</title>
		<link>https://www.yamyhub.com/video/stepmom-diamond-foxxx-take-cock-jordi-during-yoga-brazzers/</link>
		
		<dc:creator><![CDATA[yamyhub]]></dc:creator>
		<pubDate>Wed, 23 Jun 2021 06:24:24 +0000</pubDate>
				<guid isPermaLink="false">https://www.yamyhub.com/?post_type=video&#038;p=3454</guid>

					<description><![CDATA[<p>Stepmom Diamond foxxx take cock jordi during Yoga brazzers Brazzers stepmom porn video stepmom fuck during exercise diamond foxxx porn videos stepmom porn video yoga paint porn videos Jordi El Nino Polla porn video Jordi El Nino Polla fuck stepmom.</p>
<p>The post <a rel="nofollow" href="https://www.yamyhub.com/video/stepmom-diamond-foxxx-take-cock-jordi-during-yoga-brazzers/">Stepmom Diamond foxxx take cock jordi during Yoga brazzers</a> appeared first on <a rel="nofollow" href="https://www.yamyhub.com">Yamyhub</a>.</p>
]]></description>
										<content:encoded><![CDATA[<h2>Stepmom Diamond foxxx take cock jordi during Yoga brazzers</h2>
<p>Brazzers stepmom porn video stepmom fuck during exercise diamond foxxx porn videos stepmom porn video yoga paint porn videos Jordi El Nino Polla porn video Jordi El Nino Polla fuck stepmom.</p>
<p>The post <a rel="nofollow" href="https://www.yamyhub.com/video/stepmom-diamond-foxxx-take-cock-jordi-during-yoga-brazzers/">Stepmom Diamond foxxx take cock jordi during Yoga brazzers</a> appeared first on <a rel="nofollow" href="https://www.yamyhub.com">Yamyhub</a>.</p>
]]></content:encoded>
					
		
		
			</item>
		<item>
		<title>Nicolette shea &#038; Savannah Bond fucked by jordi threesome</title>
		<link>https://www.yamyhub.com/video/nicolette-shea-savannah-bond-fucked-by-jordi-threesome/</link>
		
		<dc:creator><![CDATA[yamyhub]]></dc:creator>
		<pubDate>Wed, 23 Jun 2021 06:08:06 +0000</pubDate>
				<guid isPermaLink="false">https://www.yamyhub.com/?post_type=video&#038;p=3452</guid>

					<description><![CDATA[<p>Nicolette shea &#38; Savannah Bond fucked by jordi threesome Savannah Bond and nicolette shea fuck hardcore by  Jordi El Nino Polla.  Jordi El Nino Polla porn videos  Jordi El Nino Polla threesome fuck pussy Savannah Bond porn videos Savannah Bond threesome Savannah Bond anal Nicolette Shea porn videos Nicolette Shea anal Nicolette Shea threesome brazzers [&#8230;]</p>
<p>The post <a rel="nofollow" href="https://www.yamyhub.com/video/nicolette-shea-savannah-bond-fucked-by-jordi-threesome/">Nicolette shea &#038; Savannah Bond fucked by jordi threesome</a> appeared first on <a rel="nofollow" href="https://www.yamyhub.com">Yamyhub</a>.</p>
]]></description>
										<content:encoded><![CDATA[<h2>Nicolette shea &amp; Savannah Bond fucked by jordi threesome</h2>
<p>Savannah Bond and nicolette shea fuck hardcore by  Jordi El Nino Polla.  Jordi El Nino Polla porn videos  Jordi El Nino Polla threesome fuck pussy Savannah Bond porn videos Savannah Bond threesome Savannah Bond anal Nicolette Shea porn videos Nicolette Shea anal Nicolette Shea threesome brazzers porn videos Brazzers big ass busty moms</p>
<p>The post <a rel="nofollow" href="https://www.yamyhub.com/video/nicolette-shea-savannah-bond-fucked-by-jordi-threesome/">Nicolette shea &#038; Savannah Bond fucked by jordi threesome</a> appeared first on <a rel="nofollow" href="https://www.yamyhub.com">Yamyhub</a>.</p>
]]></content:encoded>
					
		
		
			</item>
		<item>
		<title>Big ass Nicolette shea ass fuck &#038; squirt jordi</title>
		<link>https://www.yamyhub.com/video/big-ass-nicolette-shea-ass-fuck-squirt-jordi/</link>
		
		<dc:creator><![CDATA[yamyhub]]></dc:creator>
		<pubDate>Wed, 23 Jun 2021 05:41:58 +0000</pubDate>
				<guid isPermaLink="false">https://www.yamyhub.com/?post_type=video&#038;p=3449</guid>

					<description><![CDATA[<p>Big ass Nicolette shea ass fuck &#38; squirt jordi brazzers latest new full hd porn videos brazzers porn videos nicolette shea porn videos female domination nicolette shea ass fuck anal porn Jordi El Nino Polla porn video Jordi El Nino Polla fuck nicolette shea anal porn.</p>
<p>The post <a rel="nofollow" href="https://www.yamyhub.com/video/big-ass-nicolette-shea-ass-fuck-squirt-jordi/">Big ass Nicolette shea ass fuck &#038; squirt jordi</a> appeared first on <a rel="nofollow" href="https://www.yamyhub.com">Yamyhub</a>.</p>
]]></description>
										<content:encoded><![CDATA[<h2>Big ass Nicolette shea ass fuck &amp; squirt jordi</h2>
<p>brazzers latest new full hd porn videos brazzers porn videos nicolette shea porn videos female domination nicolette shea ass fuck anal porn Jordi El Nino Polla porn video Jordi El Nino Polla fuck nicolette shea anal porn.</p>
<p>The post <a rel="nofollow" href="https://www.yamyhub.com/video/big-ass-nicolette-shea-ass-fuck-squirt-jordi/">Big ass Nicolette shea ass fuck &#038; squirt jordi</a> appeared first on <a rel="nofollow" href="https://www.yamyhub.com">Yamyhub</a>.</p>
]]></content:encoded>
					
		
		
			</item>
	</channel>
</rss>
