<?xml version="1.0" encoding="UTF-8"?><rss version="2.0"
	xmlns:content="http://purl.org/rss/1.0/modules/content/"
	xmlns:wfw="http://wellformedweb.org/CommentAPI/"
	xmlns:dc="http://purl.org/dc/elements/1.1/"
	xmlns:atom="http://www.w3.org/2005/Atom"
	xmlns:sy="http://purl.org/rss/1.0/modules/syndication/"
	xmlns:slash="http://purl.org/rss/1.0/modules/slash/"
	>

<channel>
	<title>Asa Akira &#8211; Yamyhub</title>
	<atom:link href="https://www.yamyhub.com/categories/asa-akira/feed/" rel="self" type="application/rss+xml" />
	<link>https://www.yamyhub.com</link>
	<description>Watch latest free HD Full length Porn video. Big ass, Big cock, MILF, Lesbian, Step sister and Step mother Porn videos. Yamyhub porn videos.</description>
	<lastBuildDate>Fri, 13 Aug 2021 04:18:01 +0000</lastBuildDate>
	<language>en-US</language>
	<sy:updatePeriod>
	hourly	</sy:updatePeriod>
	<sy:updateFrequency>
	1	</sy:updateFrequency>
	<generator>https://wordpress.org/?v=5.8</generator>

<image>
	<url>https://www.yamyhub.com/wp-content/uploads/2021/07/cropped-favicon-32x32.png</url>
	<title>Asa Akira &#8211; Yamyhub</title>
	<link>https://www.yamyhub.com</link>
	<width>32</width>
	<height>32</height>
</image> 
	<item>
		<title>Ass girl ready for fuck Asa Akira Jynx Maze fuck threesome</title>
		<link>https://www.yamyhub.com/video/ass-girl-ready-for-fuck-asa-akira-jynx-maze-fuck-threesome/</link>
		
		<dc:creator><![CDATA[yamyhub]]></dc:creator>
		<pubDate>Tue, 13 Jul 2021 13:04:56 +0000</pubDate>
				<guid isPermaLink="false">https://www.yamyhub.com/?post_type=video&#038;p=3635</guid>

					<description><![CDATA[<p>Ass girl ready for fuck Asa Akira Jynx Maze fuck threesome Banging beauties Threesome porn videos Ass girl ready for fuck Asa Akira Jynx Maze fuck threesome from Mike Adriano FFM threesome yamyhub banging beauties porn latest banging beauties porn Asa Akira porn video Asa Akira threesome porn Jynx Maze porn video Jynx Maze threesome [&#8230;]</p>
<p>The post <a rel="nofollow" href="https://www.yamyhub.com/video/ass-girl-ready-for-fuck-asa-akira-jynx-maze-fuck-threesome/">Ass girl ready for fuck Asa Akira Jynx Maze fuck threesome</a> appeared first on <a rel="nofollow" href="https://www.yamyhub.com">Yamyhub</a>.</p>
]]></description>
										<content:encoded><![CDATA[<h2>Ass girl ready for fuck Asa Akira Jynx Maze fuck threesome</h2>
<p>Banging beauties Threesome porn videos Ass girl ready for fuck Asa Akira Jynx Maze fuck threesome from Mike Adriano FFM threesome yamyhub banging beauties porn latest banging beauties porn Asa Akira porn video Asa Akira threesome porn Jynx Maze porn video Jynx Maze threesome FFM threesome porn video Mike Adriano porn Mike Adriano threesome</p>
<p>The post <a rel="nofollow" href="https://www.yamyhub.com/video/ass-girl-ready-for-fuck-asa-akira-jynx-maze-fuck-threesome/">Ass girl ready for fuck Asa Akira Jynx Maze fuck threesome</a> appeared first on <a rel="nofollow" href="https://www.yamyhub.com">Yamyhub</a>.</p>
]]></content:encoded>
					
		
		
			</item>
	</channel>
</rss>
