<?xml version="1.0" encoding="UTF-8"?><rss version="2.0"
	xmlns:content="http://purl.org/rss/1.0/modules/content/"
	xmlns:wfw="http://wellformedweb.org/CommentAPI/"
	xmlns:dc="http://purl.org/dc/elements/1.1/"
	xmlns:atom="http://www.w3.org/2005/Atom"
	xmlns:sy="http://purl.org/rss/1.0/modules/syndication/"
	xmlns:slash="http://purl.org/rss/1.0/modules/slash/"
	>

<channel>
	<title>Kristof Cale &#8211; Yamyhub</title>
	<atom:link href="https://www.yamyhub.com/categories/kristof-cale/feed/" rel="self" type="application/rss+xml" />
	<link>https://www.yamyhub.com</link>
	<description>Watch latest free HD Full length Porn video. Big ass, Big cock, MILF, Lesbian, Step sister and Step mother Porn videos. Yamyhub porn videos.</description>
	<lastBuildDate>Sun, 18 Jul 2021 05:30:13 +0000</lastBuildDate>
	<language>en-US</language>
	<sy:updatePeriod>
	hourly	</sy:updatePeriod>
	<sy:updateFrequency>
	1	</sy:updateFrequency>
	<generator>https://wordpress.org/?v=5.7.2</generator>

<image>
	<url>https://www.yamyhub.com/wp-content/uploads/2021/06/favicon.png</url>
	<title>Kristof Cale &#8211; Yamyhub</title>
	<link>https://www.yamyhub.com</link>
	<width>32</width>
	<height>32</height>
</image> 
	<item>
		<title>One dick for two sluts Asses &#038; mouth Kristof Cale Lilu Moon</title>
		<link>https://www.yamyhub.com/video/one-dick-for-two-sluts-asses-mouth-kristof-cale-lilu-moon/</link>
		
		<dc:creator><![CDATA[yamyhub]]></dc:creator>
		<pubDate>Tue, 13 Jul 2021 13:19:49 +0000</pubDate>
				<guid isPermaLink="false">https://www.yamyhub.com/?post_type=video&#038;p=3638</guid>

					<description><![CDATA[<p>One dick for two sluts Asses &#38; mouth Kristof Cale Lilu Moon 21sextury Threesome porn video One big dick for two big ass sluts in asses and mouth FFM threesome porn Kristof Cale and Lilu Moon yamyhub threesome latest porn video Female female male porn two female one male anal porn video threesome FFM porn [&#8230;]</p>
<p>The post <a rel="nofollow" href="https://www.yamyhub.com/video/one-dick-for-two-sluts-asses-mouth-kristof-cale-lilu-moon/">One dick for two sluts Asses &#038; mouth Kristof Cale Lilu Moon</a> appeared first on <a rel="nofollow" href="https://www.yamyhub.com">Yamyhub</a>.</p>
]]></description>
										<content:encoded><![CDATA[<h2>One dick for two sluts Asses &amp; mouth Kristof Cale Lilu Moon</h2>
<p>21sextury Threesome porn video One big dick for two big ass sluts in asses and mouth FFM threesome porn Kristof Cale and Lilu Moon yamyhub threesome latest porn video Female female male porn two female one male anal porn video threesome FFM porn Kristof Cale porn Kristof Cale threesome porn Lilu Moon porn video Lilu Moon threesome porn</p>
<p>The post <a rel="nofollow" href="https://www.yamyhub.com/video/one-dick-for-two-sluts-asses-mouth-kristof-cale-lilu-moon/">One dick for two sluts Asses &#038; mouth Kristof Cale Lilu Moon</a> appeared first on <a rel="nofollow" href="https://www.yamyhub.com">Yamyhub</a>.</p>
]]></content:encoded>
					
		
		
			</item>
	</channel>
</rss>
