<?xml version="1.0" encoding="UTF-8"?><rss version="2.0"
	xmlns:content="http://purl.org/rss/1.0/modules/content/"
	xmlns:wfw="http://wellformedweb.org/CommentAPI/"
	xmlns:dc="http://purl.org/dc/elements/1.1/"
	xmlns:atom="http://www.w3.org/2005/Atom"
	xmlns:sy="http://purl.org/rss/1.0/modules/syndication/"
	xmlns:slash="http://purl.org/rss/1.0/modules/slash/"
	>

<channel>
	<title>Rachel Rose &#8211; Yamyhub</title>
	<atom:link href="https://www.yamyhub.com/categories/rachel-rose/feed/" rel="self" type="application/rss+xml" />
	<link>https://www.yamyhub.com</link>
	<description>Watch latest free HD Full length Porn video. Big ass, Big cock, MILF, Lesbian, Step sister and Step mother Porn videos. Yamyhub porn videos.</description>
	<lastBuildDate>Tue, 22 Jun 2021 04:26:47 +0000</lastBuildDate>
	<language>en-US</language>
	<sy:updatePeriod>
	hourly	</sy:updatePeriod>
	<sy:updateFrequency>
	1	</sy:updateFrequency>
	<generator>https://wordpress.org/?v=5.7.2</generator>

<image>
	<url>https://www.yamyhub.com/wp-content/uploads/2021/06/favicon.png</url>
	<title>Rachel Rose &#8211; Yamyhub</title>
	<link>https://www.yamyhub.com</link>
	<width>32</width>
	<height>32</height>
</image> 
	<item>
		<title>Rachel Rose, Tiffany Valentine &#038; mia khalifa suck cock during game</title>
		<link>https://www.yamyhub.com/video/rachel-rose-tiffany-valentine-mia-khalifa-suck-cock-during-game/</link>
		
		<dc:creator><![CDATA[yamyhub]]></dc:creator>
		<pubDate>Tue, 22 Jun 2021 03:17:41 +0000</pubDate>
				<guid isPermaLink="false">https://www.yamyhub.com/?post_type=video&#038;p=3427</guid>

					<description><![CDATA[<p>Rachel RRachel Rose, Tiffany Valentine &#38; mia khalifa suck cock during gameose, Tiffany Valentine &#38; mia khalifa suck cock during game Foursome porn videos, latest porn videos of mia khalifa Rachel Rose, Tiffany Valentine &#38; mia khalifa suck and take cock in pussy during game bi ass big boobs big butt big cock big tits [&#8230;]</p>
<p>The post <a rel="nofollow" href="https://www.yamyhub.com/video/rachel-rose-tiffany-valentine-mia-khalifa-suck-cock-during-game/">Rachel Rose, Tiffany Valentine &#038; mia khalifa suck cock during game</a> appeared first on <a rel="nofollow" href="https://www.yamyhub.com">Yamyhub</a>.</p>
]]></description>
										<content:encoded><![CDATA[<h2>Rachel RRachel Rose, Tiffany Valentine &amp; mia khalifa suck cock during gameose, Tiffany Valentine &amp; mia khalifa suck cock during game</h2>
<p>Foursome porn videos, latest porn videos of mia khalifa Rachel Rose, Tiffany Valentine &amp; mia khalifa suck and take cock in pussy during game bi ass big boobs big butt big cock big tits Rachel Rose porn videos Tiffany Valentine porn video mia khalifa khalifa porn video.</p>
<p>The post <a rel="nofollow" href="https://www.yamyhub.com/video/rachel-rose-tiffany-valentine-mia-khalifa-suck-cock-during-game/">Rachel Rose, Tiffany Valentine &#038; mia khalifa suck cock during game</a> appeared first on <a rel="nofollow" href="https://www.yamyhub.com">Yamyhub</a>.</p>
]]></content:encoded>
					
		
		
			</item>
	</channel>
</rss>
