<?xml version="1.0" encoding="UTF-8"?><rss version="2.0"
	xmlns:content="http://purl.org/rss/1.0/modules/content/"
	xmlns:wfw="http://wellformedweb.org/CommentAPI/"
	xmlns:dc="http://purl.org/dc/elements/1.1/"
	xmlns:atom="http://www.w3.org/2005/Atom"
	xmlns:sy="http://purl.org/rss/1.0/modules/syndication/"
	xmlns:slash="http://purl.org/rss/1.0/modules/slash/"
	>

<channel>
	<title>sara bell &#8211; Yamyhub</title>
	<atom:link href="https://adult.yamyhub.com/categories/sara-bell/feed/" rel="self" type="application/rss+xml" />
	<link>https://adult.yamyhub.com</link>
	<description>Watch latest free HD Full length Porn video. Big ass, Big cock, MILF, Lesbian, Step sister and Step mother Porn videos. Yamyhub porn videos.</description>
	<lastBuildDate>Wed, 16 Jun 2021 04:40:49 +0000</lastBuildDate>
	<language>en-US</language>
	<sy:updatePeriod>
	hourly	</sy:updatePeriod>
	<sy:updateFrequency>
	1	</sy:updateFrequency>
	<generator>https://wordpress.org/?v=5.7.2</generator>

<image>
	<url>https://adult.yamyhub.com/wp-content/uploads/2021/06/favicon.png</url>
	<title>sara bell &#8211; Yamyhub</title>
	<link>https://adult.yamyhub.com</link>
	<width>32</width>
	<height>32</height>
</image> 
	<item>
		<title>Sara bell gangbang with double anal double penetration gonzo</title>
		<link>https://adult.yamyhub.com/video/sara-bell-gangbang-with-double-anal-double-penetration-gonzo/</link>
		
		<dc:creator><![CDATA[yamyhub]]></dc:creator>
		<pubDate>Fri, 28 May 2021 11:16:45 +0000</pubDate>
				<guid isPermaLink="false">http://localhost/github/?post_type=video&#038;p=3013</guid>

					<description><![CDATA[<p>Sara bell gangbang with double anal double penetration gonzo Gonzo porn video, sara bell fucked hardcore by black cocks, double anal porn videos, double penetration porn videos, ass gape porn video, ass hole porn video. Legalporno blowjob analvids sara bell hardcore with dp gangbang dap gonzo and triple penetration anal.</p>
<p>The post <a rel="nofollow" href="https://adult.yamyhub.com/video/sara-bell-gangbang-with-double-anal-double-penetration-gonzo/">Sara bell gangbang with double anal double penetration gonzo</a> appeared first on <a rel="nofollow" href="https://adult.yamyhub.com">Yamyhub</a>.</p>
]]></description>
										<content:encoded><![CDATA[<p>Sara bell gangbang with double anal double penetration gonzo</p>
<p>Gonzo porn video, sara bell fucked hardcore by black cocks, double anal porn videos, double penetration porn videos, ass gape porn video, ass hole porn video.</p>
<p>Legalporno blowjob analvids sara bell hardcore with dp gangbang dap gonzo and triple penetration anal.</p>
<p>The post <a rel="nofollow" href="https://adult.yamyhub.com/video/sara-bell-gangbang-with-double-anal-double-penetration-gonzo/">Sara bell gangbang with double anal double penetration gonzo</a> appeared first on <a rel="nofollow" href="https://adult.yamyhub.com">Yamyhub</a>.</p>
]]></content:encoded>
					
		
		
			</item>
	</channel>
</rss>
