<?xml version="1.0" encoding="UTF-8"?><rss version="2.0"
	xmlns:content="http://purl.org/rss/1.0/modules/content/"
	xmlns:wfw="http://wellformedweb.org/CommentAPI/"
	xmlns:dc="http://purl.org/dc/elements/1.1/"
	xmlns:atom="http://www.w3.org/2005/Atom"
	xmlns:sy="http://purl.org/rss/1.0/modules/syndication/"
	xmlns:slash="http://purl.org/rss/1.0/modules/slash/"
	>

<channel>
	<title>Mike adriano &#8211; Yamyhub</title>
	<atom:link href="https://www.yamyhub.com/categories/mike-adriano/feed/" rel="self" type="application/rss+xml" />
	<link>https://www.yamyhub.com</link>
	<description>Watch latest free HD Full length Porn video. Big ass, Big cock, MILF, Lesbian, Step sister and Step mother Porn videos. Yamyhub porn videos.</description>
	<lastBuildDate>Sat, 17 Jul 2021 08:44:28 +0000</lastBuildDate>
	<language>en-US</language>
	<sy:updatePeriod>
	hourly	</sy:updatePeriod>
	<sy:updateFrequency>
	1	</sy:updateFrequency>
	<generator>https://wordpress.org/?v=5.7.2</generator>

<image>
	<url>https://www.yamyhub.com/wp-content/uploads/2021/06/favicon.png</url>
	<title>Mike adriano &#8211; Yamyhub</title>
	<link>https://www.yamyhub.com</link>
	<width>32</width>
	<height>32</height>
</image> 
	<item>
		<title>Anal porn Kyler Quinn ass fuck Mike Adriano</title>
		<link>https://www.yamyhub.com/video/anal-porn-kyler-quinn-ass-fuck-mike-adriano/</link>
		
		<dc:creator><![CDATA[yamyhub]]></dc:creator>
		<pubDate>Mon, 12 Jul 2021 01:21:04 +0000</pubDate>
				<guid isPermaLink="false">https://www.yamyhub.com/?post_type=video&#038;p=3594</guid>

					<description><![CDATA[<p>Anal porn Kyler Quinn ass fuck Mike Adriano Kyler Quinn anal porn Young beautiful teen Kyler Quinn fuck anal from mike Adriano ass fuck porn video deepthroating pussy creampie yamyhub Kyler Quinn porn video Mike Adriano porn video Kyler Quinn fuck anal from mike Adriano</p>
<p>The post <a rel="nofollow" href="https://www.yamyhub.com/video/anal-porn-kyler-quinn-ass-fuck-mike-adriano/">Anal porn Kyler Quinn ass fuck Mike Adriano</a> appeared first on <a rel="nofollow" href="https://www.yamyhub.com">Yamyhub</a>.</p>
]]></description>
										<content:encoded><![CDATA[<h2>Anal porn Kyler Quinn ass fuck Mike Adriano</h2>
<p>Kyler Quinn anal porn Young beautiful teen Kyler Quinn fuck anal from mike Adriano ass fuck porn video deepthroating pussy creampie yamyhub Kyler Quinn porn video Mike Adriano porn video Kyler Quinn fuck anal from mike Adriano</p>
<p>The post <a rel="nofollow" href="https://www.yamyhub.com/video/anal-porn-kyler-quinn-ass-fuck-mike-adriano/">Anal porn Kyler Quinn ass fuck Mike Adriano</a> appeared first on <a rel="nofollow" href="https://www.yamyhub.com">Yamyhub</a>.</p>
]]></content:encoded>
					
		
		
			</item>
		<item>
		<title>Dani Jensen &#038; Veronica Avluv Anal fucked by Mike Adriano pervcity</title>
		<link>https://www.yamyhub.com/video/dani-jensen-veronica-avluv-anal-fucked-by-mike-adriano-pervcity/</link>
		
		<dc:creator><![CDATA[yamyhub]]></dc:creator>
		<pubDate>Sun, 13 Jun 2021 12:33:01 +0000</pubDate>
				<guid isPermaLink="false">https://www.yamyhub.com/?post_type=video&#038;p=3322</guid>

					<description><![CDATA[<p>Dani Jensen porn videos. mike Mike Adriano porn videos Veronica Avluv porn video big ass big tits big boobs big botty anal threesome porn videos. pornstars hardcore porn. Two female fuck anal by big cock.</p>
<p>The post <a rel="nofollow" href="https://www.yamyhub.com/video/dani-jensen-veronica-avluv-anal-fucked-by-mike-adriano-pervcity/">Dani Jensen &#038; Veronica Avluv Anal fucked by Mike Adriano pervcity</a> appeared first on <a rel="nofollow" href="https://www.yamyhub.com">Yamyhub</a>.</p>
]]></description>
										<content:encoded><![CDATA[<p>Dani Jensen porn videos. mike Mike Adriano porn videos Veronica Avluv porn video big ass big tits big boobs big botty anal threesome porn videos. pornstars hardcore porn. Two female fuck anal by big cock.</p>
<p>The post <a rel="nofollow" href="https://www.yamyhub.com/video/dani-jensen-veronica-avluv-anal-fucked-by-mike-adriano-pervcity/">Dani Jensen &#038; Veronica Avluv Anal fucked by Mike Adriano pervcity</a> appeared first on <a rel="nofollow" href="https://www.yamyhub.com">Yamyhub</a>.</p>
]]></content:encoded>
					
		
		
			</item>
		<item>
		<title>BANGBROS Alexis Texas Ass and pussy fucked Anal Porn Mike Adriano</title>
		<link>https://www.yamyhub.com/video/bangbros-alexis-texas-ass-and-pussy-fucked-anal-porn-mike-adriano/</link>
		
		<dc:creator><![CDATA[yamyhub]]></dc:creator>
		<pubDate>Fri, 14 May 2021 17:26:59 +0000</pubDate>
				<guid isPermaLink="false">http://localhost/github/?post_type=video&#038;p=2862</guid>

					<description><![CDATA[<p>BANGBROS &#8211; Alexis Texas Ass and pussy fucked, Anal Porn &#8211; Mike Adriano, Big Ass, HD Porn, Blonde, Blowjob, Hardcore, Pornstar Big Ass Big Dick Natural Tits Bangbros BangBros Natural Big Butt Tits, Blonde, Ass Parade big Booty</p>
<p>The post <a rel="nofollow" href="https://www.yamyhub.com/video/bangbros-alexis-texas-ass-and-pussy-fucked-anal-porn-mike-adriano/">BANGBROS Alexis Texas Ass and pussy fucked Anal Porn Mike Adriano</a> appeared first on <a rel="nofollow" href="https://www.yamyhub.com">Yamyhub</a>.</p>
]]></description>
										<content:encoded><![CDATA[<p>BANGBROS &#8211; Alexis Texas Ass and pussy fucked, Anal Porn &#8211; Mike Adriano,</p>
<p>Big Ass, HD Porn, Blonde, Blowjob, Hardcore, Pornstar</p>
<p>Big Ass Big Dick Natural Tits</p>
<p>Bangbros BangBros</p>
<p>Natural Big Butt Tits, Blonde, Ass Parade big Booty</p>
<p>The post <a rel="nofollow" href="https://www.yamyhub.com/video/bangbros-alexis-texas-ass-and-pussy-fucked-anal-porn-mike-adriano/">BANGBROS Alexis Texas Ass and pussy fucked Anal Porn Mike Adriano</a> appeared first on <a rel="nofollow" href="https://www.yamyhub.com">Yamyhub</a>.</p>
]]></content:encoded>
					
		
		
			</item>
		<item>
		<title>Anal Threesome Chloe Foster Mofos Mike Adriano</title>
		<link>https://www.yamyhub.com/video/anal-threesome-chloe-foster-bangbros-mike-adriano/</link>
		
		<dc:creator><![CDATA[yamyhub]]></dc:creator>
		<pubDate>Fri, 14 May 2021 12:06:48 +0000</pubDate>
				<guid isPermaLink="false">http://localhost/github/?post_type=video&#038;p=2851</guid>

					<description><![CDATA[<p>Anal Threesome with MILF Dana Vespoli &#38; Young Chloe Foster &#8211; Mofos &#8211; Mike Adriano, Threesome, Hardcore, MILF Pornstar, Big Tits, Anal Big Ass, Blowjob, HD Porn, Big Tits Ass, Fuck Skinny Big Ass, Big Butt Booty, Blowjob Hardcore, Tattoo Anal Sex, Big Boobs, Big Dick, Small Tits, Threesome Doggy Style, Mofos Bang Bros, Blonde</p>
<p>The post <a rel="nofollow" href="https://www.yamyhub.com/video/anal-threesome-chloe-foster-bangbros-mike-adriano/">Anal Threesome Chloe Foster Mofos Mike Adriano</a> appeared first on <a rel="nofollow" href="https://www.yamyhub.com">Yamyhub</a>.</p>
]]></description>
										<content:encoded><![CDATA[<p>Anal Threesome with MILF Dana Vespoli &amp; Young Chloe Foster &#8211; Mofos &#8211; Mike Adriano,<br />
Threesome, Hardcore, MILF Pornstar, Big Tits, Anal Big Ass, Blowjob, HD Porn,<br />
Big Tits Ass, Fuck Skinny Big Ass, Big Butt Booty, Blowjob Hardcore,<br />
Tattoo Anal Sex, Big Boobs, Big Dick, Small Tits, Threesome Doggy Style,<br />
Mofos Bang Bros, Blonde</p>
<p>The post <a rel="nofollow" href="https://www.yamyhub.com/video/anal-threesome-chloe-foster-bangbros-mike-adriano/">Anal Threesome Chloe Foster Mofos Mike Adriano</a> appeared first on <a rel="nofollow" href="https://www.yamyhub.com">Yamyhub</a>.</p>
]]></content:encoded>
					
		
		
			</item>
	</channel>
</rss>
