<?xml version="1.0" encoding="UTF-8"?><rss version="2.0"
	xmlns:content="http://purl.org/rss/1.0/modules/content/"
	xmlns:wfw="http://wellformedweb.org/CommentAPI/"
	xmlns:dc="http://purl.org/dc/elements/1.1/"
	xmlns:atom="http://www.w3.org/2005/Atom"
	xmlns:sy="http://purl.org/rss/1.0/modules/syndication/"
	xmlns:slash="http://purl.org/rss/1.0/modules/slash/"
	>

<channel>
	<title>Digital playground &#8211; Yamyhub</title>
	<atom:link href="https://www.yamyhub.com/categories/digital-playground/feed/" rel="self" type="application/rss+xml" />
	<link>https://www.yamyhub.com</link>
	<description>Watch latest free HD Full length Porn video. Big ass, Big cock, MILF, Lesbian, Step sister and Step mother Porn videos. Yamyhub porn videos.</description>
	<lastBuildDate>Wed, 11 Aug 2021 12:41:22 +0000</lastBuildDate>
	<language>en-US</language>
	<sy:updatePeriod>
	hourly	</sy:updatePeriod>
	<sy:updateFrequency>
	1	</sy:updateFrequency>
	<generator>https://wordpress.org/?v=5.8</generator>

<image>
	<url>https://www.yamyhub.com/wp-content/uploads/2021/07/cropped-favicon-32x32.png</url>
	<title>Digital playground &#8211; Yamyhub</title>
	<link>https://www.yamyhub.com</link>
	<width>32</width>
	<height>32</height>
</image> 
	<item>
		<title>big Crew member Aletta ocean Fucked in Aeroplan</title>
		<link>https://www.yamyhub.com/video/big-crew-member-aletta-ocean-fucked-in-aeroplan/</link>
		
		<dc:creator><![CDATA[yamyhub]]></dc:creator>
		<pubDate>Tue, 27 Jul 2021 04:26:18 +0000</pubDate>
				<guid isPermaLink="false">https://www.yamyhub.com/?post_type=video&#038;p=3925</guid>

					<description><![CDATA[<p>big Crew member Aletta ocean Fucked in Aeroplan Digital playground Porn star Aletta ocean sex video.  Daftsex porn video spankbang porn video. Public HD porn yamyhub. Big boobs Aletta ocean penetrate cock inside boobs.  Digital playground Public sex videos. Big ass big boobs Aeroplan crew member Aletta ocean fucked. Big ass Aletta ocean Fucked hardcore [&#8230;]</p>
<p>The post <a rel="nofollow" href="https://www.yamyhub.com/video/big-crew-member-aletta-ocean-fucked-in-aeroplan/">big Crew member Aletta ocean Fucked in Aeroplan</a> appeared first on <a rel="nofollow" href="https://www.yamyhub.com">Yamyhub</a>.</p>
]]></description>
										<content:encoded><![CDATA[<h2>big Crew member Aletta ocean Fucked in Aeroplan</h2>
<p>Digital playground Porn star Aletta ocean sex video.  Daftsex porn video spankbang porn video. Public HD porn yamyhub. Big boobs Aletta ocean penetrate cock inside boobs.  Digital playground Public sex videos. Big ass big boobs Aeroplan crew member Aletta ocean fucked. Big ass Aletta ocean Fucked hardcore from cock in Aeroplan.</p>
<p>The post <a rel="nofollow" href="https://www.yamyhub.com/video/big-crew-member-aletta-ocean-fucked-in-aeroplan/">big Crew member Aletta ocean Fucked in Aeroplan</a> appeared first on <a rel="nofollow" href="https://www.yamyhub.com">Yamyhub</a>.</p>
]]></content:encoded>
					
		
		
			</item>
		<item>
		<title>Busty teen Adriana chechik Fuck bang digital playground</title>
		<link>https://www.yamyhub.com/video/busty-teen-adriana-chechik-fuck-bang-digital-playground/</link>
		
		<dc:creator><![CDATA[yamyhub]]></dc:creator>
		<pubDate>Mon, 19 Jul 2021 01:57:26 +0000</pubDate>
				<guid isPermaLink="false">https://www.yamyhub.com/?post_type=video&#038;p=3745</guid>

					<description><![CDATA[<p>Busty teen Adriana chechik Fuck bang digital playground Digital playground Adriana chechik Group sex porn video. Busty teen Adriana chechik Fuck Bang from group digital playground group sex yamyhub. pornstar Adriana chechik porn video. Adriana chechik fuck gangbang from group. Group sex porn video group fuck Adriana chechik digital playground porn video. Xnxx porn video [&#8230;]</p>
<p>The post <a rel="nofollow" href="https://www.yamyhub.com/video/busty-teen-adriana-chechik-fuck-bang-digital-playground/">Busty teen Adriana chechik Fuck bang digital playground</a> appeared first on <a rel="nofollow" href="https://www.yamyhub.com">Yamyhub</a>.</p>
]]></description>
										<content:encoded><![CDATA[<h2>Busty teen Adriana chechik Fuck bang digital playground</h2>
<p>Digital playground Adriana chechik Group sex porn video. Busty teen Adriana chechik Fuck Bang from group digital playground group sex yamyhub. pornstar Adriana chechik porn video. Adriana chechik fuck gangbang from group. Group sex porn video group fuck Adriana chechik digital playground porn video. Xnxx porn video spankbang porn.</p>
<p>The post <a rel="nofollow" href="https://www.yamyhub.com/video/busty-teen-adriana-chechik-fuck-bang-digital-playground/">Busty teen Adriana chechik Fuck bang digital playground</a> appeared first on <a rel="nofollow" href="https://www.yamyhub.com">Yamyhub</a>.</p>
]]></content:encoded>
					
		
		
			</item>
	</channel>
</rss>
