<?xml version="1.0" encoding="UTF-8"?><rss version="2.0"
	xmlns:content="http://purl.org/rss/1.0/modules/content/"
	xmlns:wfw="http://wellformedweb.org/CommentAPI/"
	xmlns:dc="http://purl.org/dc/elements/1.1/"
	xmlns:atom="http://www.w3.org/2005/Atom"
	xmlns:sy="http://purl.org/rss/1.0/modules/syndication/"
	xmlns:slash="http://purl.org/rss/1.0/modules/slash/"
	>

<channel>
	<title>Chris Diamond &#8211; Yamyhub</title>
	<atom:link href="https://www.yamyhub.com/categories/chris-diamond/feed/" rel="self" type="application/rss+xml" />
	<link>https://www.yamyhub.com</link>
	<description>Watch latest free HD Full length Porn video. Big ass, Big cock, MILF, Lesbian, Step sister and Step mother Porn videos. Yamyhub porn videos.</description>
	<lastBuildDate>Tue, 10 Aug 2021 10:27:54 +0000</lastBuildDate>
	<language>en-US</language>
	<sy:updatePeriod>
	hourly	</sy:updatePeriod>
	<sy:updateFrequency>
	1	</sy:updateFrequency>
	<generator>https://wordpress.org/?v=5.8</generator>

<image>
	<url>https://www.yamyhub.com/wp-content/uploads/2021/07/cropped-favicon-32x32.png</url>
	<title>Chris Diamond &#8211; Yamyhub</title>
	<link>https://www.yamyhub.com</link>
	<width>32</width>
	<height>32</height>
</image> 
	<item>
		<title>Gonzo three big cocks anal double penetration Veronica Leal</title>
		<link>https://www.yamyhub.com/video/gonzo-three-big-cocks-anal-double-penetration-veronica-leal/</link>
		
		<dc:creator><![CDATA[yamyhub]]></dc:creator>
		<pubDate>Thu, 05 Aug 2021 12:56:59 +0000</pubDate>
				<guid isPermaLink="false">https://www.yamyhub.com/?post_type=video&#038;p=4164</guid>

					<description><![CDATA[<p>Gonzo three big cocks anal double penetration Veronica Leal Gonzo pornstars Veronica Leal &#38; Chris Diamond Sex videos. Amateur pornstar get three cock &#38; Anal double penetration. Veronica Leal yamyhub. Big ass Gape pornstar Veronica Leal Get double penetration from two cocks. Veronica Leal Get three cocks in her ass gape and pussy. ass gape [&#8230;]</p>
<p>The post <a rel="nofollow" href="https://www.yamyhub.com/video/gonzo-three-big-cocks-anal-double-penetration-veronica-leal/">Gonzo three big cocks anal double penetration Veronica Leal</a> appeared first on <a rel="nofollow" href="https://www.yamyhub.com">Yamyhub</a>.</p>
]]></description>
										<content:encoded><![CDATA[<h2>Gonzo three big cocks anal double penetration Veronica Leal</h2>
<p>Gonzo pornstars Veronica Leal &amp; Chris Diamond Sex videos. Amateur pornstar get three cock &amp; Anal double penetration. Veronica Leal yamyhub. Big ass Gape pornstar Veronica Leal Get double penetration from two cocks. Veronica Leal Get three cocks in her ass gape and pussy. ass gape fucked by three awesome cocks. Daftsex spankbang porn video. DP sex videos.</p>
<p>The post <a rel="nofollow" href="https://www.yamyhub.com/video/gonzo-three-big-cocks-anal-double-penetration-veronica-leal/">Gonzo three big cocks anal double penetration Veronica Leal</a> appeared first on <a rel="nofollow" href="https://www.yamyhub.com">Yamyhub</a>.</p>
]]></content:encoded>
					
		
		
			</item>
	</channel>
</rss>
