<?xml version="1.0" encoding="UTF-8"?><rss version="2.0"
	xmlns:content="http://purl.org/rss/1.0/modules/content/"
	xmlns:wfw="http://wellformedweb.org/CommentAPI/"
	xmlns:dc="http://purl.org/dc/elements/1.1/"
	xmlns:atom="http://www.w3.org/2005/Atom"
	xmlns:sy="http://purl.org/rss/1.0/modules/syndication/"
	xmlns:slash="http://purl.org/rss/1.0/modules/slash/"
	>

<channel>
	<title>Brianna Banderas &#8211; Yamyhub</title>
	<atom:link href="https://www.yamyhub.com/categories/brianna-banderas/feed/" rel="self" type="application/rss+xml" />
	<link>https://www.yamyhub.com</link>
	<description>Watch latest free HD Full length Porn video. Big ass, Big cock, MILF, Lesbian, Step sister and Step mother Porn videos. Yamyhub porn videos.</description>
	<lastBuildDate>Fri, 16 Jul 2021 12:40:13 +0000</lastBuildDate>
	<language>en-US</language>
	<sy:updatePeriod>
	hourly	</sy:updatePeriod>
	<sy:updateFrequency>
	1	</sy:updateFrequency>
	<generator>https://wordpress.org/?v=5.7.2</generator>

<image>
	<url>https://www.yamyhub.com/wp-content/uploads/2021/06/favicon.png</url>
	<title>Brianna Banderas &#8211; Yamyhub</title>
	<link>https://www.yamyhub.com</link>
	<width>32</width>
	<height>32</height>
</image> 
	<item>
		<title>Big tits Brianna Banderas fuck outdoor after pickup from photography</title>
		<link>https://www.yamyhub.com/video/big-tits-brianna-banderas-fuck-outdoor-after-pickup-from-photography/</link>
		
		<dc:creator><![CDATA[yamyhub]]></dc:creator>
		<pubDate>Mon, 12 Jul 2021 05:41:06 +0000</pubDate>
				<guid isPermaLink="false">https://www.yamyhub.com/?post_type=video&#038;p=3627</guid>

					<description><![CDATA[<p>Big tits Brianna Banderas fuck outdoor after pickup from photography Mofos public outdoor porn video Big tits Brianna Banderas fuck outdoor after pickup from photography public outdoor porn videos yamyhub mofos latest porn video big tits porn big ass porn video latest porn video Brianna Banderas big ass porn Brianna Banderas big tits porn</p>
<p>The post <a rel="nofollow" href="https://www.yamyhub.com/video/big-tits-brianna-banderas-fuck-outdoor-after-pickup-from-photography/">Big tits Brianna Banderas fuck outdoor after pickup from photography</a> appeared first on <a rel="nofollow" href="https://www.yamyhub.com">Yamyhub</a>.</p>
]]></description>
										<content:encoded><![CDATA[<h2>Big tits Brianna Banderas fuck outdoor after pickup from photography</h2>
<p>Mofos public outdoor porn video Big tits Brianna Banderas fuck outdoor after pickup from photography public outdoor porn videos yamyhub mofos latest porn video big tits porn big ass porn video latest porn video Brianna Banderas big ass porn Brianna Banderas big tits porn</p>
<p>The post <a rel="nofollow" href="https://www.yamyhub.com/video/big-tits-brianna-banderas-fuck-outdoor-after-pickup-from-photography/">Big tits Brianna Banderas fuck outdoor after pickup from photography</a> appeared first on <a rel="nofollow" href="https://www.yamyhub.com">Yamyhub</a>.</p>
]]></content:encoded>
					
		
		
			</item>
		<item>
		<title>Public pick big ass Brianna Banderas fuck in way Mofos</title>
		<link>https://www.yamyhub.com/video/public-pick-big-ass-brianna-banderas-fuck-in-way-mofos/</link>
		
		<dc:creator><![CDATA[yamyhub]]></dc:creator>
		<pubDate>Mon, 12 Jul 2021 05:25:52 +0000</pubDate>
				<guid isPermaLink="false">https://www.yamyhub.com/?post_type=video&#038;p=3625</guid>

					<description><![CDATA[<p>Public pick big ass Brianna Banderas fuck in way Mofos Mofos Public porn video Big ass Brianna Banderas Fuck in public pick up public big ass and fuck in a way mofos public porn video yamyhub mofos porn video Brianna Banderas porn video big ass Brianna Banderas public porn Brianna Banderas pick in public and [&#8230;]</p>
<p>The post <a rel="nofollow" href="https://www.yamyhub.com/video/public-pick-big-ass-brianna-banderas-fuck-in-way-mofos/">Public pick big ass Brianna Banderas fuck in way Mofos</a> appeared first on <a rel="nofollow" href="https://www.yamyhub.com">Yamyhub</a>.</p>
]]></description>
										<content:encoded><![CDATA[<h2>Public pick big ass Brianna Banderas fuck in way Mofos</h2>
<p>Mofos Public porn video Big ass Brianna Banderas Fuck in public pick up public big ass and fuck in a way mofos public porn video yamyhub mofos porn video Brianna Banderas porn video big ass Brianna Banderas public porn Brianna Banderas pick in public and fucked hardcore</p>
<p>The post <a rel="nofollow" href="https://www.yamyhub.com/video/public-pick-big-ass-brianna-banderas-fuck-in-way-mofos/">Public pick big ass Brianna Banderas fuck in way Mofos</a> appeared first on <a rel="nofollow" href="https://www.yamyhub.com">Yamyhub</a>.</p>
]]></content:encoded>
					
		
		
			</item>
	</channel>
</rss>
