<?xml version="1.0" encoding="UTF-8"?><rss version="2.0"
	xmlns:content="http://purl.org/rss/1.0/modules/content/"
	xmlns:wfw="http://wellformedweb.org/CommentAPI/"
	xmlns:dc="http://purl.org/dc/elements/1.1/"
	xmlns:atom="http://www.w3.org/2005/Atom"
	xmlns:sy="http://purl.org/rss/1.0/modules/syndication/"
	xmlns:slash="http://purl.org/rss/1.0/modules/slash/"
	>

<channel>
	<title>Jules Jordan &#8211; Yamyhub</title>
	<atom:link href="https://www.yamyhub.com/categories/jules-jordan/feed/" rel="self" type="application/rss+xml" />
	<link>https://www.yamyhub.com</link>
	<description>Watch latest free HD Full length Porn video. Big ass, Big cock, MILF, Lesbian, Step sister and Step mother Porn videos. Yamyhub porn videos.</description>
	<lastBuildDate>Sat, 14 Aug 2021 11:16:58 +0000</lastBuildDate>
	<language>en-US</language>
	<sy:updatePeriod>
	hourly	</sy:updatePeriod>
	<sy:updateFrequency>
	1	</sy:updateFrequency>
	<generator>https://wordpress.org/?v=5.8</generator>

<image>
	<url>https://www.yamyhub.com/wp-content/uploads/2021/07/cropped-favicon-32x32.png</url>
	<title>Jules Jordan &#8211; Yamyhub</title>
	<link>https://www.yamyhub.com</link>
	<width>32</width>
	<height>32</height>
</image> 
	<item>
		<title>Jules jordan Big boobs pornstar angela white ride BBC</title>
		<link>https://www.yamyhub.com/video/jules-jordan-big-boobs-pornstar-angela-white-ride-bbc/</link>
		
		<dc:creator><![CDATA[yamyhub]]></dc:creator>
		<pubDate>Sat, 14 Aug 2021 11:16:58 +0000</pubDate>
				<guid isPermaLink="false">https://www.yamyhub.com/?post_type=video&#038;p=4492</guid>

					<description><![CDATA[<p>Jules jordan Big boobs pornstar angela white ride BBC Jules jordan porn star Angela white sex porn video on daftsex. Ass hole filled with cum when black cock fucked anal big boobs porn yamyhub. Angela white has intense anal with monster big black cock at jules jordan powered by daftsex porn video. Pornstar angela white [&#8230;]</p>
<p>The post <a rel="nofollow" href="https://www.yamyhub.com/video/jules-jordan-big-boobs-pornstar-angela-white-ride-bbc/">Jules jordan Big boobs pornstar angela white ride BBC</a> appeared first on <a rel="nofollow" href="https://www.yamyhub.com">Yamyhub</a>.</p>
]]></description>
										<content:encoded><![CDATA[<h2>Jules jordan Big boobs pornstar angela white ride BBC</h2>
<p>Jules jordan porn star Angela white sex porn video on daftsex. Ass hole filled with cum when black cock fucked anal big boobs porn yamyhub. Angela white has intense anal with monster big black cock at jules jordan powered by daftsex porn video. Pornstar angela white give her fan big facial. Fantasty porn video with Angela white take down by black cock.</p>
<p>The post <a rel="nofollow" href="https://www.yamyhub.com/video/jules-jordan-big-boobs-pornstar-angela-white-ride-bbc/">Jules jordan Big boobs pornstar angela white ride BBC</a> appeared first on <a rel="nofollow" href="https://www.yamyhub.com">Yamyhub</a>.</p>
]]></content:encoded>
					
		
		
			</item>
		<item>
		<title>Jules Jordan Emma Hix tight pussy get black cock XNXX</title>
		<link>https://www.yamyhub.com/video/jules-jordan-emma-hix-tight-pussy-get-black-cock-xnxx/</link>
		
		<dc:creator><![CDATA[yamyhub]]></dc:creator>
		<pubDate>Fri, 06 Aug 2021 03:55:17 +0000</pubDate>
				<guid isPermaLink="false">https://www.yamyhub.com/?post_type=video&#038;p=4177</guid>

					<description><![CDATA[<p>Jules Jordan Emma Hix tight pussy get black cock XNXX Jules Jordan Pornstar Emma Hix XNXX porn video. Small blonde pornstar destroyed by black cock. Watch best Jules Jordan XNXX porn Yamyhub. Sexy beautiful small teen Emma Hix love to destroyed from black cock. Black cock XNXX porn penetrate in Emma Hix pussy. Jules Jordan [&#8230;]</p>
<p>The post <a rel="nofollow" href="https://www.yamyhub.com/video/jules-jordan-emma-hix-tight-pussy-get-black-cock-xnxx/">Jules Jordan Emma Hix tight pussy get black cock XNXX</a> appeared first on <a rel="nofollow" href="https://www.yamyhub.com">Yamyhub</a>.</p>
]]></description>
										<content:encoded><![CDATA[<h2>Jules Jordan Emma Hix tight pussy get black cock XNXX</h2>
<p>Jules Jordan Pornstar Emma Hix XNXX porn video. Small blonde pornstar destroyed by black cock. Watch best Jules Jordan XNXX porn Yamyhub. Sexy beautiful small teen Emma Hix love to destroyed from black cock. Black cock XNXX porn penetrate in Emma Hix pussy. Jules Jordan black cock sex movies XXX. Emma Hix xnxx porn video.</p>
<p>The post <a rel="nofollow" href="https://www.yamyhub.com/video/jules-jordan-emma-hix-tight-pussy-get-black-cock-xnxx/">Jules Jordan Emma Hix tight pussy get black cock XNXX</a> appeared first on <a rel="nofollow" href="https://www.yamyhub.com">Yamyhub</a>.</p>
]]></content:encoded>
					
		
		
			</item>
		<item>
		<title>Jules Jordan Black cock Fuck Adriana chechik ass BBC</title>
		<link>https://www.yamyhub.com/video/jules-jordan-black-cock-fuck-adriana-chechik-ass-bbc/</link>
		
		<dc:creator><![CDATA[yamyhub]]></dc:creator>
		<pubDate>Mon, 19 Jul 2021 18:23:16 +0000</pubDate>
				<guid isPermaLink="false">https://www.yamyhub.com/?post_type=video&#038;p=3767</guid>

					<description><![CDATA[<p>Jules Jordan Black cock Fuck Adriana chechik ass BBC Jules Jordan &#38; Adriana chechik anal porn video. Big black cock fuck Adriana chechik ass interracial Squirt porn video. Anal fuck BBC yamyhub Jules Jordan latest porn video. Jules Jordan anal porn video. BBC porn. BBC fuck Adriana chechik ass squirt porn. Adriana chechik fucked by [&#8230;]</p>
<p>The post <a rel="nofollow" href="https://www.yamyhub.com/video/jules-jordan-black-cock-fuck-adriana-chechik-ass-bbc/">Jules Jordan Black cock Fuck Adriana chechik ass BBC</a> appeared first on <a rel="nofollow" href="https://www.yamyhub.com">Yamyhub</a>.</p>
]]></description>
										<content:encoded><![CDATA[<h2>Jules Jordan Black cock Fuck Adriana chechik ass BBC</h2>
<p>Jules Jordan &amp; Adriana chechik anal porn video. Big black cock fuck Adriana chechik ass interracial Squirt porn video. Anal fuck BBC yamyhub Jules Jordan latest porn video. Jules Jordan anal porn video. BBC porn. BBC fuck Adriana chechik ass squirt porn. Adriana chechik fucked by big black cock. XNXX porn videos Youporn video.</p>
<p>The post <a rel="nofollow" href="https://www.yamyhub.com/video/jules-jordan-black-cock-fuck-adriana-chechik-ass-bbc/">Jules Jordan Black cock Fuck Adriana chechik ass BBC</a> appeared first on <a rel="nofollow" href="https://www.yamyhub.com">Yamyhub</a>.</p>
]]></content:encoded>
					
		
		
			</item>
		<item>
		<title>Jules Jordan Teasing Jules Big Butt Slut Alexis Texas Anal Sex</title>
		<link>https://www.yamyhub.com/video/jules-jordan-teasing-jules-big-butt-slut-alexis-texas-anal-sex/</link>
		
		<dc:creator><![CDATA[yamyhub]]></dc:creator>
		<pubDate>Mon, 17 May 2021 16:56:18 +0000</pubDate>
				<guid isPermaLink="false">http://localhost/github/?post_type=video&#038;p=2925</guid>

					<description><![CDATA[<p>Jules Jordan &#8211; Teasing Jules Big Butt Slut Alexis Texas with Anal Sex, Hardcore Pornstar Blonde Anal Big Ass HD Porn 4k Blonde Natural Tits Anal Blowjob Deep Big Butts Big Ass Small Tits Blondes Ass To Mouth Natural Jules jordan Throat Facial Ass Fuck Riding Outdoors Bj Oral Cock sucking</p>
<p>The post <a rel="nofollow" href="https://www.yamyhub.com/video/jules-jordan-teasing-jules-big-butt-slut-alexis-texas-anal-sex/">Jules Jordan Teasing Jules Big Butt Slut Alexis Texas Anal Sex</a> appeared first on <a rel="nofollow" href="https://www.yamyhub.com">Yamyhub</a>.</p>
]]></description>
										<content:encoded><![CDATA[<h3>Jules Jordan &#8211; Teasing Jules Big Butt Slut Alexis Texas with Anal Sex,</h3>
<p>Hardcore Pornstar Blonde Anal Big Ass HD Porn 4k Blonde Natural Tits Anal Blowjob Deep Big Butts Big Ass Small Tits Blondes Ass To Mouth Natural Jules jordan Throat Facial Ass Fuck Riding Outdoors Bj Oral Cock sucking</p>
<p>The post <a rel="nofollow" href="https://www.yamyhub.com/video/jules-jordan-teasing-jules-big-butt-slut-alexis-texas-anal-sex/">Jules Jordan Teasing Jules Big Butt Slut Alexis Texas Anal Sex</a> appeared first on <a rel="nofollow" href="https://www.yamyhub.com">Yamyhub</a>.</p>
]]></content:encoded>
					
		
		
			</item>
		<item>
		<title>Jules Jordan &#8211; Angela White Gangbang, Triple Penetration, Double Anal</title>
		<link>https://www.yamyhub.com/video/jules-jordan-angela-white-gangbang-triple-penetration-double-anal/</link>
		
		<dc:creator><![CDATA[yamyhub]]></dc:creator>
		<pubDate>Mon, 17 May 2021 16:56:11 +0000</pubDate>
				<guid isPermaLink="false">http://localhost/github/?post_type=video&#038;p=2924</guid>

					<description><![CDATA[<p>Jules Jordan &#8211; Angela White Gangbang, Triple Penetration, Double Anal &#8211; Mick blue, Robby Echo, Steve Holmes Jules Jordan &#8211; Angela White Gangbang, Triple Penetration, Double Anal &#8211; Mick blue porn video, Robby Echo porn videos, Steve Holmes porn videos, Angela white gangbang, Angela white porn, Angela white sex videos, Angela white anal</p>
<p>The post <a rel="nofollow" href="https://www.yamyhub.com/video/jules-jordan-angela-white-gangbang-triple-penetration-double-anal/">Jules Jordan &#8211; Angela White Gangbang, Triple Penetration, Double Anal</a> appeared first on <a rel="nofollow" href="https://www.yamyhub.com">Yamyhub</a>.</p>
]]></description>
										<content:encoded><![CDATA[<h3>Jules Jordan &#8211; Angela White Gangbang, Triple Penetration, Double Anal &#8211; Mick blue, Robby Echo, Steve Holmes</h3>
<p>Jules Jordan &#8211; Angela White Gangbang, Triple Penetration, Double Anal &#8211; Mick blue porn video, Robby Echo porn videos, Steve Holmes porn videos, Angela white gangbang, Angela white porn, Angela white sex videos, Angela white anal</p>
<p>The post <a rel="nofollow" href="https://www.yamyhub.com/video/jules-jordan-angela-white-gangbang-triple-penetration-double-anal/">Jules Jordan &#8211; Angela White Gangbang, Triple Penetration, Double Anal</a> appeared first on <a rel="nofollow" href="https://www.yamyhub.com">Yamyhub</a>.</p>
]]></content:encoded>
					
		
		
			</item>
		<item>
		<title>Jules Jordan 13 Guys Fuck Angela White Biggest gangbang</title>
		<link>https://www.yamyhub.com/video/jules-jordan-13-guys-fuck-angela-white-biggest-gangbang/</link>
		
		<dc:creator><![CDATA[yamyhub]]></dc:creator>
		<pubDate>Mon, 17 May 2021 16:56:00 +0000</pubDate>
				<guid isPermaLink="false">http://localhost/github/?post_type=video&#038;p=2927</guid>

					<description><![CDATA[<p>Jules Jordan &#8211; 13 Guys Fuck Hard Angela White&#8217;s Biggest Blowbang Double penetration, Double anal, Babe, Big Ass, Big Tits, Blowjob, Brunette, Bukkake, Cumshot, Gangbang, HD Porn, Hardcore, Pornstar, Australian, Big Boobs, Natural Tits, Blowbang Brunette, Huge Tits, Blowbang Swallow, Big Butts, Big Cocks, Big Tits, Blow Bang, Blowjobs Brunettes, Deep Throat, Blowjob, Cumshot.</p>
<p>The post <a rel="nofollow" href="https://www.yamyhub.com/video/jules-jordan-13-guys-fuck-angela-white-biggest-gangbang/">Jules Jordan 13 Guys Fuck Angela White Biggest gangbang</a> appeared first on <a rel="nofollow" href="https://www.yamyhub.com">Yamyhub</a>.</p>
]]></description>
										<content:encoded><![CDATA[<h3>Jules Jordan &#8211; 13 Guys Fuck Hard Angela White&#8217;s Biggest Blowbang</h3>
<p>Double penetration, Double anal, Babe, Big Ass, Big Tits, Blowjob, Brunette, Bukkake, Cumshot, Gangbang, HD Porn, Hardcore, Pornstar, Australian, Big Boobs, Natural Tits, Blowbang Brunette, Huge Tits, Blowbang Swallow, Big Butts, Big Cocks, Big Tits, Blow Bang, Blowjobs Brunettes, Deep Throat, Blowjob, Cumshot.</p>
<p>The post <a rel="nofollow" href="https://www.yamyhub.com/video/jules-jordan-13-guys-fuck-angela-white-biggest-gangbang/">Jules Jordan 13 Guys Fuck Angela White Biggest gangbang</a> appeared first on <a rel="nofollow" href="https://www.yamyhub.com">Yamyhub</a>.</p>
]]></content:encoded>
					
		
		
			</item>
		<item>
		<title>Jules Jordan &#8211; Biggest Blowbang 13 Guys on Angela White</title>
		<link>https://www.yamyhub.com/video/jules-jordan-biggest-blowbang-13-guys-on-angela-white/</link>
		
		<dc:creator><![CDATA[yamyhub]]></dc:creator>
		<pubDate>Mon, 17 May 2021 09:14:15 +0000</pubDate>
				<guid isPermaLink="false">http://localhost/github/?post_type=video&#038;p=2916</guid>

					<description><![CDATA[<p>Jules Jordan &#8211; Biggest Blowbang by 13 Guys on Angela White gangbang Jules Jordan &#8211; Biggest Blowbang by 13 Guys on Angela White gangbang, Gangbang on angela white, Gangbang porn, angela white anal, blowbang porn, big ass porn, angela white porn videos, Angela white gangbang, jules jordan porn, jules jordan gangbang porn</p>
<p>The post <a rel="nofollow" href="https://www.yamyhub.com/video/jules-jordan-biggest-blowbang-13-guys-on-angela-white/">Jules Jordan &#8211; Biggest Blowbang 13 Guys on Angela White</a> appeared first on <a rel="nofollow" href="https://www.yamyhub.com">Yamyhub</a>.</p>
]]></description>
										<content:encoded><![CDATA[<p>Jules Jordan &#8211; Biggest Blowbang by 13 Guys on Angela White gangbang</p>
<p>Jules Jordan &#8211; Biggest Blowbang by 13 Guys on Angela White gangbang, Gangbang on angela white, Gangbang porn, angela white anal, blowbang porn, big ass porn, angela white porn videos, Angela white gangbang, jules jordan porn, jules jordan gangbang porn</p>
<p>The post <a rel="nofollow" href="https://www.yamyhub.com/video/jules-jordan-biggest-blowbang-13-guys-on-angela-white/">Jules Jordan &#8211; Biggest Blowbang 13 Guys on Angela White</a> appeared first on <a rel="nofollow" href="https://www.yamyhub.com">Yamyhub</a>.</p>
]]></content:encoded>
					
		
		
			</item>
	</channel>
</rss>
