<?xml version="1.0" encoding="UTF-8"?><rss version="2.0"
	xmlns:content="http://purl.org/rss/1.0/modules/content/"
	xmlns:wfw="http://wellformedweb.org/CommentAPI/"
	xmlns:dc="http://purl.org/dc/elements/1.1/"
	xmlns:atom="http://www.w3.org/2005/Atom"
	xmlns:sy="http://purl.org/rss/1.0/modules/syndication/"
	xmlns:slash="http://purl.org/rss/1.0/modules/slash/"
	>

<channel>
	<title>Eva notty &#8211; Yamyhub</title>
	<atom:link href="https://www.yamyhub.com/categories/eva-notty/feed/" rel="self" type="application/rss+xml" />
	<link>https://www.yamyhub.com</link>
	<description>Watch latest free HD Full length Porn video. Big ass, Big cock, MILF, Lesbian, Step sister and Step mother Porn videos. Yamyhub porn videos.</description>
	<lastBuildDate>Tue, 10 Aug 2021 13:37:18 +0000</lastBuildDate>
	<language>en-US</language>
	<sy:updatePeriod>
	hourly	</sy:updatePeriod>
	<sy:updateFrequency>
	1	</sy:updateFrequency>
	<generator>https://wordpress.org/?v=5.8</generator>

<image>
	<url>https://www.yamyhub.com/wp-content/uploads/2021/07/cropped-favicon-32x32.png</url>
	<title>Eva notty &#8211; Yamyhub</title>
	<link>https://www.yamyhub.com</link>
	<width>32</width>
	<height>32</height>
</image> 
	<item>
		<title>Wife with big ass &#038; big tits take husband&#8217;s friend cock</title>
		<link>https://www.yamyhub.com/video/wife-with-big-ass-big-tits-take-husbands-friend-cock/</link>
		
		<dc:creator><![CDATA[yamyhub]]></dc:creator>
		<pubDate>Fri, 30 Jul 2021 03:49:58 +0000</pubDate>
				<guid isPermaLink="false">https://www.yamyhub.com/?post_type=video&#038;p=3961</guid>

					<description><![CDATA[<p>Wife with big ass &#38; big tits Take husband&#8217;s friend cock Bangbros Porn star Eva Notty Porn video. Wife fuck from husband friend when husband sleep. Porn star Eva Notty Big ass big tits fuck yamyhub. Eva Notty in blue lingerie Fucked from cock. Pussy and boobs fucked from husband friend. cock penetrate between boobs. [&#8230;]</p>
<p>The post <a rel="nofollow" href="https://www.yamyhub.com/video/wife-with-big-ass-big-tits-take-husbands-friend-cock/">Wife with big ass &#038; big tits take husband&#8217;s friend cock</a> appeared first on <a rel="nofollow" href="https://www.yamyhub.com">Yamyhub</a>.</p>
]]></description>
										<content:encoded><![CDATA[<h2>Wife with big ass &amp; big tits Take husband&#8217;s friend cock</h2>
<p>Bangbros Porn star Eva Notty Porn video. Wife fuck from husband friend when husband sleep. Porn star Eva Notty Big ass big tits fuck yamyhub. Eva Notty in blue lingerie Fucked from cock. Pussy and boobs fucked from husband friend. cock penetrate between boobs. Big tits big ass bangbros porn star Eva Notty porn video. Bangbros porn TXXX porn Xhamster porn.</p>
<p>The post <a rel="nofollow" href="https://www.yamyhub.com/video/wife-with-big-ass-big-tits-take-husbands-friend-cock/">Wife with big ass &#038; big tits take husband&#8217;s friend cock</a> appeared first on <a rel="nofollow" href="https://www.yamyhub.com">Yamyhub</a>.</p>
]]></content:encoded>
					
		
		
			</item>
		<item>
		<title>Mature women Eva notty fuck from young cock</title>
		<link>https://www.yamyhub.com/video/mature-women-eva-notty-fuck-from-young-cock/</link>
		
		<dc:creator><![CDATA[yamyhub]]></dc:creator>
		<pubDate>Tue, 27 Jul 2021 04:09:06 +0000</pubDate>
				<guid isPermaLink="false">https://www.yamyhub.com/?post_type=video&#038;p=3923</guid>

					<description><![CDATA[<p>Mature women Eva notty fuck from young cock Mature Pornstar Eva Notty porn video. Mature Aunt Eva Notty take young cock &#38; and cum in mouth. Young man fuck aunt sex video yamyhub. Eva notty HD latest full length porn video. Aunt with big boobs and big butt take cock inside her pussy and boobs. [&#8230;]</p>
<p>The post <a rel="nofollow" href="https://www.yamyhub.com/video/mature-women-eva-notty-fuck-from-young-cock/">Mature women Eva notty fuck from young cock</a> appeared first on <a rel="nofollow" href="https://www.yamyhub.com">Yamyhub</a>.</p>
]]></description>
										<content:encoded><![CDATA[<h2>Mature women Eva notty fuck from young cock</h2>
<p>Mature Pornstar Eva Notty porn video. Mature Aunt Eva Notty take young cock &amp; and cum in mouth. Young man fuck aunt sex video yamyhub. Eva notty HD latest full length porn video. Aunt with big boobs and big butt take cock inside her pussy and boobs. Latest Aunt sex video. Aunt fucked hardcore from young cock. TXXX porn videos spankbang porn videos.</p>
<p>The post <a rel="nofollow" href="https://www.yamyhub.com/video/mature-women-eva-notty-fuck-from-young-cock/">Mature women Eva notty fuck from young cock</a> appeared first on <a rel="nofollow" href="https://www.yamyhub.com">Yamyhub</a>.</p>
]]></content:encoded>
					
		
		
			</item>
	</channel>
</rss>
