<?xml version="1.0" encoding="UTF-8"?><rss version="2.0"
	xmlns:content="http://purl.org/rss/1.0/modules/content/"
	xmlns:wfw="http://wellformedweb.org/CommentAPI/"
	xmlns:dc="http://purl.org/dc/elements/1.1/"
	xmlns:atom="http://www.w3.org/2005/Atom"
	xmlns:sy="http://purl.org/rss/1.0/modules/syndication/"
	xmlns:slash="http://purl.org/rss/1.0/modules/slash/"
	>

<channel>
	<title>Shyla Jennings &#8211; Yamyhub</title>
	<atom:link href="https://www.yamyhub.com/categories/shyla-jennings/feed/" rel="self" type="application/rss+xml" />
	<link>https://www.yamyhub.com</link>
	<description>Watch latest free HD Full length Porn video. Big ass, Big cock, MILF, Lesbian, Step sister and Step mother Porn videos. Yamyhub porn videos.</description>
	<lastBuildDate>Mon, 28 Jun 2021 05:17:32 +0000</lastBuildDate>
	<language>en-US</language>
	<sy:updatePeriod>
	hourly	</sy:updatePeriod>
	<sy:updateFrequency>
	1	</sy:updateFrequency>
	<generator>https://wordpress.org/?v=5.7.2</generator>

<image>
	<url>https://www.yamyhub.com/wp-content/uploads/2021/06/favicon.png</url>
	<title>Shyla Jennings &#8211; Yamyhub</title>
	<link>https://www.yamyhub.com</link>
	<width>32</width>
	<height>32</height>
</image> 
	<item>
		<title>GIRLSWAY ANGELA WHITE love Shyla Jennings lesbian</title>
		<link>https://www.yamyhub.com/video/girlsway-angela-white-love-shyla-jennings-lesbian/</link>
		
		<dc:creator><![CDATA[yamyhub]]></dc:creator>
		<pubDate>Sat, 15 May 2021 01:49:28 +0000</pubDate>
				<guid isPermaLink="false">http://localhost/github/?post_type=video&#038;p=2869</guid>

					<description><![CDATA[<p>lesbian porn videos, British Babe Josephine Jackson lesbian porn, Lesbea, Lesbian ANGELA WHITE and Shyla Jennings porn videos, lesbian sex videos, Big Natural Tits, Massage Rooms, The Lesbian Experience, Big Tits Blonde Teen, girlsway porn ANGELA WHITE lesbian porn, lesbian organism, ANGELA WHITE and Shyla Jennings fingure eachother, fucking lesbian, GIRLSWAY Porn</p>
<p>The post <a rel="nofollow" href="https://www.yamyhub.com/video/girlsway-angela-white-love-shyla-jennings-lesbian/">GIRLSWAY ANGELA WHITE love Shyla Jennings lesbian</a> appeared first on <a rel="nofollow" href="https://www.yamyhub.com">Yamyhub</a>.</p>
]]></description>
										<content:encoded><![CDATA[<p>lesbian porn videos, British Babe Josephine Jackson lesbian porn, Lesbea, Lesbian ANGELA WHITE and Shyla Jennings porn videos,</p>
<p>lesbian sex videos, Big Natural Tits, Massage Rooms,</p>
<p>The Lesbian Experience, Big Tits Blonde Teen, girlsway porn ANGELA WHITE lesbian porn,</p>
<p>lesbian organism, ANGELA WHITE and Shyla Jennings fingure eachother, fucking lesbian,</p>
<p>GIRLSWAY Porn</p>
<p>The post <a rel="nofollow" href="https://www.yamyhub.com/video/girlsway-angela-white-love-shyla-jennings-lesbian/">GIRLSWAY ANGELA WHITE love Shyla Jennings lesbian</a> appeared first on <a rel="nofollow" href="https://www.yamyhub.com">Yamyhub</a>.</p>
]]></content:encoded>
					
		
		
			</item>
	</channel>
</rss>
