<?xml version="1.0" encoding="UTF-8"?><rss version="2.0"
	xmlns:content="http://purl.org/rss/1.0/modules/content/"
	xmlns:wfw="http://wellformedweb.org/CommentAPI/"
	xmlns:dc="http://purl.org/dc/elements/1.1/"
	xmlns:atom="http://www.w3.org/2005/Atom"
	xmlns:sy="http://purl.org/rss/1.0/modules/syndication/"
	xmlns:slash="http://purl.org/rss/1.0/modules/slash/"
	>

<channel>
	<title>holed &#8211; Yamyhub</title>
	<atom:link href="https://adult.yamyhub.com/categories/holed/feed/" rel="self" type="application/rss+xml" />
	<link>https://adult.yamyhub.com</link>
	<description>Watch latest free HD Full length Porn video. Big ass, Big cock, MILF, Lesbian, Step sister and Step mother Porn videos. Yamyhub porn videos.</description>
	<lastBuildDate>Tue, 22 Jun 2021 08:27:54 +0000</lastBuildDate>
	<language>en-US</language>
	<sy:updatePeriod>
	hourly	</sy:updatePeriod>
	<sy:updateFrequency>
	1	</sy:updateFrequency>
	<generator>https://wordpress.org/?v=5.7.2</generator>

<image>
	<url>https://adult.yamyhub.com/wp-content/uploads/2021/06/favicon.png</url>
	<title>holed &#8211; Yamyhub</title>
	<link>https://adult.yamyhub.com</link>
	<width>32</width>
	<height>32</height>
</image> 
	<item>
		<title>Abella danger Fuck anal and cum in mouth hloed</title>
		<link>https://adult.yamyhub.com/video/abella-danger-fuck-anal-and-cum-in-mouth-hloed/</link>
		
		<dc:creator><![CDATA[yamyhub]]></dc:creator>
		<pubDate>Tue, 22 Jun 2021 08:27:21 +0000</pubDate>
				<guid isPermaLink="false">https://adult.yamyhub.com/?post_type=video&#038;p=3444</guid>

					<description><![CDATA[<p>Abella danger Fuck anal and cum in mouth hloed Abella danger fuck anal and cum in mouth anal porn videos anal sex videos big ass anal video big butt big tits big boobs porn videos abella danger anal abella danger take cock in her ass.</p>
<p>The post <a rel="nofollow" href="https://adult.yamyhub.com/video/abella-danger-fuck-anal-and-cum-in-mouth-hloed/">Abella danger Fuck anal and cum in mouth hloed</a> appeared first on <a rel="nofollow" href="https://adult.yamyhub.com">Yamyhub</a>.</p>
]]></description>
										<content:encoded><![CDATA[<h2>Abella danger Fuck anal and cum in mouth hloed</h2>
<p>Abella danger fuck anal and cum in mouth anal porn videos anal sex videos big ass anal video big butt big tits big boobs porn videos abella danger anal abella danger take cock in her ass.</p>
<p>The post <a rel="nofollow" href="https://adult.yamyhub.com/video/abella-danger-fuck-anal-and-cum-in-mouth-hloed/">Abella danger Fuck anal and cum in mouth hloed</a> appeared first on <a rel="nofollow" href="https://adult.yamyhub.com">Yamyhub</a>.</p>
]]></content:encoded>
					
		
		
			</item>
	</channel>
</rss>
