<?xml version="1.0" encoding="UTF-8"?><rss version="2.0"
	xmlns:content="http://purl.org/rss/1.0/modules/content/"
	xmlns:wfw="http://wellformedweb.org/CommentAPI/"
	xmlns:dc="http://purl.org/dc/elements/1.1/"
	xmlns:atom="http://www.w3.org/2005/Atom"
	xmlns:sy="http://purl.org/rss/1.0/modules/syndication/"
	xmlns:slash="http://purl.org/rss/1.0/modules/slash/"
	>

<channel>
	<title>Fake hostel &#8211; Yamyhub</title>
	<atom:link href="https://www.yamyhub.com/categories/fake-hostel/feed/" rel="self" type="application/rss+xml" />
	<link>https://www.yamyhub.com</link>
	<description>Watch latest free HD Full length Porn video. Big ass, Big cock, MILF, Lesbian, Step sister and Step mother Porn videos. Yamyhub porn videos.</description>
	<lastBuildDate>Tue, 10 Aug 2021 10:24:03 +0000</lastBuildDate>
	<language>en-US</language>
	<sy:updatePeriod>
	hourly	</sy:updatePeriod>
	<sy:updateFrequency>
	1	</sy:updateFrequency>
	<generator>https://wordpress.org/?v=5.8</generator>

<image>
	<url>https://www.yamyhub.com/wp-content/uploads/2021/07/cropped-favicon-32x32.png</url>
	<title>Fake hostel &#8211; Yamyhub</title>
	<link>https://www.yamyhub.com</link>
	<width>32</width>
	<height>32</height>
</image> 
	<item>
		<title>Fake hostel Lovita fate &#038; Mishelle klein get threesome</title>
		<link>https://www.yamyhub.com/video/fake-hostel-lovita-fate-mishelle-klein-get-threesome/</link>
		
		<dc:creator><![CDATA[yamyhub]]></dc:creator>
		<pubDate>Fri, 06 Aug 2021 03:31:04 +0000</pubDate>
				<guid isPermaLink="false">https://www.yamyhub.com/?post_type=video&#038;p=4174</guid>

					<description><![CDATA[<p>Fake hostel Lovita fate &#38; Mishelle Klein get threesome Fake hostel porn stars Mishelle Klein &#38; Lovita fate sex video. FFM threesome with awesome cock take two young chicks. Fake hostel porn yamyhub. Two hostel buddies fuck by hostel manager. Young hot teen with hot chicks love to get threesome FFM porn video. Threesome porn [&#8230;]</p>
<p>The post <a rel="nofollow" href="https://www.yamyhub.com/video/fake-hostel-lovita-fate-mishelle-klein-get-threesome/">Fake hostel Lovita fate &#038; Mishelle klein get threesome</a> appeared first on <a rel="nofollow" href="https://www.yamyhub.com">Yamyhub</a>.</p>
]]></description>
										<content:encoded><![CDATA[<h2>Fake hostel Lovita fate &amp; Mishelle Klein get threesome</h2>
<p>Fake hostel porn stars Mishelle Klein &amp; Lovita fate sex video. FFM threesome with awesome cock take two young chicks. Fake hostel porn yamyhub. Two hostel buddies fuck by hostel manager. Young hot teen with hot chicks love to get threesome FFM porn video. Threesome porn with two female one male porn video xvideos sex video Youporn video.</p>
<p>The post <a rel="nofollow" href="https://www.yamyhub.com/video/fake-hostel-lovita-fate-mishelle-klein-get-threesome/">Fake hostel Lovita fate &#038; Mishelle klein get threesome</a> appeared first on <a rel="nofollow" href="https://www.yamyhub.com">Yamyhub</a>.</p>
]]></content:encoded>
					
		
		
			</item>
	</channel>
</rss>
