<?xml version="1.0" encoding="UTF-8"?><rss version="2.0"
	xmlns:content="http://purl.org/rss/1.0/modules/content/"
	xmlns:wfw="http://wellformedweb.org/CommentAPI/"
	xmlns:dc="http://purl.org/dc/elements/1.1/"
	xmlns:atom="http://www.w3.org/2005/Atom"
	xmlns:sy="http://purl.org/rss/1.0/modules/syndication/"
	xmlns:slash="http://purl.org/rss/1.0/modules/slash/"
	>

<channel>
	<title>Kali roses &#8211; Yamyhub</title>
	<atom:link href="https://www.yamyhub.com/categories/kali-roses/feed/" rel="self" type="application/rss+xml" />
	<link>https://www.yamyhub.com</link>
	<description>Watch latest free HD Full length Porn video. Big ass, Big cock, MILF, Lesbian, Step sister and Step mother Porn videos. Yamyhub porn videos.</description>
	<lastBuildDate>Tue, 10 Aug 2021 10:42:48 +0000</lastBuildDate>
	<language>en-US</language>
	<sy:updatePeriod>
	hourly	</sy:updatePeriod>
	<sy:updateFrequency>
	1	</sy:updateFrequency>
	<generator>https://wordpress.org/?v=5.8</generator>

<image>
	<url>https://www.yamyhub.com/wp-content/uploads/2021/07/cropped-favicon-32x32.png</url>
	<title>Kali roses &#8211; Yamyhub</title>
	<link>https://www.yamyhub.com</link>
	<width>32</width>
	<height>32</height>
</image> 
	<item>
		<title>Blacked Blonde pornstar Kali roses Gangbanged by 6 BBC</title>
		<link>https://www.yamyhub.com/video/blacked-blonde-pornstar-kali-roses-gangbanged-by-6-bbc/</link>
		
		<dc:creator><![CDATA[yamyhub]]></dc:creator>
		<pubDate>Wed, 04 Aug 2021 09:37:41 +0000</pubDate>
				<guid isPermaLink="false">https://www.yamyhub.com/?post_type=video&#038;p=4141</guid>

					<description><![CDATA[<p>Blacked Blonde pornstar Kali roses Gangbanged by 6 BBC Blacked pornstar Kali roses porn video. Six big black cocks fuck young blonde girl pussy and cum on mouth. Blacked Gangbang porn yamyhub. Blonde girl want to fuck her pussy from big black cock. P0rnstar Kali roses love to get BBC Gangbanged. Women want to gangbang [&#8230;]</p>
<p>The post <a rel="nofollow" href="https://www.yamyhub.com/video/blacked-blonde-pornstar-kali-roses-gangbanged-by-6-bbc/">Blacked Blonde pornstar Kali roses Gangbanged by 6 BBC</a> appeared first on <a rel="nofollow" href="https://www.yamyhub.com">Yamyhub</a>.</p>
]]></description>
										<content:encoded><![CDATA[<h2>Blacked Blonde pornstar Kali roses Gangbanged by 6 BBC</h2>
<p>Blacked pornstar Kali roses porn video. Six big black cocks fuck young blonde girl pussy and cum on mouth. Blacked Gangbang porn yamyhub. Blonde girl want to fuck her pussy from big black cock. P0rnstar Kali roses love to get BBC Gangbanged. Women want to gangbang from big black cock. Blacked sex videos xxx xhamster porn.</p>
<p>The post <a rel="nofollow" href="https://www.yamyhub.com/video/blacked-blonde-pornstar-kali-roses-gangbanged-by-6-bbc/">Blacked Blonde pornstar Kali roses Gangbanged by 6 BBC</a> appeared first on <a rel="nofollow" href="https://www.yamyhub.com">Yamyhub</a>.</p>
]]></content:encoded>
					
		
		
			</item>
	</channel>
</rss>
