2f81
<?xml version="1.0" encoding="UTF-8"?><rss version="2.0"
	xmlns:content="http://purl.org/rss/1.0/modules/content/"
	xmlns:wfw="http://wellformedweb.org/CommentAPI/"
	xmlns:dc="http://purl.org/dc/elements/1.1/"
	xmlns:atom="http://www.w3.org/2005/Atom"
	xmlns:sy="http://purl.org/rss/1.0/modules/syndication/"
	xmlns:slash="http://purl.org/rss/1.0/modules/slash/"
	>

<channel>
	<title>Mia khalifa &#8211; Yamyhub</title>
	<atom:link href="https://www.yamyhub.com/categories/mia-khalifa/feed/" rel="self" type="application/rss+xml" />
	<link>https://www.yamyhub.com</link>
	<description>Watch latest free HD Full length Porn video. Big ass, Big cock, MILF, Lesbian, Step sister and Step mother Porn videos. Yamyhub porn videos.</description>
	<lastBuildDate>Fri, 16 Jul 2021 03:38:05 +0000</lastBuildDate>
	<language>en-US</language>
	<sy:updatePeriod>
	hourly	</sy:updatePeriod>
	<sy:updateFrequency>
	1	</sy:updateFrequency>
	<generator>https://wordpress.org/?v=5.7.2</generator>

<image>
	<url>https://www.yamyhub.com/wp-content/uploads/2021/06/favicon.png</url>
	<title>Mia khalifa &#8211; Yamyhub</title>
	<link>https://www.yamyhub.com</link>
	<width>32</width>
	<height>32</height>
</image> 
	<item>
		<title>Rachel Rose, Tiffany Valentine &#038; mia khalifa suck cock during game</title>
		<link>https://www.yamyhub.com/video/rachel-rose-tiffany-valentine-mia-khalifa-suck-cock-during-game/</link>
		
		<dc:creator><![CDATA[yamyhub]]></dc:creator>
		<pubDate>Tue, 22 Jun 2021 03:17:41 +0000</pubDate>
				<guid isPermaLink="false">https://www.yamyhub.com/?post_type=video&#038;p=3427</guid>

					<description><![CDATA[<p>Rachel RRachel Rose, Tiffany Valentine &#38; mia khalifa suck cock during gameose, Tiffany Valentine &#38; mia khalifa suck cock during game Foursome porn videos, latest porn videos of mia khalifa Rachel Rose, Tiffany Valentine &#38; mia khalifa suck and take cock in pussy during game bi ass big boobs big butt big cock big tits [&#8230;]</p>
<p>The post <a rel="nofollow" href="https://www.yamyhub.com/video/rachel-rose-tiffany-valentine-mia-khalifa-suck-cock-during-game/">Rachel Rose, Tiffany Valentine &#038; mia khalifa suck cock during game</a> appeared first on <a rel="nofollow" href="https://www.yamyhub.com">Yamyhub</a>.</p>
]]></description>
										<content:encoded><![CDATA[<h2>Rachel RRachel Rose, Tiffany Valentine &amp; mia khalifa suck cock during gameose, Tiffany Valentine &amp; mia khalifa suck cock during game</h2>
<p>Foursome porn videos, latest porn videos of mia khalifa Rachel Rose, Tiffany Valentine &amp; mia khalifa suck and take cock in pussy during game bi ass big boobs big butt big cock big tits Rachel Rose porn videos Tiffany Valentine porn video mia khalifa khalifa porn video.</p>
<p>The post <a rel="nofollow" href="https://www.yamyhub.com/video/rachel-rose-tiffany-valentine-mia-khalifa-suck-cock-during-game/">Rachel Rose, Tiffany Valentine &#038; mia khalifa suck cock during game</a> appeared first on <a rel="nofollow" href="https://www.yamyhub.com">Yamyhub</a>.</p>
]]></content:encoded>
					
		
		
			</item>
		<item>
		<title>Arab girl mia khalifa take big black cock in pussy</title>
		<link>https://www.yamyhub.com/video/arab-girl-mia-khalifa-take-big-black-cock-pussy/</link>
		
		<dc:creator><![CDATA[yamyhub]]></dc:creator>
		<pubDate>Tue, 22 Jun 2021 03:17:38 +0000</pubDate>
				<guid isPermaLink="false">https://www.yamyhub.com/?post_type=video&#038;p=3428</guid>

					<description><![CDATA[<p>Arab girl mia khalifa take big black cock in pussy mia khalifa take black monster cock in her pussy. mia khalifa porn video latest mia khalifa porn videos. mia khalifa big boobs big ass bbc black cock big tits.</p>
<p>The post <a rel="nofollow" href="https://www.yamyhub.com/video/arab-girl-mia-khalifa-take-big-black-cock-pussy/">Arab girl mia khalifa take big black cock in pussy</a> appeared first on <a rel="nofollow" href="https://www.yamyhub.com">Yamyhub</a>.</p>
]]></description>
										<content:encoded><![CDATA[<h2>Arab girl mia khalifa take big black cock in pussy</h2>
<p>mia khalifa take black monster cock in her pussy. mia khalifa porn video latest mia khalifa porn videos. mia khalifa big boobs big ass bbc black cock big tits.</p>
<p>The post <a rel="nofollow" href="https://www.yamyhub.com/video/arab-girl-mia-khalifa-take-big-black-cock-pussy/">Arab girl mia khalifa take big black cock in pussy</a> appeared first on <a rel="nofollow" href="https://www.yamyhub.com">Yamyhub</a>.</p>
]]></content:encoded>
					
		
		
			</item>
		<item>
		<title>Mia Khalifa all collection in one video, Mia khalifa porn videos</title>
		<link>https://www.yamyhub.com/video/mia-khalifa-all-collection-in-one-video-mia-khalifa-porn-videos/</link>
		
		<dc:creator><![CDATA[yamyhub]]></dc:creator>
		<pubDate>Tue, 22 Jun 2021 03:16:50 +0000</pubDate>
				<guid isPermaLink="false">https://www.yamyhub.com/?post_type=video&#038;p=3429</guid>

					<description><![CDATA[<p>Mia Khalifa all collection in one video, Mia khalifa porn videos Watch mia khalifa all video, all collection watch in one video mia khalifa all videos all collection of mia khalifa mia khalifa porn videos latest mia khalifa porn video mia khalifa porn.</p>
<p>The post <a rel="nofollow" href="https://www.yamyhub.com/video/mia-khalifa-all-collection-in-one-video-mia-khalifa-porn-videos/">Mia Khalifa all collection in one video, Mia khalifa porn videos</a> appeared first on <a rel="nofollow" href="https://www.yamyhub.com">Yamyhub</a>.</p>
]]></description>
										<content:encoded><![CDATA[<h2>Mia Khalifa all collection in one video, Mia khalifa porn videos</h2>
<p>Watch mia khalifa all video, all collection watch in one video mia khalifa all videos all collection of mia khalifa mia khalifa porn videos latest mia khalifa porn video mia khalifa porn.</p>
<p>The post <a rel="nofollow" href="https://www.yamyhub.com/video/mia-khalifa-all-collection-in-one-video-mia-khalifa-porn-videos/">Mia Khalifa all collection in one video, Mia khalifa porn videos</a> appeared first on <a rel="nofollow" href="https://www.yamyhub.com">Yamyhub</a>.</p>
]]></content:encoded>
					
		
		
			</item>
		<item>
		<title>Arabic muslim Girls fucked by big cock mia khalifa</title>
		<link>https://www.yamyhub.com/video/arabic-muslim-girls-fucked-by-big-cock-mia-khalifa/</link>
		
		<dc:creator><![CDATA[yamyhub]]></dc:creator>
		<pubDate>Tue, 22 Jun 2021 02:38:55 +0000</pubDate>
				<guid isPermaLink="false">https://www.yamyhub.com/?post_type=video&#038;p=3423</guid>

					<description><![CDATA[<p>Arabic muslim Girls fucked by big cock mia khalifa Arab muslim girl mia khalifa fucked hardcore big cock, arab muslim girl mia khalifa porn videos mia khalifa porn arab porn videos.</p>
<p>The post <a rel="nofollow" href="https://www.yamyhub.com/video/arabic-muslim-girls-fucked-by-big-cock-mia-khalifa/">Arabic muslim Girls fucked by big cock mia khalifa</a> appeared first on <a rel="nofollow" href="https://www.yamyhub.com">Yamyhub</a>.</p>
]]></description>
										<content:encoded><![CDATA[<h2>Arabic muslim Girls fucked by big cock mia khalifa</h2>
<p>Arab muslim girl mia khalifa fucked hardcore big cock, arab muslim girl mia khalifa porn videos mia khalifa porn arab porn videos.</p>
<p>The post <a rel="nofollow" href="https://www.yamyhub.com/video/arabic-muslim-girls-fucked-by-big-cock-mia-khalifa/">Arabic muslim Girls fucked by big cock mia khalifa</a> appeared first on <a rel="nofollow" href="https://www.yamyhub.com">Yamyhub</a>.</p>
]]></content:encoded>
					
		
		
			</item>
		<item>
		<title>Hot arab girl mia khalifa Fucked By big black cock</title>
		<link>https://www.yamyhub.com/video/hot-arab-girl-mia-khalifa-fucked-by-big-black-cock/</link>
		
		<dc:creator><![CDATA[yamyhub]]></dc:creator>
		<pubDate>Tue, 22 Jun 2021 02:15:10 +0000</pubDate>
				<guid isPermaLink="false">https://www.yamyhub.com/?post_type=video&#038;p=3421</guid>

					<description><![CDATA[<p>Hot arab girl mia khalifa Fucked By big black cock Mia khalifa porn videos, bog cock big black cock fuck pussy big dick arab muslim girl porn videos.</p>
<p>The post <a rel="nofollow" href="https://www.yamyhub.com/video/hot-arab-girl-mia-khalifa-fucked-by-big-black-cock/">Hot arab girl mia khalifa Fucked By big black cock</a> appeared first on <a rel="nofollow" href="https://www.yamyhub.com">Yamyhub</a>.</p>
]]></description>
										<content:encoded><![CDATA[<h2>Hot arab girl mia khalifa Fucked By big black cock</h2>
<p>Mia khalifa porn videos, bog cock big black cock fuck pussy big dick arab muslim girl porn videos.</p>
<p>The post <a rel="nofollow" href="https://www.yamyhub.com/video/hot-arab-girl-mia-khalifa-fucked-by-big-black-cock/">Hot arab girl mia khalifa Fucked By big black cock</a> appeared first on <a rel="nofollow" href="https://www.yamyhub.com">Yamyhub</a>.</p>
]]></content:encoded>
					
		
		
			</item>
		<item>
		<title>Arab Muslim Girl Mia khalifa Fuck By big cock BangBros</title>
		<link>https://www.yamyhub.com/video/arab-muslim-girl-mia-khalifa-fuck-big-cock-bangbros/</link>
		
		<dc:creator><![CDATA[yamyhub]]></dc:creator>
		<pubDate>Sat, 12 Jun 2021 11:08:59 +0000</pubDate>
				<guid isPermaLink="false">https://www.yamyhub.com/?post_type=video&#038;p=3313</guid>

					<description><![CDATA[<p>Arab Muslim Girl Mia khalifa Fuck By big cock BangBros Arab muslim Teen Mia khalifa fuck from sean lawless. Mia khalifa porn video with sean lawless. Big boobs mia khalifa big tits muslim arab mia khlaifa big ass porn videos.</p>
<p>The post <a rel="nofollow" href="https://www.yamyhub.com/video/arab-muslim-girl-mia-khalifa-fuck-big-cock-bangbros/">Arab Muslim Girl Mia khalifa Fuck By big cock BangBros</a> appeared first on <a rel="nofollow" href="https://www.yamyhub.com">Yamyhub</a>.</p>
]]></description>
										<content:encoded><![CDATA[<h1>Arab Muslim Girl Mia khalifa Fuck By big cock BangBros</h1>
<p>Arab muslim Teen Mia khalifa fuck from sean lawless.</p>
<p>Mia khalifa porn video with sean lawless. Big boobs mia khalifa big tits muslim arab mia khlaifa big ass porn videos.</p>
<p>The post <a rel="nofollow" href="https://www.yamyhub.com/video/arab-muslim-girl-mia-khalifa-fuck-big-cock-bangbros/">Arab Muslim Girl Mia khalifa Fuck By big cock BangBros</a> appeared first on <a rel="nofollow" href="https://www.yamyhub.com">Yamyhub</a>.</p>
]]></content:encoded>
					
		
		
			</item>
		<item>
		<title>Arab stepmom Fuck from Daughter BF Mia khalifa Bangbros</title>
		<link>https://www.yamyhub.com/video/arab-stepmom-fuck-from-daughter-bf-mia-khalifa-bangbros/</link>
		
		<dc:creator><![CDATA[yamyhub]]></dc:creator>
		<pubDate>Sat, 12 Jun 2021 10:50:58 +0000</pubDate>
				<guid isPermaLink="false">https://www.yamyhub.com/?post_type=video&#038;p=3311</guid>

					<description><![CDATA[<p>Arab stepmom Fuck from Daughter BF Mia khalifa Bangbros Arab stepmom porn video, porn videos of mia khalifa Sean Lawless porn  videos with mia khalifa. Julianna Vega  porn videos. Arab stepmom and step daughter fyck boyfriend. threesome arab muslim big tits MILF Muslim Stepdaughter and Stepmom  In a Wild 3Some</p>
<p>The post <a rel="nofollow" href="https://www.yamyhub.com/video/arab-stepmom-fuck-from-daughter-bf-mia-khalifa-bangbros/">Arab stepmom Fuck from Daughter BF Mia khalifa Bangbros</a> appeared first on <a rel="nofollow" href="https://www.yamyhub.com">Yamyhub</a>.</p>
]]></description>
										<content:encoded><![CDATA[<h1>Arab stepmom Fuck from Daughter BF Mia khalifa Bangbros</h1>
<p>Arab stepmom porn video, porn videos of mia khalifa Sean Lawless porn  videos with mia khalifa. Julianna Vega  porn videos.</p>
<p>Arab stepmom and step daughter fyck boyfriend. threesome arab muslim big tits MILF</p>
<p>Muslim Stepdaughter and Stepmom  In a Wild 3Some</p>
<p>The post <a rel="nofollow" href="https://www.yamyhub.com/video/arab-stepmom-fuck-from-daughter-bf-mia-khalifa-bangbros/">Arab stepmom Fuck from Daughter BF Mia khalifa Bangbros</a> appeared first on <a rel="nofollow" href="https://www.yamyhub.com">Yamyhub</a>.</p>
]]></content:encoded>
					
		
		
			</item>
	</channel>
</rss>

0

