1faa
<?xml version="1.0" encoding="UTF-8"?><rss version="2.0"
	xmlns:content="http://purl.org/rss/1.0/modules/content/"
	xmlns:wfw="http://wellformedweb.org/CommentAPI/"
	xmlns:dc="http://purl.org/dc/elements/1.1/"
	xmlns:atom="http://www.w3.org/2005/Atom"
	xmlns:sy="http://purl.org/rss/1.0/modules/syndication/"
	xmlns:slash="http://purl.org/rss/1.0/modules/slash/"
	>

<channel>
	<title>Nicolette Shea &#8211; Yamyhub</title>
	<atom:link href="https://adult.yamyhub.com/categories/nicolette-shea/feed/" rel="self" type="application/rss+xml" />
	<link>https://adult.yamyhub.com</link>
	<description>Watch latest free HD Full length Porn video. Big ass, Big cock, MILF, Lesbian, Step sister and Step mother Porn videos. Yamyhub porn videos.</description>
	<lastBuildDate>Thu, 24 Jun 2021 05:03:29 +0000</lastBuildDate>
	<language>en-US</language>
	<sy:updatePeriod>
	hourly	</sy:updatePeriod>
	<sy:updateFrequency>
	1	</sy:updateFrequency>
	<generator>https://wordpress.org/?v=5.7.2</generator>

<image>
	<url>https://adult.yamyhub.com/wp-content/uploads/2021/06/favicon.png</url>
	<title>Nicolette Shea &#8211; Yamyhub</title>
	<link>https://adult.yamyhub.com</link>
	<width>32</width>
	<height>32</height>
</image> 
	<item>
		<title>Big ass Nicolette shea Fucked hardcore by big dick realityking</title>
		<link>https://adult.yamyhub.com/video/big-ass-nicolette-shea-fucked-hardcore-by-big-dick-realityking/</link>
		
		<dc:creator><![CDATA[yamyhub]]></dc:creator>
		<pubDate>Thu, 24 Jun 2021 02:59:29 +0000</pubDate>
				<guid isPermaLink="false">https://adult.yamyhub.com/?post_type=video&#038;p=3464</guid>

					<description><![CDATA[<p>Big ass Nicolette shea Fucked hardcore by big dick realityking big ass porn big butt big dick big cock big boobs big tits porn video nicolette shea porn video nicolette shea fucked hardcore outdoor porn outdoor fucked hardcore.</p>
<p>The post <a rel="nofollow" href="https://adult.yamyhub.com/video/big-ass-nicolette-shea-fucked-hardcore-by-big-dick-realityking/">Big ass Nicolette shea Fucked hardcore by big dick realityking</a> appeared first on <a rel="nofollow" href="https://adult.yamyhub.com">Yamyhub</a>.</p>
]]></description>
										<content:encoded><![CDATA[<h2>Big ass Nicolette shea Fucked hardcore by big dick realityking</h2>
<p>big ass porn big butt big dick big cock big boobs big tits porn video nicolette shea porn video nicolette shea fucked hardcore outdoor porn outdoor fucked hardcore.</p>
<p>The post <a rel="nofollow" href="https://adult.yamyhub.com/video/big-ass-nicolette-shea-fucked-hardcore-by-big-dick-realityking/">Big ass Nicolette shea Fucked hardcore by big dick realityking</a> appeared first on <a rel="nofollow" href="https://adult.yamyhub.com">Yamyhub</a>.</p>
]]></content:encoded>
					
		
		
			</item>
		<item>
		<title>Nicolette shea &#038; Savannah Bond fucked by jordi threesome</title>
		<link>https://adult.yamyhub.com/video/nicolette-shea-savannah-bond-fucked-by-jordi-threesome/</link>
		
		<dc:creator><![CDATA[yamyhub]]></dc:creator>
		<pubDate>Wed, 23 Jun 2021 06:08:06 +0000</pubDate>
				<guid isPermaLink="false">https://adult.yamyhub.com/?post_type=video&#038;p=3452</guid>

					<description><![CDATA[<p>Nicolette shea &#38; Savannah Bond fucked by jordi threesome Savannah Bond and nicolette shea fuck hardcore by  Jordi El Nino Polla.  Jordi El Nino Polla porn videos  Jordi El Nino Polla threesome fuck pussy Savannah Bond porn videos Savannah Bond threesome Savannah Bond anal Nicolette Shea porn videos Nicolette Shea anal Nicolette Shea threesome brazzers [&#8230;]</p>
<p>The post <a rel="nofollow" href="https://adult.yamyhub.com/video/nicolette-shea-savannah-bond-fucked-by-jordi-threesome/">Nicolette shea &#038; Savannah Bond fucked by jordi threesome</a> appeared first on <a rel="nofollow" href="https://adult.yamyhub.com">Yamyhub</a>.</p>
]]></description>
										<content:encoded><![CDATA[<h2>Nicolette shea &amp; Savannah Bond fucked by jordi threesome</h2>
<p>Savannah Bond and nicolette shea fuck hardcore by  Jordi El Nino Polla.  Jordi El Nino Polla porn videos  Jordi El Nino Polla threesome fuck pussy Savannah Bond porn videos Savannah Bond threesome Savannah Bond anal Nicolette Shea porn videos Nicolette Shea anal Nicolette Shea threesome brazzers porn videos Brazzers big ass busty moms</p>
<p>The post <a rel="nofollow" href="https://adult.yamyhub.com/video/nicolette-shea-savannah-bond-fucked-by-jordi-threesome/">Nicolette shea &#038; Savannah Bond fucked by jordi threesome</a> appeared first on <a rel="nofollow" href="https://adult.yamyhub.com">Yamyhub</a>.</p>
]]></content:encoded>
					
		
		
			</item>
		<item>
		<title>Big ass Nicolette shea ass fuck &#038; squirt jordi</title>
		<link>https://adult.yamyhub.com/video/big-ass-nicolette-shea-ass-fuck-squirt-jordi/</link>
		
		<dc:creator><![CDATA[yamyhub]]></dc:creator>
		<pubDate>Wed, 23 Jun 2021 05:41:58 +0000</pubDate>
				<guid isPermaLink="false">https://adult.yamyhub.com/?post_type=video&#038;p=3449</guid>

					<description><![CDATA[<p>Big ass Nicolette shea ass fuck &#38; squirt jordi brazzers latest new full hd porn videos brazzers porn videos nicolette shea porn videos female domination nicolette shea ass fuck anal porn Jordi El Nino Polla porn video Jordi El Nino Polla fuck nicolette shea anal porn.</p>
<p>The post <a rel="nofollow" href="https://adult.yamyhub.com/video/big-ass-nicolette-shea-ass-fuck-squirt-jordi/">Big ass Nicolette shea ass fuck &#038; squirt jordi</a> appeared first on <a rel="nofollow" href="https://adult.yamyhub.com">Yamyhub</a>.</p>
]]></description>
										<content:encoded><![CDATA[<h2>Big ass Nicolette shea ass fuck &amp; squirt jordi</h2>
<p>brazzers latest new full hd porn videos brazzers porn videos nicolette shea porn videos female domination nicolette shea ass fuck anal porn Jordi El Nino Polla porn video Jordi El Nino Polla fuck nicolette shea anal porn.</p>
<p>The post <a rel="nofollow" href="https://adult.yamyhub.com/video/big-ass-nicolette-shea-ass-fuck-squirt-jordi/">Big ass Nicolette shea ass fuck &#038; squirt jordi</a> appeared first on <a rel="nofollow" href="https://adult.yamyhub.com">Yamyhub</a>.</p>
]]></content:encoded>
					
		
		
			</item>
		<item>
		<title>Stepmom Suck Stepdaughter Boyfriend cock under cover Brazzers</title>
		<link>https://adult.yamyhub.com/video/stepmom-suck-stepdaughter-boyfriend-cock-under-cover-brazzers/</link>
		
		<dc:creator><![CDATA[yamyhub]]></dc:creator>
		<pubDate>Sun, 20 Jun 2021 06:20:43 +0000</pubDate>
				<guid isPermaLink="false">https://adult.yamyhub.com/?post_type=video&#038;p=3411</guid>

					<description><![CDATA[<p>Stepmom Suck Stepdaughter Boyfriend cock under cover Brazzers Brazzers stepmom porn videos, Brazzers stepdaughter porn videos. mom suck boyfriend cock under cover. brazzers porn videos. Threesome porn videos. two sluty female fuck by male dominant. Nicolette Shea porn videos, Nicolette Shea threesome porn Nicolette Shea and lana rhoades porn videos. Nicolette Shea threesome porn videos.</p>
<p>The post <a rel="nofollow" href="https://adult.yamyhub.com/video/stepmom-suck-stepdaughter-boyfriend-cock-under-cover-brazzers/">Stepmom Suck Stepdaughter Boyfriend cock under cover Brazzers</a> appeared first on <a rel="nofollow" href="https://adult.yamyhub.com">Yamyhub</a>.</p>
]]></description>
										<content:encoded><![CDATA[<h2>Stepmom Suck Stepdaughter Boyfriend cock under cover Brazzers</h2>
<p>Brazzers stepmom porn videos, Brazzers stepdaughter porn videos. mom suck boyfriend cock under cover. brazzers porn videos. Threesome porn videos. two sluty female fuck by male dominant. Nicolette Shea porn videos, Nicolette Shea threesome porn Nicolette Shea and lana rhoades porn videos. Nicolette Shea threesome porn videos.</p>
<p>The post <a rel="nofollow" href="https://adult.yamyhub.com/video/stepmom-suck-stepdaughter-boyfriend-cock-under-cover-brazzers/">Stepmom Suck Stepdaughter Boyfriend cock under cover Brazzers</a> appeared first on <a rel="nofollow" href="https://adult.yamyhub.com">Yamyhub</a>.</p>
]]></content:encoded>
					
		
		
			</item>
	</channel>
</rss>

0

