<?xml version="1.0" encoding="UTF-8"?><rss version="2.0"
	xmlns:content="http://purl.org/rss/1.0/modules/content/"
	xmlns:wfw="http://wellformedweb.org/CommentAPI/"
	xmlns:dc="http://purl.org/dc/elements/1.1/"
	xmlns:atom="http://www.w3.org/2005/Atom"
	xmlns:sy="http://purl.org/rss/1.0/modules/syndication/"
	xmlns:slash="http://purl.org/rss/1.0/modules/slash/"
	>

<channel>
	<title>Alexis Fawx &#8211; Yamyhub</title>
	<atom:link href="https://www.yamyhub.com/categories/alexis-fawx/feed/" rel="self" type="application/rss+xml" />
	<link>https://www.yamyhub.com</link>
	<description>Watch latest free HD Full length Porn video. Big ass, Big cock, MILF, Lesbian, Step sister and Step mother Porn videos. Yamyhub porn videos.</description>
	<lastBuildDate>Tue, 17 Aug 2021 06:54:46 +0000</lastBuildDate>
	<language>en-US</language>
	<sy:updatePeriod>
	hourly	</sy:updatePeriod>
	<sy:updateFrequency>
	1	</sy:updateFrequency>
	<generator>https://wordpress.org/?v=5.8</generator>

<image>
	<url>https://www.yamyhub.com/wp-content/uploads/2021/07/cropped-favicon-32x32.png</url>
	<title>Alexis Fawx &#8211; Yamyhub</title>
	<link>https://www.yamyhub.com</link>
	<width>32</width>
	<height>32</height>
</image> 
	<item>
		<title>MYLF blonde mature MILF Alexis fawx get pounded oiled</title>
		<link>https://www.yamyhub.com/video/mylf-blonde-mature-milf-alexis-fawx-get-pounded-oiled/</link>
		
		<dc:creator><![CDATA[yamyhub]]></dc:creator>
		<pubDate>Tue, 17 Aug 2021 06:08:56 +0000</pubDate>
				<guid isPermaLink="false">https://www.yamyhub.com/?post_type=video&#038;p=4587</guid>

					<description><![CDATA[<p>MYLF blonde mature MILF Alexis fawx get pounded oiled MYLF pornstar Alexis fawx porn video. Big tits mature get oiled Blowjob at outdoor. MILF get pounded hard with oiled outdoor sex yamyhub. Alexis fawx with big boobs fuck pussy and filed with cum. Pornstar get pounded by big cock fro outdoor. Big tits mom and [&#8230;]</p>
<p>The post <a rel="nofollow" href="https://www.yamyhub.com/video/mylf-blonde-mature-milf-alexis-fawx-get-pounded-oiled/">MYLF blonde mature MILF Alexis fawx get pounded oiled</a> appeared first on <a rel="nofollow" href="https://www.yamyhub.com">Yamyhub</a>.</p>
]]></description>
										<content:encoded><![CDATA[<h2>MYLF blonde mature MILF Alexis fawx get pounded oiled</h2>
<p>MYLF pornstar Alexis fawx porn video. Big tits mature get oiled Blowjob at outdoor. MILF get pounded hard with oiled outdoor sex yamyhub. Alexis fawx with big boobs fuck pussy and filed with cum. Pornstar get pounded by big cock fro outdoor. Big tits mom and son take cock fuck hard &amp; rough. Blonde pound.</p>
<p>The post <a rel="nofollow" href="https://www.yamyhub.com/video/mylf-blonde-mature-milf-alexis-fawx-get-pounded-oiled/">MYLF blonde mature MILF Alexis fawx get pounded oiled</a> appeared first on <a rel="nofollow" href="https://www.yamyhub.com">Yamyhub</a>.</p>
]]></content:encoded>
					
		
		
			</item>
		<item>
		<title>Reality king big boobs stepmom alexis fawx lesson her son</title>
		<link>https://www.yamyhub.com/video/reality-king-big-boobs-stepmom-alexis-fawx-lesson-her-son/</link>
		
		<dc:creator><![CDATA[yamyhub]]></dc:creator>
		<pubDate>Thu, 05 Aug 2021 05:54:35 +0000</pubDate>
				<guid isPermaLink="false">https://www.yamyhub.com/?post_type=video&#038;p=4157</guid>

					<description><![CDATA[<p>Reality king big boobs stepmom alexis fawx lesson her son Reality king porn star Alexis Fawx porn video. Mature big boobs stepmom Want to be friend with son. Stepson fucked mom at home porn yamyhub. Alexis fawx want her son&#8217;s cock when father not at home. Home sex with son Alexis fawx sex videos xxx. [&#8230;]</p>
<p>The post <a rel="nofollow" href="https://www.yamyhub.com/video/reality-king-big-boobs-stepmom-alexis-fawx-lesson-her-son/">Reality king big boobs stepmom alexis fawx lesson her son</a> appeared first on <a rel="nofollow" href="https://www.yamyhub.com">Yamyhub</a>.</p>
]]></description>
										<content:encoded><![CDATA[<h2>Reality king big boobs stepmom alexis fawx lesson her son</h2>
<p>Reality king porn star Alexis Fawx porn video. Mature big boobs stepmom Want to be friend with son. Stepson fucked mom at home porn yamyhub. Alexis fawx want her son&#8217;s cock when father not at home. Home sex with son Alexis fawx sex videos xxx. Spankbang porn video TXXX porn yamyhub. reality king Mom want to fuck from son porn.</p>
<p>The post <a rel="nofollow" href="https://www.yamyhub.com/video/reality-king-big-boobs-stepmom-alexis-fawx-lesson-her-son/">Reality king big boobs stepmom alexis fawx lesson her son</a> appeared first on <a rel="nofollow" href="https://www.yamyhub.com">Yamyhub</a>.</p>
]]></content:encoded>
					
		
		
			</item>
		<item>
		<title>Natalia Starr fell better after massage lesbian Alexis fawx</title>
		<link>https://www.yamyhub.com/video/natalia-starr-fell-better-after-massage-lesbian-alexis-fawx/</link>
		
		<dc:creator><![CDATA[yamyhub]]></dc:creator>
		<pubDate>Sun, 01 Aug 2021 04:10:14 +0000</pubDate>
				<guid isPermaLink="false">https://www.yamyhub.com/?post_type=video&#038;p=4071</guid>

					<description><![CDATA[<p>Natalia Starr fell better after massage lesbian Alexis fawx All Girls massage Porn star Natalia Starr &#38; Alexis Fawx lesbian porn video. oiled girls Latina lesbians Alexis Fawx &#38; Natalia Starr yamyhub. Massage by stepmom Alexis Fawx. Natalia star get massage lesson from Alexis Fawx. Lesbian Natalia star want to get lesbian lick from stepmom [&#8230;]</p>
<p>The post <a rel="nofollow" href="https://www.yamyhub.com/video/natalia-starr-fell-better-after-massage-lesbian-alexis-fawx/">Natalia Starr fell better after massage lesbian Alexis fawx</a> appeared first on <a rel="nofollow" href="https://www.yamyhub.com">Yamyhub</a>.</p>
]]></description>
										<content:encoded><![CDATA[<h2>Natalia Starr fell better after massage lesbian Alexis fawx</h2>
<p>All Girls massage Porn star Natalia Starr &amp; Alexis Fawx lesbian porn video. oiled girls Latina lesbians Alexis Fawx &amp; Natalia Starr yamyhub. Massage by stepmom Alexis Fawx. Natalia star get massage lesson from Alexis Fawx. Lesbian Natalia star want to get lesbian lick from stepmom Alexis Fawx. All girls massage porn Youporn videos.</p>
<p>The post <a rel="nofollow" href="https://www.yamyhub.com/video/natalia-starr-fell-better-after-massage-lesbian-alexis-fawx/">Natalia Starr fell better after massage lesbian Alexis fawx</a> appeared first on <a rel="nofollow" href="https://www.yamyhub.com">Yamyhub</a>.</p>
]]></content:encoded>
					
		
		
			</item>
		<item>
		<title>The car break down sex turns out Mom Alexis Fawx Nathan Bronson</title>
		<link>https://www.yamyhub.com/video/the-car-break-down-sex-turns-out-mom-alexis-fawx-nathan-bronson/</link>
		
		<dc:creator><![CDATA[yamyhub]]></dc:creator>
		<pubDate>Fri, 09 Jul 2021 13:53:29 +0000</pubDate>
				<guid isPermaLink="false">https://www.yamyhub.com/?post_type=video&#038;p=3566</guid>

					<description><![CDATA[<p>The car break down sex turns out Mom Alexis Fawx Nathan Bronson Naughty America Stepmom porn video Stepmom Alexis Fawx sex turns out with her son during car break down stepmom latest porn video yamyhub naughty America latest porn video stepmom porn video mom Alexis Fawx porn video Nathan Bronson porn video latest Nathan Bronson [&#8230;]</p>
<p>The post <a rel="nofollow" href="https://www.yamyhub.com/video/the-car-break-down-sex-turns-out-mom-alexis-fawx-nathan-bronson/">The car break down sex turns out Mom Alexis Fawx Nathan Bronson</a> appeared first on <a rel="nofollow" href="https://www.yamyhub.com">Yamyhub</a>.</p>
]]></description>
										<content:encoded><![CDATA[<h2>The car break down sex turns out Mom Alexis Fawx Nathan Bronson</h2>
<p>Naughty America Stepmom porn video Stepmom Alexis Fawx sex turns out with her son during car break down stepmom latest porn video yamyhub naughty America latest porn video stepmom porn video mom Alexis Fawx porn video Nathan Bronson porn video latest Nathan Bronson porn</p>
<p>The post <a rel="nofollow" href="https://www.yamyhub.com/video/the-car-break-down-sex-turns-out-mom-alexis-fawx-nathan-bronson/">The car break down sex turns out Mom Alexis Fawx Nathan Bronson</a> appeared first on <a rel="nofollow" href="https://www.yamyhub.com">Yamyhub</a>.</p>
]]></content:encoded>
					
		
		
			</item>
	</channel>
</rss>
