<?xml version="1.0" encoding="UTF-8"?><rss version="2.0"
	xmlns:content="http://purl.org/rss/1.0/modules/content/"
	xmlns:wfw="http://wellformedweb.org/CommentAPI/"
	xmlns:dc="http://purl.org/dc/elements/1.1/"
	xmlns:atom="http://www.w3.org/2005/Atom"
	xmlns:sy="http://purl.org/rss/1.0/modules/syndication/"
	xmlns:slash="http://purl.org/rss/1.0/modules/slash/"
	>

<channel>
	<title>Tushyraw &#8211; Yamyhub</title>
	<atom:link href="https://www.yamyhub.com/categories/tushyraw/feed/" rel="self" type="application/rss+xml" />
	<link>https://www.yamyhub.com</link>
	<description>Watch latest free HD Full length Porn video. Big ass, Big cock, MILF, Lesbian, Step sister and Step mother Porn videos. Yamyhub porn videos.</description>
	<lastBuildDate>Wed, 16 Jun 2021 04:37:09 +0000</lastBuildDate>
	<language>en-US</language>
	<sy:updatePeriod>
	hourly	</sy:updatePeriod>
	<sy:updateFrequency>
	1	</sy:updateFrequency>
	<generator>https://wordpress.org/?v=5.7.2</generator>

<image>
	<url>https://www.yamyhub.com/wp-content/uploads/2021/06/favicon.png</url>
	<title>Tushyraw &#8211; Yamyhub</title>
	<link>https://www.yamyhub.com</link>
	<width>32</width>
	<height>32</height>
</image> 
	<item>
		<title>Angela White Fuck Hardcore Big cock Anal Sex TUSHYRAW</title>
		<link>https://www.yamyhub.com/video/angela-white-fuck-hardcore-big-cock-anal-sex-tushyraw/</link>
		
		<dc:creator><![CDATA[yamyhub]]></dc:creator>
		<pubDate>Thu, 20 May 2021 16:37:41 +0000</pubDate>
				<guid isPermaLink="false">http://localhost/github/?post_type=video&#038;p=2966</guid>

					<description><![CDATA[<p>Angela White Fuck Hardcore Big cock Anal Sex TUSHYRAW Angela white porn videos, Angela white pics, Porn video, TUSHYRAW, Anal sex, Hardcore sex, Fuck hardcore Angela white</p>
<p>The post <a rel="nofollow" href="https://www.yamyhub.com/video/angela-white-fuck-hardcore-big-cock-anal-sex-tushyraw/">Angela White Fuck Hardcore Big cock Anal Sex TUSHYRAW</a> appeared first on <a rel="nofollow" href="https://www.yamyhub.com">Yamyhub</a>.</p>
]]></description>
										<content:encoded><![CDATA[<h3>Angela White Fuck Hardcore Big cock Anal Sex TUSHYRAW</h3>
<p>Angela white porn videos, Angela white pics, Porn video, TUSHYRAW, Anal sex, Hardcore sex, Fuck hardcore Angela white</p>
<p>The post <a rel="nofollow" href="https://www.yamyhub.com/video/angela-white-fuck-hardcore-big-cock-anal-sex-tushyraw/">Angela White Fuck Hardcore Big cock Anal Sex TUSHYRAW</a> appeared first on <a rel="nofollow" href="https://www.yamyhub.com">Yamyhub</a>.</p>
]]></content:encoded>
					
		
		
			</item>
	</channel>
</rss>
