457c
<?xml version="1.0" encoding="UTF-8"?><rss version="2.0"
	xmlns:content="http://purl.org/rss/1.0/modules/content/"
	xmlns:wfw="http://wellformedweb.org/CommentAPI/"
	xmlns:dc="http://purl.org/dc/elements/1.1/"
	xmlns:atom="http://www.w3.org/2005/Atom"
	xmlns:sy="http://purl.org/rss/1.0/modules/syndication/"
	xmlns:slash="http://purl.org/rss/1.0/modules/slash/"
	>

<channel>
	<title>Angela White &#8211; Yamyhub</title>
	<atom:link href="https://adult.yamyhub.com/categories/angela-white/feed/" rel="self" type="application/rss+xml" />
	<link>https://adult.yamyhub.com</link>
	<description>Watch latest free HD Full length Porn video. Big ass, Big cock, MILF, Lesbian, Step sister and Step mother Porn videos. Yamyhub porn videos.</description>
	<lastBuildDate>Sun, 27 Jun 2021 10:15:19 +0000</lastBuildDate>
	<language>en-US</language>
	<sy:updatePeriod>
	hourly	</sy:updatePeriod>
	<sy:updateFrequency>
	1	</sy:updateFrequency>
	<generator>https://wordpress.org/?v=5.7.2</generator>

<image>
	<url>https://adult.yamyhub.com/wp-content/uploads/2021/06/favicon.png</url>
	<title>Angela White &#8211; Yamyhub</title>
	<link>https://adult.yamyhub.com</link>
	<width>32</width>
	<height>32</height>
</image> 
	<item>
		<title>Angela white &#038; Keisha grey have lesbian sex During massage</title>
		<link>https://adult.yamyhub.com/video/angela-white-keisha-grey-have-lesbian-sex-during-massage/</link>
		
		<dc:creator><![CDATA[yamyhub]]></dc:creator>
		<pubDate>Mon, 21 Jun 2021 13:56:10 +0000</pubDate>
				<guid isPermaLink="false">https://adult.yamyhub.com/?post_type=video&#038;p=3419</guid>

					<description><![CDATA[<p>Angela white &#38; Keisha grey have lesbian sex During massage Angela white porn videos, Angela white lesbian sex, watch latest angela white lesbian porn videos new lesbian porn videos. Keisha grey porn videos, Keisha grey lesbian sex with angela white.</p>
<p>The post <a rel="nofollow" href="https://adult.yamyhub.com/video/angela-white-keisha-grey-have-lesbian-sex-during-massage/">Angela white &#038; Keisha grey have lesbian sex During massage</a> appeared first on <a rel="nofollow" href="https://adult.yamyhub.com">Yamyhub</a>.</p>
]]></description>
										<content:encoded><![CDATA[<h2>Angela white &amp; Keisha grey have lesbian sex During massage</h2>
<p>Angela white porn videos, Angela white lesbian sex, watch latest angela white lesbian porn videos new lesbian porn videos. Keisha grey porn videos, Keisha grey lesbian sex with angela white.</p>
<p>The post <a rel="nofollow" href="https://adult.yamyhub.com/video/angela-white-keisha-grey-have-lesbian-sex-during-massage/">Angela white &#038; Keisha grey have lesbian sex During massage</a> appeared first on <a rel="nofollow" href="https://adult.yamyhub.com">Yamyhub</a>.</p>
]]></content:encoded>
					
		
		
			</item>
		<item>
		<title>Abella danger, Angela white &#038; krissy lynn Fuck girlsway office</title>
		<link>https://adult.yamyhub.com/video/abella-danger-angela-white-krissy-lynn-fuck-girlsway-office/</link>
		
		<dc:creator><![CDATA[yamyhub]]></dc:creator>
		<pubDate>Thu, 17 Jun 2021 09:54:04 +0000</pubDate>
				<guid isPermaLink="false">https://adult.yamyhub.com/?post_type=video&#038;p=3391</guid>

					<description><![CDATA[<p>Abella danger, Angela white &#38; krissy lynn Fuck girlsway office Big ass porn video, lesbian porn videos, big tits porn big ass angela white porn video. angela white lesbian porn. abella danger lesbian porn abella danger. krissy lynn porn lesbian krissy lynn porn.</p>
<p>The post <a rel="nofollow" href="https://adult.yamyhub.com/video/abella-danger-angela-white-krissy-lynn-fuck-girlsway-office/">Abella danger, Angela white &#038; krissy lynn Fuck girlsway office</a> appeared first on <a rel="nofollow" href="https://adult.yamyhub.com">Yamyhub</a>.</p>
]]></description>
										<content:encoded><![CDATA[<h2>Abella danger, Angela white &amp; krissy lynn Fuck girlsway office</h2>
<p>Big ass porn video, lesbian porn videos, big tits porn big ass angela white porn video. angela white lesbian porn. abella danger lesbian porn abella danger. krissy lynn porn lesbian krissy lynn porn.</p>
<p>The post <a rel="nofollow" href="https://adult.yamyhub.com/video/abella-danger-angela-white-krissy-lynn-fuck-girlsway-office/">Abella danger, Angela white &#038; krissy lynn Fuck girlsway office</a> appeared first on <a rel="nofollow" href="https://adult.yamyhub.com">Yamyhub</a>.</p>
]]></content:encoded>
					
		
		
			</item>
		<item>
		<title>Abella danger &#038; angela white anal strapon in office Girlsway</title>
		<link>https://adult.yamyhub.com/video/abella-danger-angela-white-anal-strapon-in-office-girlsway/</link>
		
		<dc:creator><![CDATA[yamyhub]]></dc:creator>
		<pubDate>Thu, 17 Jun 2021 08:31:56 +0000</pubDate>
				<guid isPermaLink="false">https://adult.yamyhub.com/?post_type=video&#038;p=3389</guid>

					<description><![CDATA[<p>Abella danger &#38; angela white anal strapon in office Girlsway Big tits lesbian fuck each other, big ass big boobs teen porn video fuck in office sex toys use strapon porn video.Abella danger fuck angela white with strapon. strapon porn videos. Dominated porn videos. abella danger porn video. lesbian porn videos. angela white porn video.</p>
<p>The post <a rel="nofollow" href="https://adult.yamyhub.com/video/abella-danger-angela-white-anal-strapon-in-office-girlsway/">Abella danger &#038; angela white anal strapon in office Girlsway</a> appeared first on <a rel="nofollow" href="https://adult.yamyhub.com">Yamyhub</a>.</p>
]]></description>
										<content:encoded><![CDATA[<h2>Abella danger &amp; angela white anal strapon in office Girlsway</h2>
<p>Big tits lesbian fuck each other, big ass big boobs teen porn video fuck in office sex toys use strapon porn video.Abella danger fuck angela white with strapon. strapon porn videos. Dominated porn videos.</p>
<p>abella danger porn video. lesbian porn videos. angela white porn video.</p>
<p>The post <a rel="nofollow" href="https://adult.yamyhub.com/video/abella-danger-angela-white-anal-strapon-in-office-girlsway/">Abella danger &#038; angela white anal strapon in office Girlsway</a> appeared first on <a rel="nofollow" href="https://adult.yamyhub.com">Yamyhub</a>.</p>
]]></content:encoded>
					
		
		
			</item>
		<item>
		<title>Twistys Teens Angela White Darcie Dolce Fuck each other</title>
		<link>https://adult.yamyhub.com/video/twistys-teens-angela-white-darcie-dolce-fuck-each-other/</link>
		
		<dc:creator><![CDATA[yamyhub]]></dc:creator>
		<pubDate>Thu, 20 May 2021 16:50:30 +0000</pubDate>
				<guid isPermaLink="false">http://localhost/github/?post_type=video&#038;p=2977</guid>

					<description><![CDATA[<p>Twistys Teens Angela White &#38; Darcie Dolce Fuck each other Twistys – Teens Angela White &#38; Darcie Dolce Fuck each other, lesbian porn videos, Big Ass porn, Big Tits porn, HD Porn, Lesbian porn videos, Pornstar, Pussy Licking, Lesbian</p>
<p>The post <a rel="nofollow" href="https://adult.yamyhub.com/video/twistys-teens-angela-white-darcie-dolce-fuck-each-other/">Twistys Teens Angela White Darcie Dolce Fuck each other</a> appeared first on <a rel="nofollow" href="https://adult.yamyhub.com">Yamyhub</a>.</p>
]]></description>
										<content:encoded><![CDATA[<h3>Twistys Teens Angela White &amp; Darcie Dolce Fuck each other</h3>
<p>Twistys – Teens Angela White &amp; Darcie Dolce Fuck each other, lesbian porn videos, Big Ass porn, Big Tits porn, HD Porn, Lesbian porn videos, Pornstar, Pussy Licking, Lesbian</p>
<p>The post <a rel="nofollow" href="https://adult.yamyhub.com/video/twistys-teens-angela-white-darcie-dolce-fuck-each-other/">Twistys Teens Angela White Darcie Dolce Fuck each other</a> appeared first on <a rel="nofollow" href="https://adult.yamyhub.com">Yamyhub</a>.</p>
]]></content:encoded>
					
		
		
			</item>
		<item>
		<title>Angela White Fuck Hardcore Big cock Anal Sex TUSHYRAW</title>
		<link>https://adult.yamyhub.com/video/angela-white-fuck-hardcore-big-cock-anal-sex-tushyraw/</link>
		
		<dc:creator><![CDATA[yamyhub]]></dc:creator>
		<pubDate>Thu, 20 May 2021 16:37:41 +0000</pubDate>
				<guid isPermaLink="false">http://localhost/github/?post_type=video&#038;p=2966</guid>

					<description><![CDATA[<p>Angela White Fuck Hardcore Big cock Anal Sex TUSHYRAW Angela white porn videos, Angela white pics, Porn video, TUSHYRAW, Anal sex, Hardcore sex, Fuck hardcore Angela white</p>
<p>The post <a rel="nofollow" href="https://adult.yamyhub.com/video/angela-white-fuck-hardcore-big-cock-anal-sex-tushyraw/">Angela White Fuck Hardcore Big cock Anal Sex TUSHYRAW</a> appeared first on <a rel="nofollow" href="https://adult.yamyhub.com">Yamyhub</a>.</p>
]]></description>
										<content:encoded><![CDATA[<h3>Angela White Fuck Hardcore Big cock Anal Sex TUSHYRAW</h3>
<p>Angela white porn videos, Angela white pics, Porn video, TUSHYRAW, Anal sex, Hardcore sex, Fuck hardcore Angela white</p>
<p>The post <a rel="nofollow" href="https://adult.yamyhub.com/video/angela-white-fuck-hardcore-big-cock-anal-sex-tushyraw/">Angela White Fuck Hardcore Big cock Anal Sex TUSHYRAW</a> appeared first on <a rel="nofollow" href="https://adult.yamyhub.com">Yamyhub</a>.</p>
]]></content:encoded>
					
		
		
			</item>
		<item>
		<title>Jules Jordan &#8211; Angela White Gangbang, Triple Penetration, Double Anal</title>
		<link>https://adult.yamyhub.com/video/jules-jordan-angela-white-gangbang-triple-penetration-double-anal/</link>
		
		<dc:creator><![CDATA[yamyhub]]></dc:creator>
		<pubDate>Mon, 17 May 2021 16:56:11 +0000</pubDate>
				<guid isPermaLink="false">http://localhost/github/?post_type=video&#038;p=2924</guid>

					<description><![CDATA[<p>Jules Jordan &#8211; Angela White Gangbang, Triple Penetration, Double Anal &#8211; Mick blue, Robby Echo, Steve Holmes Jules Jordan &#8211; Angela White Gangbang, Triple Penetration, Double Anal &#8211; Mick blue porn video, Robby Echo porn videos, Steve Holmes porn videos, Angela white gangbang, Angela white porn, Angela white sex videos, Angela white anal</p>
<p>The post <a rel="nofollow" href="https://adult.yamyhub.com/video/jules-jordan-angela-white-gangbang-triple-penetration-double-anal/">Jules Jordan &#8211; Angela White Gangbang, Triple Penetration, Double Anal</a> appeared first on <a rel="nofollow" href="https://adult.yamyhub.com">Yamyhub</a>.</p>
]]></description>
										<content:encoded><![CDATA[<h3>Jules Jordan &#8211; Angela White Gangbang, Triple Penetration, Double Anal &#8211; Mick blue, Robby Echo, Steve Holmes</h3>
<p>Jules Jordan &#8211; Angela White Gangbang, Triple Penetration, Double Anal &#8211; Mick blue porn video, Robby Echo porn videos, Steve Holmes porn videos, Angela white gangbang, Angela white porn, Angela white sex videos, Angela white anal</p>
<p>The post <a rel="nofollow" href="https://adult.yamyhub.com/video/jules-jordan-angela-white-gangbang-triple-penetration-double-anal/">Jules Jordan &#8211; Angela White Gangbang, Triple Penetration, Double Anal</a> appeared first on <a rel="nofollow" href="https://adult.yamyhub.com">Yamyhub</a>.</p>
]]></content:encoded>
					
		
		
			</item>
		<item>
		<title>Interracial Double Penetration Black cock Angela White</title>
		<link>https://adult.yamyhub.com/video/interracial-double-penetration-black-cock-angela-white/</link>
		
		<dc:creator><![CDATA[yamyhub]]></dc:creator>
		<pubDate>Mon, 17 May 2021 16:56:05 +0000</pubDate>
				<guid isPermaLink="false">http://localhost/github/?post_type=video&#038;p=2923</guid>

					<description><![CDATA[<p>Interracial Porn Video Double Penetration Black cock &#8211; Angela White Black cock, Angela white porn, Double Penetration, Interracial Porn Video, Angela white double penetration.</p>
<p>The post <a rel="nofollow" href="https://adult.yamyhub.com/video/interracial-double-penetration-black-cock-angela-white/">Interracial Double Penetration Black cock Angela White</a> appeared first on <a rel="nofollow" href="https://adult.yamyhub.com">Yamyhub</a>.</p>
]]></description>
										<content:encoded><![CDATA[<h3>Interracial Porn Video Double Penetration Black cock &#8211; Angela White</h3>
<p>Black cock, Angela white porn, Double Penetration, Interracial Porn Video, Angela white double penetration.</p>
<p>The post <a rel="nofollow" href="https://adult.yamyhub.com/video/interracial-double-penetration-black-cock-angela-white/">Interracial Double Penetration Black cock Angela White</a> appeared first on <a rel="nofollow" href="https://adult.yamyhub.com">Yamyhub</a>.</p>
]]></content:encoded>
					
		
		
			</item>
		<item>
		<title>Jules Jordan 13 Guys Fuck Angela White Biggest gangbang</title>
		<link>https://adult.yamyhub.com/video/jules-jordan-13-guys-fuck-angela-white-biggest-gangbang/</link>
		
		<dc:creator><![CDATA[yamyhub]]></dc:creator>
		<pubDate>Mon, 17 May 2021 16:56:00 +0000</pubDate>
				<guid isPermaLink="false">http://localhost/github/?post_type=video&#038;p=2927</guid>

					<description><![CDATA[<p>Jules Jordan &#8211; 13 Guys Fuck Hard Angela White&#8217;s Biggest Blowbang Double penetration, Double anal, Babe, Big Ass, Big Tits, Blowjob, Brunette, Bukkake, Cumshot, Gangbang, HD Porn, Hardcore, Pornstar, Australian, Big Boobs, Natural Tits, Blowbang Brunette, Huge Tits, Blowbang Swallow, Big Butts, Big Cocks, Big Tits, Blow Bang, Blowjobs Brunettes, Deep Throat, Blowjob, Cumshot.</p>
<p>The post <a rel="nofollow" href="https://adult.yamyhub.com/video/jules-jordan-13-guys-fuck-angela-white-biggest-gangbang/">Jules Jordan 13 Guys Fuck Angela White Biggest gangbang</a> appeared first on <a rel="nofollow" href="https://adult.yamyhub.com">Yamyhub</a>.</p>
]]></description>
										<content:encoded><![CDATA[<h3>Jules Jordan &#8211; 13 Guys Fuck Hard Angela White&#8217;s Biggest Blowbang</h3>
<p>Double penetration, Double anal, Babe, Big Ass, Big Tits, Blowjob, Brunette, Bukkake, Cumshot, Gangbang, HD Porn, Hardcore, Pornstar, Australian, Big Boobs, Natural Tits, Blowbang Brunette, Huge Tits, Blowbang Swallow, Big Butts, Big Cocks, Big Tits, Blow Bang, Blowjobs Brunettes, Deep Throat, Blowjob, Cumshot.</p>
<p>The post <a rel="nofollow" href="https://adult.yamyhub.com/video/jules-jordan-13-guys-fuck-angela-white-biggest-gangbang/">Jules Jordan 13 Guys Fuck Angela White Biggest gangbang</a> appeared first on <a rel="nofollow" href="https://adult.yamyhub.com">Yamyhub</a>.</p>
]]></content:encoded>
					
		
		
			</item>
		<item>
		<title>Jules Jordan &#8211; Biggest Blowbang 13 Guys on Angela White</title>
		<link>https://adult.yamyhub.com/video/jules-jordan-biggest-blowbang-13-guys-on-angela-white/</link>
					<comments>https://adult.yamyhub.com/video/jules-jordan-biggest-blowbang-13-guys-on-angela-white/#respond</comments>
		
		<dc:creator><![CDATA[yamyhub]]></dc:creator>
		<pubDate>Mon, 17 May 2021 09:14:15 +0000</pubDate>
				<guid isPermaLink="false">http://localhost/github/?post_type=video&#038;p=2916</guid>

					<description><![CDATA[<p>Jules Jordan &#8211; Biggest Blowbang by 13 Guys on Angela White gangbang Jules Jordan &#8211; Biggest Blowbang by 13 Guys on Angela White gangbang, Gangbang on angela white, Gangbang porn, angela white anal, blowbang porn, big ass porn, angela white porn videos, Angela white gangbang, jules jordan porn, jules jordan gangbang porn</p>
<p>The post <a rel="nofollow" href="https://adult.yamyhub.com/video/jules-jordan-biggest-blowbang-13-guys-on-angela-white/">Jules Jordan &#8211; Biggest Blowbang 13 Guys on Angela White</a> appeared first on <a rel="nofollow" href="https://adult.yamyhub.com">Yamyhub</a>.</p>
]]></description>
										<content:encoded><![CDATA[<p>Jules Jordan &#8211; Biggest Blowbang by 13 Guys on Angela White gangbang</p>
<p>Jules Jordan &#8211; Biggest Blowbang by 13 Guys on Angela White gangbang, Gangbang on angela white, Gangbang porn, angela white anal, blowbang porn, big ass porn, angela white porn videos, Angela white gangbang, jules jordan porn, jules jordan gangbang porn</p>
<p>The post <a rel="nofollow" href="https://adult.yamyhub.com/video/jules-jordan-biggest-blowbang-13-guys-on-angela-white/">Jules Jordan &#8211; Biggest Blowbang 13 Guys on Angela White</a> appeared first on <a rel="nofollow" href="https://adult.yamyhub.com">Yamyhub</a>.</p>
]]></content:encoded>
					
					<wfw:commentRss>https://adult.yamyhub.com/video/jules-jordan-biggest-blowbang-13-guys-on-angela-white/feed/</wfw:commentRss>
			<slash:comments>0</slash:comments>
		
		
			</item>
		<item>
		<title>Naughty Lesbian Sex In Kitchen Phoenix Marie Angela White</title>
		<link>https://adult.yamyhub.com/video/naughty-lesbian-sex-in-kitchen-phoenix-marie-angela-white/</link>
		
		<dc:creator><![CDATA[yamyhub]]></dc:creator>
		<pubDate>Mon, 17 May 2021 08:31:13 +0000</pubDate>
				<guid isPermaLink="false">http://localhost/github/?post_type=video&#038;p=2913</guid>

					<description><![CDATA[<p>Lesbian Sex, Lesbian Sex In Kitchen, Phoenix Marie porn videos angela white porn videos, lesbian, Phoenix marie and angela white fuck each other</p>
<p>The post <a rel="nofollow" href="https://adult.yamyhub.com/video/naughty-lesbian-sex-in-kitchen-phoenix-marie-angela-white/">Naughty Lesbian Sex In Kitchen Phoenix Marie Angela White</a> appeared first on <a rel="nofollow" href="https://adult.yamyhub.com">Yamyhub</a>.</p>
]]></description>
										<content:encoded><![CDATA[<p>Lesbian Sex, Lesbian Sex In Kitchen, Phoenix Marie porn videos</p>
<p>angela white porn videos, lesbian,</p>
<p>Phoenix marie and angela white fuck each other</p>
<p>The post <a rel="nofollow" href="https://adult.yamyhub.com/video/naughty-lesbian-sex-in-kitchen-phoenix-marie-angela-white/">Naughty Lesbian Sex In Kitchen Phoenix Marie Angela White</a> appeared first on <a rel="nofollow" href="https://adult.yamyhub.com">Yamyhub</a>.</p>
]]></content:encoded>
					
		
		
			</item>
	</channel>
</rss>

0

