4728
<?xml version="1.0" encoding="UTF-8"?><rss version="2.0"
	xmlns:content="http://purl.org/rss/1.0/modules/content/"
	xmlns:wfw="http://wellformedweb.org/CommentAPI/"
	xmlns:dc="http://purl.org/dc/elements/1.1/"
	xmlns:atom="http://www.w3.org/2005/Atom"
	xmlns:sy="http://purl.org/rss/1.0/modules/syndication/"
	xmlns:slash="http://purl.org/rss/1.0/modules/slash/"
	>

<channel>
	<title>Pornhub &#8211; Yamyhub</title>
	<atom:link href="https://adult.yamyhub.com/categories/pornhub/feed/" rel="self" type="application/rss+xml" />
	<link>https://adult.yamyhub.com</link>
	<description>Watch latest free HD Full length Porn video. Big ass, Big cock, MILF, Lesbian, Step sister and Step mother Porn videos. Yamyhub porn videos.</description>
	<lastBuildDate>Sun, 27 Jun 2021 04:09:46 +0000</lastBuildDate>
	<language>en-US</language>
	<sy:updatePeriod>
	hourly	</sy:updatePeriod>
	<sy:updateFrequency>
	1	</sy:updateFrequency>
	<generator>https://wordpress.org/?v=5.7.2</generator>

<image>
	<url>https://adult.yamyhub.com/wp-content/uploads/2021/06/favicon.png</url>
	<title>Pornhub &#8211; Yamyhub</title>
	<link>https://adult.yamyhub.com</link>
	<width>32</width>
	<height>32</height>
</image> 
	<item>
		<title>stepmom &#038; stepsister Fucked by son and dad Familystrokes</title>
		<link>https://adult.yamyhub.com/video/stepmom-stepsister-fucked-by-son-and-dad-familystrokes/</link>
		
		<dc:creator><![CDATA[yamyhub]]></dc:creator>
		<pubDate>Fri, 25 Jun 2021 12:57:38 +0000</pubDate>
				<guid isPermaLink="false">https://adult.yamyhub.com/?post_type=video&#038;p=3473</guid>

					<description><![CDATA[<p>stepmom &#38; stepsister Fucked by son and dad Family strokes Family strokes porn video big ass MILF porn videos big tits MILF porn stepsister porn videos stepmom porn videos MILF hardcore porn videos.</p>
<p>The post <a rel="nofollow" href="https://adult.yamyhub.com/video/stepmom-stepsister-fucked-by-son-and-dad-familystrokes/">stepmom &#038; stepsister Fucked by son and dad Familystrokes</a> appeared first on <a rel="nofollow" href="https://adult.yamyhub.com">Yamyhub</a>.</p>
]]></description>
										<content:encoded><![CDATA[<h1>stepmom &amp; stepsister Fucked by son and dad Family strokes</h1>
<p>Family strokes porn video big ass MILF porn videos big tits MILF porn stepsister porn videos stepmom porn videos MILF hardcore porn videos.</p>
<p>The post <a rel="nofollow" href="https://adult.yamyhub.com/video/stepmom-stepsister-fucked-by-son-and-dad-familystrokes/">stepmom &#038; stepsister Fucked by son and dad Familystrokes</a> appeared first on <a rel="nofollow" href="https://adult.yamyhub.com">Yamyhub</a>.</p>
]]></content:encoded>
					
		
		
			</item>
		<item>
		<title>Big ass Nicolette shea ass fuck &#038; squirt jordi</title>
		<link>https://adult.yamyhub.com/video/big-ass-nicolette-shea-ass-fuck-squirt-jordi/</link>
		
		<dc:creator><![CDATA[yamyhub]]></dc:creator>
		<pubDate>Wed, 23 Jun 2021 05:41:58 +0000</pubDate>
				<guid isPermaLink="false">https://adult.yamyhub.com/?post_type=video&#038;p=3449</guid>

					<description><![CDATA[<p>Big ass Nicolette shea ass fuck &#38; squirt jordi brazzers latest new full hd porn videos brazzers porn videos nicolette shea porn videos female domination nicolette shea ass fuck anal porn Jordi El Nino Polla porn video Jordi El Nino Polla fuck nicolette shea anal porn.</p>
<p>The post <a rel="nofollow" href="https://adult.yamyhub.com/video/big-ass-nicolette-shea-ass-fuck-squirt-jordi/">Big ass Nicolette shea ass fuck &#038; squirt jordi</a> appeared first on <a rel="nofollow" href="https://adult.yamyhub.com">Yamyhub</a>.</p>
]]></description>
										<content:encoded><![CDATA[<h2>Big ass Nicolette shea ass fuck &amp; squirt jordi</h2>
<p>brazzers latest new full hd porn videos brazzers porn videos nicolette shea porn videos female domination nicolette shea ass fuck anal porn Jordi El Nino Polla porn video Jordi El Nino Polla fuck nicolette shea anal porn.</p>
<p>The post <a rel="nofollow" href="https://adult.yamyhub.com/video/big-ass-nicolette-shea-ass-fuck-squirt-jordi/">Big ass Nicolette shea ass fuck &#038; squirt jordi</a> appeared first on <a rel="nofollow" href="https://adult.yamyhub.com">Yamyhub</a>.</p>
]]></content:encoded>
					
		
		
			</item>
		<item>
		<title>Lesbian x Lana rhoades &#038; Tori black have lesbian sex</title>
		<link>https://adult.yamyhub.com/video/lesbian-x-lana-rhoades-tori-black-have-lesbian-sex/</link>
		
		<dc:creator><![CDATA[yamyhub]]></dc:creator>
		<pubDate>Tue, 22 Jun 2021 04:43:47 +0000</pubDate>
				<guid isPermaLink="false">https://adult.yamyhub.com/?post_type=video&#038;p=3433</guid>

					<description><![CDATA[<p>Lesbian x Lana rhoades &#38; Tori black have lesbian sex lesbian videos lana rhoades and tori black tori black and lana rhoades lic and fuck each pussies on bed tori black lesbian porn videos lana rhoades porn videos. lesbian x porn videos</p>
<p>The post <a rel="nofollow" href="https://adult.yamyhub.com/video/lesbian-x-lana-rhoades-tori-black-have-lesbian-sex/">Lesbian x Lana rhoades &#038; Tori black have lesbian sex</a> appeared first on <a rel="nofollow" href="https://adult.yamyhub.com">Yamyhub</a>.</p>
]]></description>
										<content:encoded><![CDATA[<h2>Lesbian x Lana rhoades &amp; Tori black have lesbian sex</h2>
<p>lesbian videos lana rhoades and tori black tori black and lana rhoades lic and fuck each pussies on bed tori black lesbian porn videos lana rhoades porn videos. lesbian x porn videos</p>
<p>The post <a rel="nofollow" href="https://adult.yamyhub.com/video/lesbian-x-lana-rhoades-tori-black-have-lesbian-sex/">Lesbian x Lana rhoades &#038; Tori black have lesbian sex</a> appeared first on <a rel="nofollow" href="https://adult.yamyhub.com">Yamyhub</a>.</p>
]]></content:encoded>
					
		
		
			</item>
		<item>
		<title>Mia Khalifa all collection in one video, Mia khalifa porn videos</title>
		<link>https://adult.yamyhub.com/video/mia-khalifa-all-collection-in-one-video-mia-khalifa-porn-videos/</link>
		
		<dc:creator><![CDATA[yamyhub]]></dc:creator>
		<pubDate>Tue, 22 Jun 2021 03:16:50 +0000</pubDate>
				<guid isPermaLink="false">https://adult.yamyhub.com/?post_type=video&#038;p=3429</guid>

					<description><![CDATA[<p>Mia Khalifa all collection in one video, Mia khalifa porn videos Watch mia khalifa all video, all collection watch in one video mia khalifa all videos all collection of mia khalifa mia khalifa porn videos latest mia khalifa porn video mia khalifa porn.</p>
<p>The post <a rel="nofollow" href="https://adult.yamyhub.com/video/mia-khalifa-all-collection-in-one-video-mia-khalifa-porn-videos/">Mia Khalifa all collection in one video, Mia khalifa porn videos</a> appeared first on <a rel="nofollow" href="https://adult.yamyhub.com">Yamyhub</a>.</p>
]]></description>
										<content:encoded><![CDATA[<h2>Mia Khalifa all collection in one video, Mia khalifa porn videos</h2>
<p>Watch mia khalifa all video, all collection watch in one video mia khalifa all videos all collection of mia khalifa mia khalifa porn videos latest mia khalifa porn video mia khalifa porn.</p>
<p>The post <a rel="nofollow" href="https://adult.yamyhub.com/video/mia-khalifa-all-collection-in-one-video-mia-khalifa-porn-videos/">Mia Khalifa all collection in one video, Mia khalifa porn videos</a> appeared first on <a rel="nofollow" href="https://adult.yamyhub.com">Yamyhub</a>.</p>
]]></content:encoded>
					
		
		
			</item>
		<item>
		<title>Pre Wedding Day Sex Abigail Mac &#038; Adriana Chechik GIRLSWAY</title>
		<link>https://adult.yamyhub.com/video/pre-wedding-day-sex-abigail-mac-adriana-chechik-girlsway/</link>
		
		<dc:creator><![CDATA[yamyhub]]></dc:creator>
		<pubDate>Fri, 11 Jun 2021 04:31:59 +0000</pubDate>
				<guid isPermaLink="false">https://adult.yamyhub.com/?post_type=video&#038;p=3299</guid>

					<description><![CDATA[<p>Pre Wedding Day Sex Abigail Mac &#38; Adriana Chechik GIRLSWAY Lesbian  Girl On Girl Brunette Babe Reality Girlsway Kissing Cheating Lesbian Romantic  Eating Lesbians Pussy Cheater Pussy Licking Cheating Big Tits Big Boobs Big Tits Babe Pussy Licking Brunette Small Tits Lesbian Romantic Pornstar Reality HD Porn</p>
<p>The post <a rel="nofollow" href="https://adult.yamyhub.com/video/pre-wedding-day-sex-abigail-mac-adriana-chechik-girlsway/">Pre Wedding Day Sex Abigail Mac &#038; Adriana Chechik GIRLSWAY</a> appeared first on <a rel="nofollow" href="https://adult.yamyhub.com">Yamyhub</a>.</p>
]]></description>
										<content:encoded><![CDATA[<h1>Pre Wedding Day Sex Abigail Mac &amp; Adriana Chechik GIRLSWAY</h1>
<p>Lesbian  Girl On Girl Brunette Babe Reality Girlsway Kissing Cheating Lesbian Romantic  Eating Lesbians Pussy Cheater Pussy Licking Cheating Big Tits Big Boobs</p>
<p>Big Tits Babe Pussy Licking Brunette Small Tits Lesbian Romantic Pornstar Reality HD Porn</p>
<p>The post <a rel="nofollow" href="https://adult.yamyhub.com/video/pre-wedding-day-sex-abigail-mac-adriana-chechik-girlsway/">Pre Wedding Day Sex Abigail Mac &#038; Adriana Chechik GIRLSWAY</a> appeared first on <a rel="nofollow" href="https://adult.yamyhub.com">Yamyhub</a>.</p>
]]></content:encoded>
					
		
		
			</item>
		<item>
		<title>Abigail Mac &#8216;s Lesbian Affair with big boobs babe &#8211; Girlsway</title>
		<link>https://adult.yamyhub.com/video/abigail-mac-s-lesbian-affair-with-big-boobs-babe-girlsway/</link>
		
		<dc:creator><![CDATA[yamyhub]]></dc:creator>
		<pubDate>Fri, 11 Jun 2021 04:15:31 +0000</pubDate>
				<guid isPermaLink="false">https://adult.yamyhub.com/?post_type=video&#038;p=3297</guid>

					<description><![CDATA[<p>Abigail Mac &#8216;s Lesbian Affair with big boobs babe &#8211; Girlsway HD Porn Pornstar Latina Lesbian Pussy Licking Popular With Women Girlsway Latina Stockings Lesbian Ass Licking Girl On Girl   Pussy Licking  Rimming  Fake Tits Kissing Pilot Big Tits  Brunette Stocking Lingerie High Heels girlsway lesbian porn videos.</p>
<p>The post <a rel="nofollow" href="https://adult.yamyhub.com/video/abigail-mac-s-lesbian-affair-with-big-boobs-babe-girlsway/">Abigail Mac &#8216;s Lesbian Affair with big boobs babe &#8211; Girlsway</a> appeared first on <a rel="nofollow" href="https://adult.yamyhub.com">Yamyhub</a>.</p>
]]></description>
										<content:encoded><![CDATA[<h1>Abigail Mac &#8216;s Lesbian Affair with big boobs babe &#8211; Girlsway</h1>
<p>HD Porn Pornstar Latina Lesbian Pussy Licking Popular With Women</p>
<p>Girlsway Latina Stockings Lesbian Ass Licking Girl On Girl   Pussy Licking  Rimming  Fake Tits Kissing Pilot Big Tits  Brunette Stocking Lingerie High Heels</p>
<p>girlsway lesbian porn videos.</p>
<p>The post <a rel="nofollow" href="https://adult.yamyhub.com/video/abigail-mac-s-lesbian-affair-with-big-boobs-babe-girlsway/">Abigail Mac &#8216;s Lesbian Affair with big boobs babe &#8211; Girlsway</a> appeared first on <a rel="nofollow" href="https://adult.yamyhub.com">Yamyhub</a>.</p>
]]></content:encoded>
					
		
		
			</item>
		<item>
		<title>Brunette Lesbians Lena Paul, Abigail Mac Eat Pussy School Sweetheart</title>
		<link>https://adult.yamyhub.com/video/brunette-lesbians-lena-paul-abigail-mac-eat-pussy-school-sweetheart/</link>
		
		<dc:creator><![CDATA[yamyhub]]></dc:creator>
		<pubDate>Fri, 11 Jun 2021 04:05:21 +0000</pubDate>
				<guid isPermaLink="false">https://adult.yamyhub.com/?post_type=video&#038;p=3295</guid>

					<description><![CDATA[<p>Brunette Lesbians Lena Paul, Abigail Mac Eat Pussy School Sweetheart Pornstar Babe Brunette Fingering Big Ass Lesbian Pussy Licking HD Porn Pornohub Sweetheart Schoolgirl Blowjob Mgvideos Porhub Big Boobs Romantic Big Tits  School Kissing Girl On Girl Teacher  Sissoring Pussy Licking Sweetheartvideo</p>
<p>The post <a rel="nofollow" href="https://adult.yamyhub.com/video/brunette-lesbians-lena-paul-abigail-mac-eat-pussy-school-sweetheart/">Brunette Lesbians Lena Paul, Abigail Mac Eat Pussy School Sweetheart</a> appeared first on <a rel="nofollow" href="https://adult.yamyhub.com">Yamyhub</a>.</p>
]]></description>
										<content:encoded><![CDATA[<h1>Brunette Lesbians Lena Paul, Abigail Mac Eat Pussy School Sweetheart</h1>
<p>Pornstar Babe Brunette Fingering Big Ass Lesbian Pussy Licking HD Porn</p>
<p>Pornohub Sweetheart Schoolgirl Blowjob Mgvideos Porhub Big Boobs Romantic Big Tits  School Kissing Girl On Girl Teacher  Sissoring Pussy Licking Sweetheartvideo</p>
<p>The post <a rel="nofollow" href="https://adult.yamyhub.com/video/brunette-lesbians-lena-paul-abigail-mac-eat-pussy-school-sweetheart/">Brunette Lesbians Lena Paul, Abigail Mac Eat Pussy School Sweetheart</a> appeared first on <a rel="nofollow" href="https://adult.yamyhub.com">Yamyhub</a>.</p>
]]></content:encoded>
					
		
		
			</item>
		<item>
		<title>Kendra Spade Cheats with other Women Abigail Mac Brazzers</title>
		<link>https://adult.yamyhub.com/video/kendra-spade-cheats-with-other-women-abigail-mac-brazzers/</link>
		
		<dc:creator><![CDATA[yamyhub]]></dc:creator>
		<pubDate>Fri, 11 Jun 2021 03:48:34 +0000</pubDate>
				<guid isPermaLink="false">https://adult.yamyhub.com/?post_type=video&#038;p=3293</guid>

					<description><![CDATA[<p>Kendra Spade Cheats with other Women Abigail Mac Brazzers Big Ass Lesbian Brunette HD Porn Big Tits  Pornstar Brazzers Porhub Lesbian Cheater Pornohub Mgvideos Fantasy Cuck Booty Big Tits Curves Sissor Big Ass Thicc Sissoring Pussy Eating Kendra Spade and abigail mac fuck each other. pornhub video. brazzers porn videos.</p>
<p>The post <a rel="nofollow" href="https://adult.yamyhub.com/video/kendra-spade-cheats-with-other-women-abigail-mac-brazzers/">Kendra Spade Cheats with other Women Abigail Mac Brazzers</a> appeared first on <a rel="nofollow" href="https://adult.yamyhub.com">Yamyhub</a>.</p>
]]></description>
										<content:encoded><![CDATA[<h1>Kendra Spade Cheats with other Women Abigail Mac Brazzers</h1>
<p>Big Ass Lesbian Brunette HD Porn Big Tits  Pornstar</p>
<p>Brazzers Porhub Lesbian Cheater Pornohub Mgvideos Fantasy Cuck Booty Big Tits Curves Sissor Big Ass Thicc Sissoring Pussy Eating</p>
<p>Kendra Spade and abigail mac fuck each other. pornhub video. brazzers porn videos.</p>
<p>The post <a rel="nofollow" href="https://adult.yamyhub.com/video/kendra-spade-cheats-with-other-women-abigail-mac-brazzers/">Kendra Spade Cheats with other Women Abigail Mac Brazzers</a> appeared first on <a rel="nofollow" href="https://adult.yamyhub.com">Yamyhub</a>.</p>
]]></content:encoded>
					
		
		
			</item>
		<item>
		<title>Lena Paul and Abigail Mac Eating &#038; Grinding each Pussy BABES</title>
		<link>https://adult.yamyhub.com/video/lena-paul-and-abigail-mac-eating-grinding-each-pussy-babes/</link>
		
		<dc:creator><![CDATA[yamyhub]]></dc:creator>
		<pubDate>Fri, 11 Jun 2021 03:33:33 +0000</pubDate>
				<guid isPermaLink="false">https://adult.yamyhub.com/?post_type=video&#038;p=3291</guid>

					<description><![CDATA[<p>Lena Paul and Abigail Mac Eating &#38; Grinding each Pussy BABES Babe Pussy Licking Big Tits HD Porn Lesbian Pornstar  Scissoring In Lesbian Fingering Porhub Big Tits Babes.Com Babes Lesbian Sex Girl On Girl   Pussy Licking Clit Rubbing Scissoring Bedroom Brunette Babe Natural Tits Hot Chicks  Pornohub Mgvideos Big tits &#38; and big boobs babes lena [&#8230;]</p>
<p>The post <a rel="nofollow" href="https://adult.yamyhub.com/video/lena-paul-and-abigail-mac-eating-grinding-each-pussy-babes/">Lena Paul and Abigail Mac Eating &#038; Grinding each Pussy BABES</a> appeared first on <a rel="nofollow" href="https://adult.yamyhub.com">Yamyhub</a>.</p>
]]></description>
										<content:encoded><![CDATA[<h1>Lena Paul and Abigail Mac Eating &amp; Grinding each Pussy BABES</h1>
<p>Babe Pussy Licking Big Tits HD Porn Lesbian Pornstar  Scissoring In Lesbian Fingering</p>
<p>Porhub Big Tits Babes.Com Babes Lesbian Sex Girl On Girl   Pussy Licking Clit Rubbing Scissoring Bedroom Brunette Babe Natural Tits Hot Chicks  Pornohub Mgvideos</p>
<p>Big tits &amp; and big boobs babes lena paul and abigail mac Eating, fucking and grinding each other pussy on bed. lesbian porn videos. babes lesbian video.</p>
<p>The post <a rel="nofollow" href="https://adult.yamyhub.com/video/lena-paul-and-abigail-mac-eating-grinding-each-pussy-babes/">Lena Paul and Abigail Mac Eating &#038; Grinding each Pussy BABES</a> appeared first on <a rel="nofollow" href="https://adult.yamyhub.com">Yamyhub</a>.</p>
]]></content:encoded>
					
		
		
			</item>
		<item>
		<title>Abigail Mac is HOT for Officer Kissa Sins &#8211; Girlsway</title>
		<link>https://adult.yamyhub.com/video/abigail-mac-is-hot-for-officer-kissa-sins-girlsway/</link>
		
		<dc:creator><![CDATA[yamyhub]]></dc:creator>
		<pubDate>Fri, 11 Jun 2021 03:18:40 +0000</pubDate>
				<guid isPermaLink="false">https://adult.yamyhub.com/?post_type=video&#038;p=3289</guid>

					<description><![CDATA[<p>Abigail Mac is HOT for Officer Kissa Sins &#8211; Girlsway Babe Pussy Licking Brunette HD Porn Pornstar Lesbian MILF   Reality Girlsway Lesbians Pussy Licking  Reality Uniform Kissing Big Tits Tattoos Girl On Girl Trimmed Pussy Shaved  Pussy Eating Licking  Lesbian Police Officer. Abigail mac and kissa sins fuck eachother, lesbian lesbian organism.</p>
<p>The post <a rel="nofollow" href="https://adult.yamyhub.com/video/abigail-mac-is-hot-for-officer-kissa-sins-girlsway/">Abigail Mac is HOT for Officer Kissa Sins &#8211; Girlsway</a> appeared first on <a rel="nofollow" href="https://adult.yamyhub.com">Yamyhub</a>.</p>
]]></description>
										<content:encoded><![CDATA[<h1>Abigail Mac is HOT for Officer Kissa Sins &#8211; Girlsway</h1>
<p>Babe Pussy Licking Brunette HD Porn Pornstar Lesbian MILF   Reality</p>
<p>Girlsway Lesbians Pussy Licking  Reality Uniform Kissing Big Tits Tattoos Girl On Girl Trimmed Pussy Shaved  Pussy Eating Licking  Lesbian Police Officer.</p>
<p>Abigail mac and kissa sins fuck eachother, lesbian lesbian organism.</p>
<p>The post <a rel="nofollow" href="https://adult.yamyhub.com/video/abigail-mac-is-hot-for-officer-kissa-sins-girlsway/">Abigail Mac is HOT for Officer Kissa Sins &#8211; Girlsway</a> appeared first on <a rel="nofollow" href="https://adult.yamyhub.com">Yamyhub</a>.</p>
]]></content:encoded>
					
		
		
			</item>
	</channel>
</rss>

0

