<?xml version="1.0" encoding="UTF-8"?><rss version="2.0"
	xmlns:content="http://purl.org/rss/1.0/modules/content/"
	xmlns:wfw="http://wellformedweb.org/CommentAPI/"
	xmlns:dc="http://purl.org/dc/elements/1.1/"
	xmlns:atom="http://www.w3.org/2005/Atom"
	xmlns:sy="http://purl.org/rss/1.0/modules/syndication/"
	xmlns:slash="http://purl.org/rss/1.0/modules/slash/"
	>

<channel>
	<title>Alix Lynx &#8211; Yamyhub</title>
	<atom:link href="https://www.yamyhub.com/categories/alix-lynx/feed/" rel="self" type="application/rss+xml" />
	<link>https://www.yamyhub.com</link>
	<description>Watch latest free HD Full length Porn video. Big ass, Big cock, MILF, Lesbian, Step sister and Step mother Porn videos. Yamyhub porn videos.</description>
	<lastBuildDate>Tue, 10 Aug 2021 11:10:23 +0000</lastBuildDate>
	<language>en-US</language>
	<sy:updatePeriod>
	hourly	</sy:updatePeriod>
	<sy:updateFrequency>
	1	</sy:updateFrequency>
	<generator>https://wordpress.org/?v=5.8</generator>

<image>
	<url>https://www.yamyhub.com/wp-content/uploads/2021/07/cropped-favicon-32x32.png</url>
	<title>Alix Lynx &#8211; Yamyhub</title>
	<link>https://www.yamyhub.com</link>
	<width>32</width>
	<height>32</height>
</image> 
	<item>
		<title>My slutty hot wife Alix lynx sex with me &#038; cum covered tits</title>
		<link>https://www.yamyhub.com/video/my-slutty-hot-wife-alix-lynx-sex-with-me-cum-covered-tits/</link>
		
		<dc:creator><![CDATA[yamyhub]]></dc:creator>
		<pubDate>Sun, 01 Aug 2021 04:44:38 +0000</pubDate>
				<guid isPermaLink="false">https://www.yamyhub.com/?post_type=video&#038;p=4074</guid>

					<description><![CDATA[<p>My slutty hot wife Alix lynx sex with me &#38; cum covered tits Sneaky sex porn star Alix lynx &#38; Chad white porn video. Busty porn star fucked from dick and cum covered her tits. Alix lynx porn yamyhub. Alix lynx Went out for shopping and come back with cock. Sneaky sex with hot porn [&#8230;]</p>
<p>The post <a rel="nofollow" href="https://www.yamyhub.com/video/my-slutty-hot-wife-alix-lynx-sex-with-me-cum-covered-tits/">My slutty hot wife Alix lynx sex with me &#038; cum covered tits</a> appeared first on <a rel="nofollow" href="https://www.yamyhub.com">Yamyhub</a>.</p>
]]></description>
										<content:encoded><![CDATA[<h2>My slutty hot wife Alix lynx sex with me &amp; cum covered tits</h2>
<p>Sneaky sex porn star Alix lynx &amp; Chad white porn video. Busty porn star fucked from dick and cum covered her tits. Alix lynx porn yamyhub. Alix lynx Went out for shopping and come back with cock. Sneaky sex with hot porn star Alix lynx from chad white. Chad white best porn videos. Tits coved with cum after sex. XNXX porn.</p>
<p>The post <a rel="nofollow" href="https://www.yamyhub.com/video/my-slutty-hot-wife-alix-lynx-sex-with-me-cum-covered-tits/">My slutty hot wife Alix lynx sex with me &#038; cum covered tits</a> appeared first on <a rel="nofollow" href="https://www.yamyhub.com">Yamyhub</a>.</p>
]]></content:encoded>
					
		
		
			</item>
		<item>
		<title>GIRLSWAY Angela White Turns Bachelorette Party Foursome</title>
		<link>https://www.yamyhub.com/video/girlsway-angela-white-turns-bachelorette-party-foursome/</link>
		
		<dc:creator><![CDATA[yamyhub]]></dc:creator>
		<pubDate>Sat, 15 May 2021 01:49:20 +0000</pubDate>
				<guid isPermaLink="false">http://localhost/github/?post_type=video&#038;p=2868</guid>

					<description><![CDATA[<p>GIRLSWAY Angela White Turns this Bachelorette Party into a Foursome Serena Blair &#8211; Alix Lynx &#8211; Silvia Saige Babe Big Ass, Big Tits, Fingering, HD Porn, Lesbian, MILF Old/Young Pornstar, Pussy Licking, Reality</p>
<p>The post <a rel="nofollow" href="https://www.yamyhub.com/video/girlsway-angela-white-turns-bachelorette-party-foursome/">GIRLSWAY Angela White Turns Bachelorette Party Foursome</a> appeared first on <a rel="nofollow" href="https://www.yamyhub.com">Yamyhub</a>.</p>
]]></description>
										<content:encoded><![CDATA[<p>GIRLSWAY Angela White Turns this Bachelorette Party into a Foursome Serena Blair &#8211; Alix Lynx &#8211; Silvia Saige</p>
<p>Babe Big Ass, Big Tits, Fingering, HD Porn, Lesbian, MILF Old/Young</p>
<p>Pornstar, Pussy Licking, Reality</p>
<p>The post <a rel="nofollow" href="https://www.yamyhub.com/video/girlsway-angela-white-turns-bachelorette-party-foursome/">GIRLSWAY Angela White Turns Bachelorette Party Foursome</a> appeared first on <a rel="nofollow" href="https://www.yamyhub.com">Yamyhub</a>.</p>
]]></content:encoded>
					
		
		
			</item>
	</channel>
</rss>
