45d7
<?xml version="1.0" encoding="UTF-8"?><rss version="2.0"
	xmlns:content="http://purl.org/rss/1.0/modules/content/"
	xmlns:wfw="http://wellformedweb.org/CommentAPI/"
	xmlns:dc="http://purl.org/dc/elements/1.1/"
	xmlns:atom="http://www.w3.org/2005/Atom"
	xmlns:sy="http://purl.org/rss/1.0/modules/syndication/"
	xmlns:slash="http://purl.org/rss/1.0/modules/slash/"
	>

<channel>
	<title>Xvideos &#8211; Yamyhub</title>
	<atom:link href="https://adult.yamyhub.com/categories/xvideos/feed/" rel="self" type="application/rss+xml" />
	<link>https://adult.yamyhub.com</link>
	<description>Watch latest free HD Full length Porn video. Big ass, Big cock, MILF, Lesbian, Step sister and Step mother Porn videos. Yamyhub porn videos.</description>
	<lastBuildDate>Sat, 26 Jun 2021 11:37:30 +0000</lastBuildDate>
	<language>en-US</language>
	<sy:updatePeriod>
	hourly	</sy:updatePeriod>
	<sy:updateFrequency>
	1	</sy:updateFrequency>
	<generator>https://wordpress.org/?v=5.7.2</generator>

<image>
	<url>https://adult.yamyhub.com/wp-content/uploads/2021/06/favicon.png</url>
	<title>Xvideos &#8211; Yamyhub</title>
	<link>https://adult.yamyhub.com</link>
	<width>32</width>
	<height>32</height>
</image> 
	<item>
		<title>Small tits stepsister get big cock from brother family strokes</title>
		<link>https://adult.yamyhub.com/video/small-tits-stepsister-get-big-cock-from-brother-family-strokes/</link>
		
		<dc:creator><![CDATA[yamyhub]]></dc:creator>
		<pubDate>Sat, 26 Jun 2021 11:36:19 +0000</pubDate>
				<guid isPermaLink="false">https://adult.yamyhub.com/?post_type=video&#038;p=3478</guid>

					<description><![CDATA[<p>Small tits stepsister get big cock from brother family strokes small tits big ass big butt stepsister porn videos stepsister get big cock from brother family strokes family strokes porn video</p>
<p>The post <a rel="nofollow" href="https://adult.yamyhub.com/video/small-tits-stepsister-get-big-cock-from-brother-family-strokes/">Small tits stepsister get big cock from brother family strokes</a> appeared first on <a rel="nofollow" href="https://adult.yamyhub.com">Yamyhub</a>.</p>
]]></description>
										<content:encoded><![CDATA[<h2>Small tits stepsister get big cock from brother family strokes</h2>
<p>small tits big ass big butt stepsister porn videos stepsister get big cock from brother family strokes family strokes porn video</p>
<p>The post <a rel="nofollow" href="https://adult.yamyhub.com/video/small-tits-stepsister-get-big-cock-from-brother-family-strokes/">Small tits stepsister get big cock from brother family strokes</a> appeared first on <a rel="nofollow" href="https://adult.yamyhub.com">Yamyhub</a>.</p>
]]></content:encoded>
					
		
		
			</item>
		<item>
		<title>Small tits teen stepsister paola hard Family stroke with brother</title>
		<link>https://adult.yamyhub.com/video/small-tits-teen-stepsister-paola-hard-family-stroke-with-brother/</link>
		
		<dc:creator><![CDATA[yamyhub]]></dc:creator>
		<pubDate>Sat, 26 Jun 2021 11:06:37 +0000</pubDate>
				<guid isPermaLink="false">https://adult.yamyhub.com/?post_type=video&#038;p=3476</guid>

					<description><![CDATA[<p>Small tits teen stepsister paola hard Family stroke with brother Big black cock big ass big butt small tits porn video paola hard family stroke paola hard porn video paola hard fuck from brother step sister porn video step sister fuck from brother bbc small tits</p>
<p>The post <a rel="nofollow" href="https://adult.yamyhub.com/video/small-tits-teen-stepsister-paola-hard-family-stroke-with-brother/">Small tits teen stepsister paola hard Family stroke with brother</a> appeared first on <a rel="nofollow" href="https://adult.yamyhub.com">Yamyhub</a>.</p>
]]></description>
										<content:encoded><![CDATA[<h2>Small tits teen stepsister paola hard Family stroke with brother</h2>
<p>Big black cock big ass big butt small tits porn video paola hard family stroke paola hard porn video paola hard fuck from brother step sister porn video step sister fuck from brother bbc small tits</p>
<p>The post <a rel="nofollow" href="https://adult.yamyhub.com/video/small-tits-teen-stepsister-paola-hard-family-stroke-with-brother/">Small tits teen stepsister paola hard Family stroke with brother</a> appeared first on <a rel="nofollow" href="https://adult.yamyhub.com">Yamyhub</a>.</p>
]]></content:encoded>
					
		
		
			</item>
		<item>
		<title>Stepsister lexis grey &#038; stepmom karen fisher Fucked during online school</title>
		<link>https://adult.yamyhub.com/video/stepsister-lexis-grey-stepmom-karen-fisher-fucked-during-online-school/</link>
		
		<dc:creator><![CDATA[yamyhub]]></dc:creator>
		<pubDate>Fri, 25 Jun 2021 12:03:59 +0000</pubDate>
				<guid isPermaLink="false">https://adult.yamyhub.com/?post_type=video&#038;p=3467</guid>

					<description><![CDATA[<p>Stepsister lexis grey &#38; stepmom karen fisher Fucked during online school family strokes family strokes porn video step sister porn during scool step sister fuck during school MILF porn video milf porn step mother take cock step mother fuck threesome step mom hardcore sex sex during online school.</p>
<p>The post <a rel="nofollow" href="https://adult.yamyhub.com/video/stepsister-lexis-grey-stepmom-karen-fisher-fucked-during-online-school/">Stepsister lexis grey &#038; stepmom karen fisher Fucked during online school</a> appeared first on <a rel="nofollow" href="https://adult.yamyhub.com">Yamyhub</a>.</p>
]]></description>
										<content:encoded><![CDATA[<h2>Stepsister lexis grey &amp; stepmom karen fisher Fucked during online school family strokes</h2>
<p>family strokes porn video step sister porn during scool step sister fuck during school MILF porn video milf porn step mother take cock step mother fuck threesome step mom hardcore sex sex during online school.</p>
<p>The post <a rel="nofollow" href="https://adult.yamyhub.com/video/stepsister-lexis-grey-stepmom-karen-fisher-fucked-during-online-school/">Stepsister lexis grey &#038; stepmom karen fisher Fucked during online school</a> appeared first on <a rel="nofollow" href="https://adult.yamyhub.com">Yamyhub</a>.</p>
]]></content:encoded>
					
		
		
			</item>
		<item>
		<title>Big ass Nicolette shea Fucked hardcore by big dick realityking</title>
		<link>https://adult.yamyhub.com/video/big-ass-nicolette-shea-fucked-hardcore-by-big-dick-realityking/</link>
		
		<dc:creator><![CDATA[yamyhub]]></dc:creator>
		<pubDate>Thu, 24 Jun 2021 02:59:29 +0000</pubDate>
				<guid isPermaLink="false">https://adult.yamyhub.com/?post_type=video&#038;p=3464</guid>

					<description><![CDATA[<p>Big ass Nicolette shea Fucked hardcore by big dick realityking big ass porn big butt big dick big cock big boobs big tits porn video nicolette shea porn video nicolette shea fucked hardcore outdoor porn outdoor fucked hardcore.</p>
<p>The post <a rel="nofollow" href="https://adult.yamyhub.com/video/big-ass-nicolette-shea-fucked-hardcore-by-big-dick-realityking/">Big ass Nicolette shea Fucked hardcore by big dick realityking</a> appeared first on <a rel="nofollow" href="https://adult.yamyhub.com">Yamyhub</a>.</p>
]]></description>
										<content:encoded><![CDATA[<h2>Big ass Nicolette shea Fucked hardcore by big dick realityking</h2>
<p>big ass porn big butt big dick big cock big boobs big tits porn video nicolette shea porn video nicolette shea fucked hardcore outdoor porn outdoor fucked hardcore.</p>
<p>The post <a rel="nofollow" href="https://adult.yamyhub.com/video/big-ass-nicolette-shea-fucked-hardcore-by-big-dick-realityking/">Big ass Nicolette shea Fucked hardcore by big dick realityking</a> appeared first on <a rel="nofollow" href="https://adult.yamyhub.com">Yamyhub</a>.</p>
]]></content:encoded>
					
		
		
			</item>
		<item>
		<title>black women Stepmom Layton benton take cocks brazzers</title>
		<link>https://adult.yamyhub.com/video/black-women-stepmom-layton-benton-take-cocks-brazzers/</link>
		
		<dc:creator><![CDATA[yamyhub]]></dc:creator>
		<pubDate>Wed, 23 Jun 2021 13:33:51 +0000</pubDate>
				<guid isPermaLink="false">https://adult.yamyhub.com/?post_type=video&#038;p=3459</guid>

					<description><![CDATA[<p>big ass black women Stepmom Layton benton take son cocks brazzers jordi El Nino Polla yamyhub threesome threesome porn video jordi El Nino Polla threesome porn two male one female porn jordi El Nino Polla porn video Layton benton porn video Layton benton threesome cock Layton benton porn video</p>
<p>The post <a rel="nofollow" href="https://adult.yamyhub.com/video/black-women-stepmom-layton-benton-take-cocks-brazzers/">black women Stepmom Layton benton take cocks brazzers</a> appeared first on <a rel="nofollow" href="https://adult.yamyhub.com">Yamyhub</a>.</p>
]]></description>
										<content:encoded><![CDATA[<h2>big ass black women Stepmom Layton benton take son cocks brazzers jordi El Nino Polla yamyhub threesome</h2>
<p>threesome porn video jordi El Nino Polla threesome porn two male one female porn jordi El Nino Polla porn video Layton benton porn video Layton benton threesome cock Layton benton porn video</p>
<p>The post <a rel="nofollow" href="https://adult.yamyhub.com/video/black-women-stepmom-layton-benton-take-cocks-brazzers/">black women Stepmom Layton benton take cocks brazzers</a> appeared first on <a rel="nofollow" href="https://adult.yamyhub.com">Yamyhub</a>.</p>
]]></content:encoded>
					
		
		
			</item>
		<item>
		<title>Stepmom Diamond foxxx take cock jordi during Yoga brazzers</title>
		<link>https://adult.yamyhub.com/video/stepmom-diamond-foxxx-take-cock-jordi-during-yoga-brazzers/</link>
		
		<dc:creator><![CDATA[yamyhub]]></dc:creator>
		<pubDate>Wed, 23 Jun 2021 06:24:24 +0000</pubDate>
				<guid isPermaLink="false">https://adult.yamyhub.com/?post_type=video&#038;p=3454</guid>

					<description><![CDATA[<p>Stepmom Diamond foxxx take cock jordi during Yoga brazzers Brazzers stepmom porn video stepmom fuck during exercise diamond foxxx porn videos stepmom porn video yoga paint porn videos Jordi El Nino Polla porn video Jordi El Nino Polla fuck stepmom.</p>
<p>The post <a rel="nofollow" href="https://adult.yamyhub.com/video/stepmom-diamond-foxxx-take-cock-jordi-during-yoga-brazzers/">Stepmom Diamond foxxx take cock jordi during Yoga brazzers</a> appeared first on <a rel="nofollow" href="https://adult.yamyhub.com">Yamyhub</a>.</p>
]]></description>
										<content:encoded><![CDATA[<h2>Stepmom Diamond foxxx take cock jordi during Yoga brazzers</h2>
<p>Brazzers stepmom porn video stepmom fuck during exercise diamond foxxx porn videos stepmom porn video yoga paint porn videos Jordi El Nino Polla porn video Jordi El Nino Polla fuck stepmom.</p>
<p>The post <a rel="nofollow" href="https://adult.yamyhub.com/video/stepmom-diamond-foxxx-take-cock-jordi-during-yoga-brazzers/">Stepmom Diamond foxxx take cock jordi during Yoga brazzers</a> appeared first on <a rel="nofollow" href="https://adult.yamyhub.com">Yamyhub</a>.</p>
]]></content:encoded>
					
		
		
			</item>
		<item>
		<title>Emergency Squirter Brazzers Adriana Chechik Double penetration</title>
		<link>https://adult.yamyhub.com/video/emergency-squirter-brazzers-adriana-chechik-double-penetration/</link>
		
		<dc:creator><![CDATA[yamyhub]]></dc:creator>
		<pubDate>Tue, 22 Jun 2021 11:11:10 +0000</pubDate>
				<guid isPermaLink="false">https://adult.yamyhub.com/?post_type=video&#038;p=3446</guid>

					<description><![CDATA[<p>Emergency Squirter Brazzers Adriana Chechik Double penetration and squirt in bathroom Adriana Chechik Fucked double penetration in bathroom, Adriana Chechik anal porn video, Adriana Chechik squirt Adriana Chechik love anal. emergency squirter.</p>
<p>The post <a rel="nofollow" href="https://adult.yamyhub.com/video/emergency-squirter-brazzers-adriana-chechik-double-penetration/">Emergency Squirter Brazzers Adriana Chechik Double penetration</a> appeared first on <a rel="nofollow" href="https://adult.yamyhub.com">Yamyhub</a>.</p>
]]></description>
										<content:encoded><![CDATA[<h2>Emergency Squirter Brazzers Adriana Chechik Double penetration and squirt in bathroom</h2>
<p>Adriana Chechik Fucked double penetration in bathroom, Adriana Chechik anal porn video, Adriana Chechik squirt Adriana Chechik love anal. emergency squirter.</p>
<p>The post <a rel="nofollow" href="https://adult.yamyhub.com/video/emergency-squirter-brazzers-adriana-chechik-double-penetration/">Emergency Squirter Brazzers Adriana Chechik Double penetration</a> appeared first on <a rel="nofollow" href="https://adult.yamyhub.com">Yamyhub</a>.</p>
]]></content:encoded>
					
		
		
			</item>
		<item>
		<title>Abella danger lyra law &#038; Cherie DeVille have threesome lesbian sex</title>
		<link>https://adult.yamyhub.com/video/abella-danger-lyra-law-cherie-deville-have-threesome-lesbian-sex/</link>
		
		<dc:creator><![CDATA[yamyhub]]></dc:creator>
		<pubDate>Tue, 22 Jun 2021 06:31:18 +0000</pubDate>
				<guid isPermaLink="false">https://adult.yamyhub.com/?post_type=video&#038;p=3440</guid>

					<description><![CDATA[<p>Abella danger lyra law &#38; Cherie DeVille have threesome lesbian sex Abella danger fuck double penetration , abella danger porn videos abella danger strapon porn videos threesome lesbian porn videos Cherie DeVille strapon porn videos Cherie DeVille lesbian porn videos lyra law porn videos lyra law strapon porn videos lyra law lesbian porn videos. lyra [&#8230;]</p>
<p>The post <a rel="nofollow" href="https://adult.yamyhub.com/video/abella-danger-lyra-law-cherie-deville-have-threesome-lesbian-sex/">Abella danger lyra law &#038; Cherie DeVille have threesome lesbian sex</a> appeared first on <a rel="nofollow" href="https://adult.yamyhub.com">Yamyhub</a>.</p>
]]></description>
										<content:encoded><![CDATA[<h2>Abella danger lyra law &amp; Cherie DeVille have threesome lesbian sex</h2>
<p>Abella danger fuck double penetration , abella danger porn videos abella danger strapon porn videos threesome lesbian porn videos Cherie DeVille strapon porn videos Cherie DeVille lesbian porn videos lyra law porn videos lyra law strapon porn videos lyra law lesbian porn videos.</p>
<p>lyra law and Cherie DeVille fuck double penetration abella danger with strapon sex toys.</p>
<p>The post <a rel="nofollow" href="https://adult.yamyhub.com/video/abella-danger-lyra-law-cherie-deville-have-threesome-lesbian-sex/">Abella danger lyra law &#038; Cherie DeVille have threesome lesbian sex</a> appeared first on <a rel="nofollow" href="https://adult.yamyhub.com">Yamyhub</a>.</p>
]]></content:encoded>
					
		
		
			</item>
		<item>
		<title>Mia Khalifa all collection in one video, Mia khalifa porn videos</title>
		<link>https://adult.yamyhub.com/video/mia-khalifa-all-collection-in-one-video-mia-khalifa-porn-videos/</link>
		
		<dc:creator><![CDATA[yamyhub]]></dc:creator>
		<pubDate>Tue, 22 Jun 2021 03:16:50 +0000</pubDate>
				<guid isPermaLink="false">https://adult.yamyhub.com/?post_type=video&#038;p=3429</guid>

					<description><![CDATA[<p>Mia Khalifa all collection in one video, Mia khalifa porn videos Watch mia khalifa all video, all collection watch in one video mia khalifa all videos all collection of mia khalifa mia khalifa porn videos latest mia khalifa porn video mia khalifa porn.</p>
<p>The post <a rel="nofollow" href="https://adult.yamyhub.com/video/mia-khalifa-all-collection-in-one-video-mia-khalifa-porn-videos/">Mia Khalifa all collection in one video, Mia khalifa porn videos</a> appeared first on <a rel="nofollow" href="https://adult.yamyhub.com">Yamyhub</a>.</p>
]]></description>
										<content:encoded><![CDATA[<h2>Mia Khalifa all collection in one video, Mia khalifa porn videos</h2>
<p>Watch mia khalifa all video, all collection watch in one video mia khalifa all videos all collection of mia khalifa mia khalifa porn videos latest mia khalifa porn video mia khalifa porn.</p>
<p>The post <a rel="nofollow" href="https://adult.yamyhub.com/video/mia-khalifa-all-collection-in-one-video-mia-khalifa-porn-videos/">Mia Khalifa all collection in one video, Mia khalifa porn videos</a> appeared first on <a rel="nofollow" href="https://adult.yamyhub.com">Yamyhub</a>.</p>
]]></content:encoded>
					
		
		
			</item>
		<item>
		<title>Hot stepsister teens Karlee Gray &#038; Valentina Nappi Fucked</title>
		<link>https://adult.yamyhub.com/video/hot-stepsister-teens-karlee-gray-valentina-nappi-fucked/</link>
		
		<dc:creator><![CDATA[yamyhub]]></dc:creator>
		<pubDate>Sat, 19 Jun 2021 13:56:05 +0000</pubDate>
				<guid isPermaLink="false">https://adult.yamyhub.com/?post_type=video&#038;p=3407</guid>

					<description><![CDATA[<p>Hot stepsister teens Karlee Gray &#38; Valentina Nappi Fucked Hot stepsister Teens karlee gray and valentina nappi fucked hardcore on bedroom from Jessy Jones. Jessy jones big cock fuck two beautiful teen. big ass big tits big boobs teen fuck on bed. sandwich girl fucked. big ass porn videos. brazzers threesome porn videos. &#160;</p>
<p>The post <a rel="nofollow" href="https://adult.yamyhub.com/video/hot-stepsister-teens-karlee-gray-valentina-nappi-fucked/">Hot stepsister teens Karlee Gray &#038; Valentina Nappi Fucked</a> appeared first on <a rel="nofollow" href="https://adult.yamyhub.com">Yamyhub</a>.</p>
]]></description>
										<content:encoded><![CDATA[<h2>Hot stepsister teens Karlee Gray &amp; Valentina Nappi Fucked</h2>
<p>Hot stepsister Teens karlee gray and valentina nappi fucked hardcore on bedroom from Jessy Jones. Jessy jones big cock fuck two beautiful teen. big ass big tits big boobs teen fuck on bed. sandwich girl fucked. big ass porn videos. brazzers threesome porn videos.</p>
<p>&nbsp;</p>
<p>The post <a rel="nofollow" href="https://adult.yamyhub.com/video/hot-stepsister-teens-karlee-gray-valentina-nappi-fucked/">Hot stepsister teens Karlee Gray &#038; Valentina Nappi Fucked</a> appeared first on <a rel="nofollow" href="https://adult.yamyhub.com">Yamyhub</a>.</p>
]]></content:encoded>
					
		
		
			</item>
	</channel>
</rss>

0

