<?xml version="1.0" encoding="UTF-8"?><rss version="2.0"
	xmlns:content="http://purl.org/rss/1.0/modules/content/"
	xmlns:wfw="http://wellformedweb.org/CommentAPI/"
	xmlns:dc="http://purl.org/dc/elements/1.1/"
	xmlns:atom="http://www.w3.org/2005/Atom"
	xmlns:sy="http://purl.org/rss/1.0/modules/syndication/"
	xmlns:slash="http://purl.org/rss/1.0/modules/slash/"
	>

<channel>
	<title>Lena Paul &#8211; Yamyhub</title>
	<atom:link href="https://www.yamyhub.com/categories/lena-paul/feed/" rel="self" type="application/rss+xml" />
	<link>https://www.yamyhub.com</link>
	<description>Watch latest free HD Full length Porn video. Big ass, Big cock, MILF, Lesbian, Step sister and Step mother Porn videos. Yamyhub porn videos.</description>
	<lastBuildDate>Sun, 27 Jun 2021 04:06:30 +0000</lastBuildDate>
	<language>en-US</language>
	<sy:updatePeriod>
	hourly	</sy:updatePeriod>
	<sy:updateFrequency>
	1	</sy:updateFrequency>
	<generator>https://wordpress.org/?v=5.7.2</generator>

<image>
	<url>https://www.yamyhub.com/wp-content/uploads/2021/06/favicon.png</url>
	<title>Lena Paul &#8211; Yamyhub</title>
	<link>https://www.yamyhub.com</link>
	<width>32</width>
	<height>32</height>
</image> 
	<item>
		<title>Brunette Lesbians Lena Paul, Abigail Mac Eat Pussy School Sweetheart</title>
		<link>https://www.yamyhub.com/video/brunette-lesbians-lena-paul-abigail-mac-eat-pussy-school-sweetheart/</link>
		
		<dc:creator><![CDATA[yamyhub]]></dc:creator>
		<pubDate>Fri, 11 Jun 2021 04:05:21 +0000</pubDate>
				<guid isPermaLink="false">https://www.yamyhub.com/?post_type=video&#038;p=3295</guid>

					<description><![CDATA[<p>Brunette Lesbians Lena Paul, Abigail Mac Eat Pussy School Sweetheart Pornstar Babe Brunette Fingering Big Ass Lesbian Pussy Licking HD Porn Pornohub Sweetheart Schoolgirl Blowjob Mgvideos Porhub Big Boobs Romantic Big Tits  School Kissing Girl On Girl Teacher  Sissoring Pussy Licking Sweetheartvideo</p>
<p>The post <a rel="nofollow" href="https://www.yamyhub.com/video/brunette-lesbians-lena-paul-abigail-mac-eat-pussy-school-sweetheart/">Brunette Lesbians Lena Paul, Abigail Mac Eat Pussy School Sweetheart</a> appeared first on <a rel="nofollow" href="https://www.yamyhub.com">Yamyhub</a>.</p>
]]></description>
										<content:encoded><![CDATA[<h1>Brunette Lesbians Lena Paul, Abigail Mac Eat Pussy School Sweetheart</h1>
<p>Pornstar Babe Brunette Fingering Big Ass Lesbian Pussy Licking HD Porn</p>
<p>Pornohub Sweetheart Schoolgirl Blowjob Mgvideos Porhub Big Boobs Romantic Big Tits  School Kissing Girl On Girl Teacher  Sissoring Pussy Licking Sweetheartvideo</p>
<p>The post <a rel="nofollow" href="https://www.yamyhub.com/video/brunette-lesbians-lena-paul-abigail-mac-eat-pussy-school-sweetheart/">Brunette Lesbians Lena Paul, Abigail Mac Eat Pussy School Sweetheart</a> appeared first on <a rel="nofollow" href="https://www.yamyhub.com">Yamyhub</a>.</p>
]]></content:encoded>
					
		
		
			</item>
		<item>
		<title>Lena Paul and Abigail Mac Eating &#038; Grinding each Pussy BABES</title>
		<link>https://www.yamyhub.com/video/lena-paul-and-abigail-mac-eating-grinding-each-pussy-babes/</link>
		
		<dc:creator><![CDATA[yamyhub]]></dc:creator>
		<pubDate>Fri, 11 Jun 2021 03:33:33 +0000</pubDate>
				<guid isPermaLink="false">https://www.yamyhub.com/?post_type=video&#038;p=3291</guid>

					<description><![CDATA[<p>Lena Paul and Abigail Mac Eating &#38; Grinding each Pussy BABES Babe Pussy Licking Big Tits HD Porn Lesbian Pornstar  Scissoring In Lesbian Fingering Porhub Big Tits Babes.Com Babes Lesbian Sex Girl On Girl   Pussy Licking Clit Rubbing Scissoring Bedroom Brunette Babe Natural Tits Hot Chicks  Pornohub Mgvideos Big tits &#38; and big boobs babes lena [&#8230;]</p>
<p>The post <a rel="nofollow" href="https://www.yamyhub.com/video/lena-paul-and-abigail-mac-eating-grinding-each-pussy-babes/">Lena Paul and Abigail Mac Eating &#038; Grinding each Pussy BABES</a> appeared first on <a rel="nofollow" href="https://www.yamyhub.com">Yamyhub</a>.</p>
]]></description>
										<content:encoded><![CDATA[<h1>Lena Paul and Abigail Mac Eating &amp; Grinding each Pussy BABES</h1>
<p>Babe Pussy Licking Big Tits HD Porn Lesbian Pornstar  Scissoring In Lesbian Fingering</p>
<p>Porhub Big Tits Babes.Com Babes Lesbian Sex Girl On Girl   Pussy Licking Clit Rubbing Scissoring Bedroom Brunette Babe Natural Tits Hot Chicks  Pornohub Mgvideos</p>
<p>Big tits &amp; and big boobs babes lena paul and abigail mac Eating, fucking and grinding each other pussy on bed. lesbian porn videos. babes lesbian video.</p>
<p>The post <a rel="nofollow" href="https://www.yamyhub.com/video/lena-paul-and-abigail-mac-eating-grinding-each-pussy-babes/">Lena Paul and Abigail Mac Eating &#038; Grinding each Pussy BABES</a> appeared first on <a rel="nofollow" href="https://www.yamyhub.com">Yamyhub</a>.</p>
]]></content:encoded>
					
		
		
			</item>
	</channel>
</rss>
