2d92
<?xml version="1.0" encoding="UTF-8"?><rss version="2.0"
	xmlns:content="http://purl.org/rss/1.0/modules/content/"
	xmlns:wfw="http://wellformedweb.org/CommentAPI/"
	xmlns:dc="http://purl.org/dc/elements/1.1/"
	xmlns:atom="http://www.w3.org/2005/Atom"
	xmlns:sy="http://purl.org/rss/1.0/modules/syndication/"
	xmlns:slash="http://purl.org/rss/1.0/modules/slash/"
	>

<channel>
	<title>naughty America &#8211; Yamyhub</title>
	<atom:link href="https://www.yamyhub.com/categories/naughty-america/feed/" rel="self" type="application/rss+xml" />
	<link>https://www.yamyhub.com</link>
	<description>Watch latest free HD Full length Porn video. Big ass, Big cock, MILF, Lesbian, Step sister and Step mother Porn videos. Yamyhub porn videos.</description>
	<lastBuildDate>Sat, 17 Jul 2021 02:56:24 +0000</lastBuildDate>
	<language>en-US</language>
	<sy:updatePeriod>
	hourly	</sy:updatePeriod>
	<sy:updateFrequency>
	1	</sy:updateFrequency>
	<generator>https://wordpress.org/?v=5.7.2</generator>

<image>
	<url>https://www.yamyhub.com/wp-content/uploads/2021/06/favicon.png</url>
	<title>naughty America &#8211; Yamyhub</title>
	<link>https://www.yamyhub.com</link>
	<width>32</width>
	<height>32</height>
</image> 
	<item>
		<title>The car break down sex turns out Mom Alexis Fawx Nathan Bronson</title>
		<link>https://www.yamyhub.com/video/the-car-break-down-sex-turns-out-mom-alexis-fawx-nathan-bronson/</link>
		
		<dc:creator><![CDATA[yamyhub]]></dc:creator>
		<pubDate>Fri, 09 Jul 2021 13:53:29 +0000</pubDate>
				<guid isPermaLink="false">https://www.yamyhub.com/?post_type=video&#038;p=3566</guid>

					<description><![CDATA[<p>The car break down sex turns out Mom Alexis Fawx Nathan Bronson Naughty America Stepmom porn video Stepmom Alexis Fawx sex turns out with her son during car break down stepmom latest porn video yamyhub naughty America latest porn video stepmom porn video mom Alexis Fawx porn video Nathan Bronson porn video latest Nathan Bronson [&#8230;]</p>
<p>The post <a rel="nofollow" href="https://www.yamyhub.com/video/the-car-break-down-sex-turns-out-mom-alexis-fawx-nathan-bronson/">The car break down sex turns out Mom Alexis Fawx Nathan Bronson</a> appeared first on <a rel="nofollow" href="https://www.yamyhub.com">Yamyhub</a>.</p>
]]></description>
										<content:encoded><![CDATA[<h2>The car break down sex turns out Mom Alexis Fawx Nathan Bronson</h2>
<p>Naughty America Stepmom porn video Stepmom Alexis Fawx sex turns out with her son during car break down stepmom latest porn video yamyhub naughty America latest porn video stepmom porn video mom Alexis Fawx porn video Nathan Bronson porn video latest Nathan Bronson porn</p>
<p>The post <a rel="nofollow" href="https://www.yamyhub.com/video/the-car-break-down-sex-turns-out-mom-alexis-fawx-nathan-bronson/">The car break down sex turns out Mom Alexis Fawx Nathan Bronson</a> appeared first on <a rel="nofollow" href="https://www.yamyhub.com">Yamyhub</a>.</p>
]]></content:encoded>
					
		
		
			</item>
		<item>
		<title>Natasha Nice take computer repair cock in kitchen naughty America</title>
		<link>https://www.yamyhub.com/video/natasha-nice-take-computer-repair-cock-in-kitchen-naughty-america/</link>
		
		<dc:creator><![CDATA[yamyhub]]></dc:creator>
		<pubDate>Sun, 04 Jul 2021 03:05:43 +0000</pubDate>
				<guid isPermaLink="false">https://www.yamyhub.com/?post_type=video&#038;p=3522</guid>

					<description><![CDATA[<p>Natasha Nice take computer repair cock in kitchen naughty America Naughty America porn video Natasha nice take computer repair cock in her pussy and ass Natasha nice naughty America porn videos yamyhub Natasha nice porn video Natasha nice fuck in kitchen kitchen sex porn video sex video free</p>
<p>The post <a rel="nofollow" href="https://www.yamyhub.com/video/natasha-nice-take-computer-repair-cock-in-kitchen-naughty-america/">Natasha Nice take computer repair cock in kitchen naughty America</a> appeared first on <a rel="nofollow" href="https://www.yamyhub.com">Yamyhub</a>.</p>
]]></description>
										<content:encoded><![CDATA[<h2>Natasha Nice take computer repair cock in kitchen naughty America</h2>
<p>Naughty America porn video Natasha nice take computer repair cock in her pussy and ass Natasha nice naughty America porn videos yamyhub Natasha nice porn video Natasha nice fuck in kitchen kitchen sex porn video sex video free</p>
<p>The post <a rel="nofollow" href="https://www.yamyhub.com/video/natasha-nice-take-computer-repair-cock-in-kitchen-naughty-america/">Natasha Nice take computer repair cock in kitchen naughty America</a> appeared first on <a rel="nofollow" href="https://www.yamyhub.com">Yamyhub</a>.</p>
]]></content:encoded>
					
		
		
			</item>
		<item>
		<title>Big boobs &#038; big ass teacher Natasha nice fuck naughtyamerica</title>
		<link>https://www.yamyhub.com/video/big-boobs-big-ass-teacher-natasha-nice-fuck-naughtyamerica/</link>
		
		<dc:creator><![CDATA[yamyhub]]></dc:creator>
		<pubDate>Sun, 04 Jul 2021 02:49:49 +0000</pubDate>
				<guid isPermaLink="false">https://www.yamyhub.com/?post_type=video&#038;p=3520</guid>

					<description><![CDATA[<p>Big boobs &#38; big ass teacher Natasha nice fuck naughty America Naughty America school teacher porn video Big ass big boobs school teacher Natasha nice fuck from student during class yamyhub porn school teacher porn video Natasha nice porn video Natasha nice fuck from student Natasha nice fuck in school</p>
<p>The post <a rel="nofollow" href="https://www.yamyhub.com/video/big-boobs-big-ass-teacher-natasha-nice-fuck-naughtyamerica/">Big boobs &#038; big ass teacher Natasha nice fuck naughtyamerica</a> appeared first on <a rel="nofollow" href="https://www.yamyhub.com">Yamyhub</a>.</p>
]]></description>
										<content:encoded><![CDATA[<h2>Big boobs &amp; big ass teacher Natasha nice fuck naughty America</h2>
<p>Naughty America school teacher porn video Big ass big boobs school teacher Natasha nice fuck from student during class yamyhub porn school teacher porn video Natasha nice porn video Natasha nice fuck from student Natasha nice fuck in school</p>
<p>The post <a rel="nofollow" href="https://www.yamyhub.com/video/big-boobs-big-ass-teacher-natasha-nice-fuck-naughtyamerica/">Big boobs &#038; big ass teacher Natasha nice fuck naughtyamerica</a> appeared first on <a rel="nofollow" href="https://www.yamyhub.com">Yamyhub</a>.</p>
]]></content:encoded>
					
		
		
			</item>
		<item>
		<title>Plumber Fuck natural boobs blonde Natasha nice Naughtyamerica</title>
		<link>https://www.yamyhub.com/video/plumber-fuck-natural-boobs-blonde-natasha-nice-naughtyamerica/</link>
		
		<dc:creator><![CDATA[yamyhub]]></dc:creator>
		<pubDate>Sat, 03 Jul 2021 13:51:29 +0000</pubDate>
				<guid isPermaLink="false">https://www.yamyhub.com/?post_type=video&#038;p=3511</guid>

					<description><![CDATA[<p>Plumber Fuck natural boobs blonde Natasha nice Naughtyamerica Natural boobs Blonde Girl Porn video Plumber boy fuck natural big boobs girl Natasha Nice Naughtyamerica porn videos yamyhub porn naughtyamerica porn video blonde girl porn video big boobs porn video Natasha nice porn video Natasha nice big boobs</p>
<p>The post <a rel="nofollow" href="https://www.yamyhub.com/video/plumber-fuck-natural-boobs-blonde-natasha-nice-naughtyamerica/">Plumber Fuck natural boobs blonde Natasha nice Naughtyamerica</a> appeared first on <a rel="nofollow" href="https://www.yamyhub.com">Yamyhub</a>.</p>
]]></description>
										<content:encoded><![CDATA[<h2>Plumber Fuck natural boobs blonde Natasha nice Naughtyamerica</h2>
<p>Natural boobs Blonde Girl Porn video Plumber boy fuck natural big boobs girl Natasha Nice Naughtyamerica porn videos yamyhub porn naughtyamerica porn video blonde girl porn video big boobs porn video Natasha nice porn video Natasha nice big boobs</p>
<p>The post <a rel="nofollow" href="https://www.yamyhub.com/video/plumber-fuck-natural-boobs-blonde-natasha-nice-naughtyamerica/">Plumber Fuck natural boobs blonde Natasha nice Naughtyamerica</a> appeared first on <a rel="nofollow" href="https://www.yamyhub.com">Yamyhub</a>.</p>
]]></content:encoded>
					
		
		
			</item>
		<item>
		<title>Hot babe Dani Daniels riding cock in office Johnny sins</title>
		<link>https://www.yamyhub.com/video/hot-babe-dani-daniels-riding-cock-in-office-johnny-sins/</link>
		
		<dc:creator><![CDATA[yamyhub]]></dc:creator>
		<pubDate>Sat, 15 May 2021 01:57:32 +0000</pubDate>
				<guid isPermaLink="false">http://localhost/github/?post_type=video&#038;p=2871</guid>

					<description><![CDATA[<p>Hot babe Dani Daniels riding cock in office &#8211; Johnny sins, Naughty America, Dani Daniels, suck fuck busty big-tits naughty-america office panty hose hardcore blonde dani-daniels</p>
<p>The post <a rel="nofollow" href="https://www.yamyhub.com/video/hot-babe-dani-daniels-riding-cock-in-office-johnny-sins/">Hot babe Dani Daniels riding cock in office Johnny sins</a> appeared first on <a rel="nofollow" href="https://www.yamyhub.com">Yamyhub</a>.</p>
]]></description>
										<content:encoded><![CDATA[<p>Hot babe Dani Daniels riding cock in office &#8211; Johnny sins, Naughty America,</p>
<p>Dani Daniels, suck fuck busty big-tits naughty-america office panty hose hardcore blonde dani-daniels</p>
<p>The post <a rel="nofollow" href="https://www.yamyhub.com/video/hot-babe-dani-daniels-riding-cock-in-office-johnny-sins/">Hot babe Dani Daniels riding cock in office Johnny sins</a> appeared first on <a rel="nofollow" href="https://www.yamyhub.com">Yamyhub</a>.</p>
]]></content:encoded>
					
		
		
			</item>
		<item>
		<title>Hot teacher fucked Student, Alexis Texas, naughty America</title>
		<link>https://www.yamyhub.com/video/hot-big-ass-teacher-fucked-hardcore-student-alexis-texas-naughtyamerica/</link>
		
		<dc:creator><![CDATA[yamyhub]]></dc:creator>
		<pubDate>Wed, 12 May 2021 10:01:10 +0000</pubDate>
				<guid isPermaLink="false">http://localhost/github/?post_type=video&#038;p=2831</guid>

					<description><![CDATA[<p>School teacher alexis texas hot teacher alexis texas Hot Big ass teacher Alexis Texas fucked Hardcore by Student Alexis Texas Porn videos Full HD, Watch latest New, Full HD porn videos of naughty America, Porn video big ass Alexis Fucked Hardcore Big cock &#8211; Alexis Texas &#8211; naughty America Here You Watch more Porn videos [&#8230;]</p>
<p>The post <a rel="nofollow" href="https://www.yamyhub.com/video/hot-big-ass-teacher-fucked-hardcore-student-alexis-texas-naughtyamerica/">Hot teacher fucked Student, Alexis Texas, naughty America</a> appeared first on <a rel="nofollow" href="https://www.yamyhub.com">Yamyhub</a>.</p>
]]></description>
										<content:encoded><![CDATA[<h4>School teacher alexis texas</h4>
<p>hot teacher alexis texas</p>
<p>Hot Big ass teacher Alexis Texas fucked Hardcore by Student</p>
<p>Alexis Texas Porn videos Full HD, Watch latest New, Full HD porn videos of naughty America, Porn video</p>
<p>big ass Alexis Fucked Hardcore Big cock &#8211; Alexis Texas &#8211; naughty America</p>
<p>Here You Watch more Porn videos of Alexis Texas</p>
<p>Alexis Texas Cumshot, Big Ass Pornstar, Big ass porn video, big tits porn, Alexis Texas porn,  HD Porn Teen Hot Hardcore Blonde girlfriend</p>
<p>Watch more Naughty America porn videos</p>
<p>&nbsp;</p>
<p>The post <a rel="nofollow" href="https://www.yamyhub.com/video/hot-big-ass-teacher-fucked-hardcore-student-alexis-texas-naughtyamerica/">Hot teacher fucked Student, Alexis Texas, naughty America</a> appeared first on <a rel="nofollow" href="https://www.yamyhub.com">Yamyhub</a>.</p>
]]></content:encoded>
					
		
		
			</item>
	</channel>
</rss>

0

